REGION_DE_NAISSANCE,CREDIT,NIVEAU,SESSION,MENTION,MOYENNE ANNUELLE,RESULTAT,RESULTAT APP EVALUATION,Année BAC,Sexe,Série,Ets. de provenance,Type candidature,Académie de l'Ets. Prov.,Résidence,Centre d'Ec.,Nbre Fois au BAC,Mention,Résultat,Groupe Résultat,Année de l'Extrait EC,Moy. nde,Moy. ère,Moy. S Term.,Moy. S Term..1,MATH,SCPH,FR,PHILO,AN,SVT,COME,AFTA,EPAT,Tot. Pts au Grp.,Moyenne au Grp.,Moy. Gle,Moy. sur Mat.Fond.,Age en Décembre 2018,Score DAP,Rang DAP,Score L1,Rang L1,S1,S2,S3,Homme,Femme,Série_Encode,Sexe_Encode,RESULTAT_Encode,SESSION_Encode,MENTION_Encode,Academie perf.,Residence perf.,Résidence_Encode,Ets. de provenance_Encode,Centre d'Ec._Encode,Académie de l'Ets. Prov._Encode,REGION_DE_NAISSANCE_Encode
 Louga,10,1,Deuxième Session,NULL,3.78,NON ADMIS,1,2018,M,S2,LYCEE DE MBAO,O,Académie de Pikine - Guédiawaye,MBAO,ECOLE ELEMENTAIRE LGI MBAO,2,Pass,ADM,2,2006,10.52,10.01,11.33,9.17,9,12,12,6,5,9,0.0,0.0,0.0,245,9.42,11.96,12.88,20,153.9,538,3.78,904,0,1,0,1,0,1,1,0,0,4,10.529097744360902,10.765172413793103,74,200,23,9,5
 Saint-Louis,35,1,Deuxième Session,NULL,8.17,NON ADMIS,1,2018,M,S2,LYCEE CHARLES DEGAULLE,O,Académie de Saint - Louis,SAINT LOUIS,LYCEE TECHNIQUE ANDRE PEYTAVIN,2,Pass,ADM,2,2003,0.0,0.0,0.0,0.0,10,13,11,9,3,6,0.0,0.0,0.0,249,9.58,10.0,10.29,23,168.15,272,8.17,607,0,1,0,1,0,1,1,0,0,4,10.754035087719299,10.278,121,127,175,11,7
 Matam,45,1,Deuxième Session,NULL,9.61,AUTORISE,1,2018,M,S2,LYCEE DE THILOGNE,O,Académie de Matam,THILOGNE,LYCEE DE THILOGNE,1,Pass,ADM,1,1999,12.36,13.5,13.41,13.57,8,13,10,10,10,10,0.0,0.0,0.0,276,10.62,10.62,10.47,20,165.0,329,9.61,412,0,1,0,1,0,1,1,1,0,4,10.74148148148148,10.385,143,267,140,8,6
 Thiès,14,1,Deuxième Session,NULL,7.52,NON ADMIS,1,2018,M,S2,LYCEE DE MEDINA FALL,O,Académie de Thiès,THIES,LYCEE D' ENSEIGNEMENT TECHNIQUE ET DE FORMATION PR,2,Pass,ADM,1,2003,11.35,11.36,12.25,11.19,10,10,11,11,8,10,0.0,0.0,0.0,260,10.0,10.0,10.0,22,142.5,790,7.52,680,0,1,0,1,0,1,1,0,0,4,10.54970588235294,10.443461538461538,142,204,34,14,9
 Thiès,5,1,Deuxième Session,NULL,3.5,NON ADMIS,1,2018,M,S2,LYCEE DE FAHU II,O,Académie de Thiès,THIES,CEM MAMADOU DIAW THIES,1,Pass,ADM,1,2000,13.42,11.59,11.15,11.59,13,10,9,11,17,6,0.0,0.0,0.0,260,10.0,10.0,9.47,18,178.0,166,3.5,920,0,1,0,1,0,1,1,0,0,4,10.54970588235294,10.443461538461538,142,166,10,14,9
 Thiès,21,1,Deuxième Session,NULL,8.29,NON ADMIS,1,2018,M,S2,LYCEE CHEIKH MOURATH NDAO,O,Académie de Thiès,MEKHE,CEM  CHEIKH MOURATH NDAO DE MEKHE,1,Pass,ADM,2,2009,10.0,12.16,10.19,10.33,12,9,5,7,4,6,0.0,0.0,0.0,208,8.0,10.65,12.35,19,163.0,345,8.29,595,0,1,0,1,0,1,1,0,0,4,10.54970588235294,10.262727272727274,80,130,0,14,9
 Dakar,30,1,Deuxième Session,NULL,8.2,NON ADMIS,1,2018,M,S2,LYCEE VALDIODIO NDIAYE,O,Académie de Kaolack,KAOLACK,COLLEGE PRIVE MBOUTOU SOW,2,Pass,ADM,1,1999,11.17,9.67,11.75,10.08,10,15,11,5,9,7,0.0,0.0,0.0,260,10.0,10.0,10.71,19,194.75,63,8.2,603,0,1,0,1,0,1,1,0,0,4,10.556461538461537,10.403962264150943,52,322,17,4,0
 Dakar,45,1,Deuxième Session,NULL,9.99,AUTORISE,1,2018,M,S2,LYCEE DE THIAROYE,O,Académie de Pikine - Guédiawaye,PIKINE,LYCEE DE THIAROYE,2,Pass,ADM,2,2015,11.58,12.32,9.69,10.35,9,14,7,4,6,4,0.0,0.0,0.0,216,8.31,10.0,10.76,20,171.0,236,9.99,366,0,1,0,1,0,1,1,1,0,4,10.529097744360902,10.27,113,264,139,9,0
 Thiès,50,1,Deuxième Session,NULL,9.63,AUTORISE,1,2018,M,S2,LYCEE ABABACAR SY,O,Académie de Thiès,TIVAOUANE,LYCEE ABABACAR SY,2,Pass,ADM,2,2009,11.95,11.85,10.38,9.85,6,13,7,8,10,8,0.0,0.0,0.0,243,9.35,11.19,11.47,20,145.35,724,9.63,409,0,1,0,1,0,1,1,1,0,4,10.54970588235294,10.565833333333332,145,112,26,14,9
 Kolda,14,1,Deuxième Session,NULL,7.21,NON ADMIS,1,2018,M,S2,LYCEE ALPHA MOLO BALDE,O,Académie de Kolda,KOLDA,LYCEE ALPHA MOLO BALDE,2,Pass,ADM,1,2004,14.7,11.68,10.67,10.74,9,12,10,14,5,7,0.0,0.0,0.0,260,10.0,10.0,9.35,21,153.9,538,7.21,715,0,1,0,1,0,1,1,0,0,4,10.615862068965518,10.507222222222222,60,118,29,5,4
 Thiès,25,1,Deuxième Session,NULL,8.32,NON ADMIS,1,2018,F,S2,LYCEE DE MBORO,O,Académie de Thiès,MBORO,LYCEE DE MBORO,2,Pass,ADM,2,1997,10.47,10.27,8.47,8.6,8,11,12,7,9,8,0.0,0.0,0.0,234,9.0,10.77,11.65,21,139.65,852,8.32,592,0,1,0,0,1,1,0,0,0,4,10.54970588235294,10.43,75,202,89,14,9
 Ziguinchor,60,1,Deuxième Session,Passable,10.29,PASSE,1,2018,M,S2,CANDIDAT INDIVIDUEL ZIGUINCHOR (CAOSP),I,Académie de Ziguinchor,ZIGUINCHOR,COLLEGE SAINT CHARLES LWANGA,2,Pass,ADM,2,2009,0.0,0.0,0.0,0.0,13,13,8,4,5,5,0.0,0.0,0.0,231,8.88,10.27,11.94,21,185.25,114,10.29,298,0,1,0,1,0,1,1,2,0,0,10.648571428571428,10.55111111111111,153,15,18,15,10
Sédhiou,25,1,Deuxième Session,NULL,7.9,NON ADMIS,1,2018,M,S2,LYCEE DE TANAFF,O,Académie de Sédhiou,TANAFF,LYCEE DE TANAFF,3,Pass,ADM,2,2001,0.0,0.0,0.0,0.0,8,10,7,8,5,10,0.0,0.0,0.0,219,8.42,11.19,12.82,21,124.2,1025,7.9,638,0,1,0,1,0,1,1,0,0,4,10.52925925925926,10.862,137,259,135,12,14
 Diourbel,46,1,Deuxième Session,NULL,8.47,AUTORISE,1,2018,F,S2,LYCEE DE OUROSSOGUI,O,Académie de Matam,OUROSSOGUI,LYCEE DE OUROSSOGUI,1,Pass,ADM,2,2000,12.41,10.25,10.01,11.45,12,9,12,5,7,3,0.0,0.0,0.0,214,8.23,11.15,11.65,19,163.0,345,8.47,569,0,1,0,0,1,1,0,1,0,4,10.74148148148148,10.793333333333335,106,234,114,8,1
 Kaolack,10,1,Deuxième Session,NULL,3.5,NON ADMIS,1,2018,M,S2,ECOLE PRIVEE LA REFERENCE XAM XAMLE,O,Académie de Kaolack,KAOLACK,COLLEGE PIE XII,3,Pass,ADM,1,2007,11.14,10.49,10.11,12.46,11,11,14,6,10,6,0.0,0.0,0.0,260,10.0,10.0,9.24,22,148.5,670,3.5,920,0,1,0,1,0,1,1,0,0,4,10.556461538461537,10.403962264150943,52,71,16,4,3
 Diourbel,60,1,Deuxième Session,Assez-Bien,12.2,PASSE,1,2018,M,S2,LYCEE SERIGNE MOUHAMADOU MOUSTAPHA MBACKE DE TAIF,O,Académie de Diourbel,TAIF,LYCEE SERIGNE MOUHAMADOU MOUSTAPHA MBACKE DE TAIF,1,Pass,ADM,2,2011,13.52,13.43,12.16,12.65,11,11,5,3,6,9,0.0,0.0,0.0,219,8.42,11.38,13.94,19,175.0,192,12.2,113,0,1,0,1,0,1,1,2,0,1,10.45184210526316,10.905714285714286,135,317,172,1,1
 Kolda,50,1,Deuxième Session,NULL,9.93,AUTORISE,1,2018,M,S2,LYCEE ALPHA MOLO BALDE,O,Académie de Kolda,KOLDA,LYCEE ALPHA MOLO BALDE,2,Pass,ADM,2,2010,13.67,10.01,10.03,10.3,9,9,6,10,9,5,0.0,0.0,0.0,213,8.19,10.04,9.35,19,137.75,887,9.93,374,0,1,0,1,0,1,1,1,0,4,10.615862068965518,10.507222222222222,60,118,29,5,4
 Diourbel,45,1,Deuxième Session,NULL,9.7,AUTORISE,1,2018,F,S2,LYCEE DE NGASCOPE,O,Académie de Diourbel,NGOYE,LYCEE DE NGOYE,2,Pass,ADM,2,1995,11.58,10.54,10.83,10.26,9,11,7,8,4,10,0.0,0.0,0.0,228,8.77,10.5,11.82,23,145.35,724,9.7,396,0,1,0,0,1,1,0,1,0,4,10.45184210526316,10.527142857142858,96,220,106,1,1
 Dakar,40,1,Deuxième Session,NULL,9.55,NON ADMIS,1,2018,F,S2,CANDIDAT INDIVIDUEL DAKAR (LEBRET),I,Académie de Dakar,DAKAR,LYCEE LAMINE GUEYE,2,Pass,ADM,1,1996,0.0,0.0,0.0,0.0,14,11,13,12,9,6,0.0,0.0,0.0,269,10.35,10.35,10.12,22,173.85,207,9.55,419,0,1,0,0,1,1,0,0,0,4,10.570365853658537,10.612075471698114,17,2,154,0,0
 Kaolack,60,1,Première Session,Passable,10.92,PASSE,1,2018,M,S2,LYCEE DE KAHONE,O,Académie de Kaolack,KAHONE,LYCEE DE KAHONE,2,Pass,ADM,2,2010,12.34,9.9,8.56,8.86,11,10,7,9,6,7,0.0,0.0,0.0,226,8.69,11.81,13.47,20,148.2,679,110.92,67,0,1,0,1,0,1,1,2,1,0,10.556461538461537,10.892,50,178,72,4,3
 Diourbel,26,1,Deuxième Session,NULL,6.79,NON ADMIS,1,2018,M,S2,LYCEE DE MBACKE,O,Académie de Diourbel,MBACKE,LYCEE DE MBACKE,2,Pass,ADM,1,2010,9.91,10.58,12.68,12.65,8,12,12,10,8,10,0.0,0.0,0.0,271,10.42,10.42,10.12,20,148.2,679,6.79,757,0,1,0,1,0,1,1,0,0,4,10.45184210526316,10.248947368421051,73,199,87,1,1
 Diourbel,60,1,Première Session,Passable,10.06,PASSE,1,2018,M,S2,LYCEE DE GATE,O,Académie de Diourbel,GATE,LYCEE DE GATE,1,Pass,ADM,1,2004,13.83,14.02,10.71,10.71,15,10,12,4,10,5,0.0,0.0,0.0,260,10.0,10.0,9.71,19,190.0,81,110.06,97,0,1,0,1,0,1,1,2,1,0,10.45184210526316,10.506,39,172,67,1,1
 Matam,60,1,Deuxième Session,Passable,10.82,PASSE,1,2018,M,S2,LYCEE DE NGUIDJILONE,O,Académie de Matam,NGUIDJILONE,LYCEE DE NGUIDJILONE,1,Pass,ADM,2,1999,13.07,12.7,12.81,11.92,9,10,5,7,9,6,0.0,0.0,0.0,209,8.04,10.12,9.71,19,154.0,523,10.82,218,0,1,0,1,0,1,1,2,0,0,10.74148148148148,10.12,100,227,110,8,6
 Dakar,26,1,Deuxième Session,NULL,8.74,NON ADMIS,1,2018,M,S2,LYCEE DE POUT,O,Académie de Thiès,POUT,LYCEE DE POUT,1,Pass,ADM,2,2010,0.0,0.0,0.0,0.0,10,10,11,6,6,8,0.0,0.0,0.0,228,8.77,11.54,13.53,20,150.0,643,8.74,535,0,1,0,1,0,1,1,0,0,4,10.54970588235294,10.49,117,244,121,14,0
 Kaolack,10,1,Deuxième Session,NULL,3.53,NON ADMIS,1,2018,M,S2,LYCEE ALINE SITOE DIATTA,O,Académie de Ziguinchor,OUSSOUYE,LYCEE ALINE SITOE DIATTA,2,Pass,ADM,2,1997,0.0,0.0,0.0,0.0,10,10,11,10,7,7,0.0,0.0,0.0,246,9.46,11.0,10.35,21,142.5,790,3.53,919,0,1,0,1,0,1,1,0,0,4,10.648571428571428,10.831999999999999,107,117,28,15,3
 Saint-Louis,30,1,Deuxième Session,NULL,8.48,NON ADMIS,1,2018,F,S2,LYCEE BABA DIONGUE,O,Académie de Saint - Louis,PODOR,LYCEE BABA DIONGUE,1,Pass,ADM,1,2009,13.58,10.52,11.75,10.32,12,11,10,8,7,8,0.0,0.0,0.0,260,10.0,10.0,10.24,18,181.0,138,8.48,568,0,1,0,0,1,1,0,0,0,4,10.754035087719299,10.542857142857143,115,119,30,11,7
 Fatick,10,1,Deuxième Session,NULL,5.01,NON ADMIS,1,2018,F,S2,ECOLE PRIVEE ACADEMICA,O,Académie de Thiès,MBOUR,COMPLEXE SCOLAIRE INTERN-KEUR MADIOR,3,Pass,ADM,2,2003,9.89,11.74,10.61,10.2,11,10,10,7,7,4,0.0,0.0,0.0,224,8.62,11.27,11.71,24,140.4,840,5.01,853,0,1,0,0,1,1,0,0,0,4,10.54970588235294,10.625599999999999,77,51,20,14,2
 Louga,10,1,Deuxième Session,NULL,3.72,NON ADMIS,1,2018,F,S2,NOUVEAU LYCEE DE DAHRA ,O,Académie de Louga,DAHRA,LYCEE DE DAHRA,2,Pass,ADM,2,1995,9.21,9.6,11.07,11.5,8,11,8,5,9,7,0.0,0.0,0.0,212,8.15,10.77,12.12,23,139.65,852,3.72,908,0,1,0,0,1,1,0,0,0,4,10.600980392156861,10.696666666666665,16,325,52,7,5
Sédhiou,26,1,Deuxième Session,NULL,7.64,NON ADMIS,1,2018,M,S2,LYCEE BLAISE DIAGNE,O,Académie de Dakar,DAKAR,LYCEE TECHNIQUE INDUSTRIEL DELAFOSSE,1,Pass,ADM,2,2005,12.3,11.79,9.83,10.62,7,10,12,6,11,7,0.0,0.0,0.0,222,8.54,10.81,10.82,20,132.0,971,7.64,667,0,1,0,1,0,1,1,0,0,4,10.570365853658537,10.612075471698114,17,122,177,0,14
 Dakar,0,1,Deuxième Session,NULL,0.45,NON ADMIS,1,2018,M,S2,ECOLE PRIVEE GENERATION 2000,O,Académie de Rufisque,BARGNY,LYCEE DE BARGNY,1,Pass,ADM,2,1998,12.74,11.49,9.27,11.11,6,12,10,10,9,6,0.0,0.0,0.0,228,8.77,10.08,9.06,20,144.0,760,0.45,1017,0,1,0,1,0,1,1,0,0,4,10.276041666666666,10.186,6,63,42,10,0
 Fatick,10,1,Deuxième Session,NULL,5.97,NON ADMIS,1,2018,M,S2,ECOLE PRIVEE LES GENIES DU GUETH,O,Académie de Louga,KEBEMER,LYCEE MACODOU KANGUE SALL,3,Pass,ADM,1,1996,9.7,9.64,12.02,10.99,11,12,5,9,8,11,0.0,0.0,0.0,260,10.0,10.0,11.35,22,156.6,508,5.97,809,0,1,0,1,0,1,1,0,0,4,10.600980392156861,10.82,54,78,158,7,2
 Kaolack,35,1,Deuxième Session,NULL,7.24,NON ADMIS,1,2018,M,S2,LYCEE SAMBA DIONE DE GANDIAYE,O,Académie de Kaolack,GANDIAYE,LYCEE SAMBA DIONE DE GANDIAYE,3,Pass,ADM,2,2006,11.04,9.75,12.57,10.81,14,8,9,6,5,6,0.0,0.0,0.0,228,8.77,12.08,13.65,20,140.4,840,7.24,713,0,1,0,1,0,1,1,0,0,4,10.556461538461537,10.765,37,312,168,4,3
 Diourbel,21,1,Deuxième Session,NULL,6.18,NON ADMIS,1,2018,F,S2,ECOLE PRIVEE MANDELA MADIBA,O,Académie de Diourbel,DIOURBEL,LYCEE D'ENSEIGNEMENT GENERAL DE DIOURBEL,4,Pass,ADM,1,2001,11.46,10.37,9.35,11.09,15,10,10,6,10,7,0.0,0.0,0.0,260,10.0,10.0,10.41,23,153.0,575,6.18,800,0,1,0,0,1,1,0,0,0,4,10.45184210526316,10.391739130434782,27,83,35,1,1
 Kaolack,20,1,Deuxième Session,NULL,6.82,NON ADMIS,1,2018,F,S2,CANDIDAT INDIVIDUEL KAFFRINE (CAOSP),I,Académie de Kaffrine,KAFFRINE,LYCEE BABACAR COBAR NDAW,4,Pass,ADM,1,2006,0.0,0.0,0.0,0.0,17,10,6,7,6,8,0.0,0.0,0.0,260,10.0,10.0,11.35,24,163.2,343,6.82,754,0,1,0,0,1,1,0,0,0,4,10.78076923076923,10.305,48,7,31,3,3
 Thiès,5,1,Deuxième Session,NULL,4.04,NON ADMIS,1,2018,M,S2,LYCEE DE FAHU II,O,Académie de Thiès,THIES,ECOLE ELEMENTAIRE GERMAINE LE GOFF DE THIES,2,Pass,ADM,2,2009,12.58,10.27,10.28,10.27,10,12,10,11,8,5,0.0,0.0,0.0,229,8.81,11.46,12.12,20,159.6,429,4.04,891,0,1,0,1,0,1,1,0,0,4,10.54970588235294,10.443461538461538,142,166,22,14,9
 Dakar,60,1,Première Session,Passable,11.64,PASSE,1,2018,M,S2,ECOLE CATHOLIQUE COLLEGE SAINT PIERRE,O,Académie de Dakar,DAKAR,UNIVERSITE AMADOU HAMPATE BA,1,Pass,ADM,1,1999,11.5,11.13,11.66,12.41,12,13,8,10,4,8,0.0,0.0,0.0,260,10.0,10.0,10.94,19,199.0,44,111.64,40,0,1,0,1,0,1,1,2,1,0,10.570365853658537,10.612075471698114,17,41,181,0,0
 Kolda,41,1,Deuxième Session,NULL,8.79,NON ADMIS,1,2018,M,S2,LYCEE DE MAMPATIM,O,Académie de Kolda,DABO,LYCEE DE DABO,2,Pass,ADM,2,2006,10.24,12.43,11.27,12.12,7,12,11,10,5,6,0.0,0.0,0.0,230,8.85,10.0,10.18,19,152.0,589,8.79,526,0,1,0,1,0,1,1,0,0,4,10.615862068965518,10.49,14,196,51,5,4
 Thiès,60,1,Première Session,Passable,11.3,PASSE,1,2018,M,S2,LYCEE ABABACAR SY,O,Académie de Thiès,TIVAOUANE,LYCEE ABABACAR SY,1,Pass,ADM,2,1999,11.33,9.76,9.85,10.74,8,11,12,7,8,4,0.0,0.0,0.0,222,8.54,10.35,10.29,19,157.0,474,111.3,50,0,1,0,1,0,1,1,2,1,0,10.54970588235294,10.565833333333332,145,112,26,14,9
 Fatick,35,1,Deuxième Session,NULL,8.61,NON ADMIS,1,2018,M,S2,LYCEE DE THIARE NDIALGUI,O,Académie de Fatick,THIARE NDIALGUI,LYCEE DE THIARE NDIALGUI,3,Pass,ADM,1,2006,9.74,8.98,12.07,12.76,12,14,8,6,12,7,0.0,0.0,0.0,269,10.35,10.35,10.94,22,178.20000000000002,164,8.61,551,0,1,0,1,0,1,1,0,0,4,10.526071428571429,10.175,141,263,138,2,2
 Fatick,25,1,Deuxième Session,NULL,8.14,NON ADMIS,1,2018,M,S2,ECOLE PRIVEE LEOPOLD SEDAR SENGHOR,O,Académie de Rufisque,RUFISQUE,LYCEE MODERNE DE RUFISQUE,5,Pass,ADM,2,2004,9.84,10.41,11.04,10.16,10,12,8,6,8,3,0.0,0.0,0.0,218,8.38,10.0,10.18,24,142.79999999999998,783,8.14,612,0,1,0,1,0,1,1,0,0,4,10.276041666666666,10.287826086956523,120,76,165,10,2
 Thiès,60,1,Deuxième Session,Passable,10.53,PASSE,1,2018,M,S2,LYCEE MALICK SY,O,Académie de Thiès,THIES,COLLEGE SAINT GABRIEL,1,Pass,ADM,1,2011,12.73,12.25,11.22,11.9,16,11,11,7,9,5,0.0,0.0,0.0,260,10.0,10.0,10.35,20,195.0,60,10.53,263,0,1,0,1,0,1,1,2,0,0,10.54970588235294,10.443461538461538,142,301,19,14,9
 Dakar,21,1,Deuxième Session,NULL,7.84,NON ADMIS,1,2018,M,S2,CANDIDAT INDIVIDUEL THIES (ACAPES),I,Académie de Thiès,THIES,LYCEE D' ENSEIGNEMENT TECHNIQUE ET DE FORMATION PR,4,Pass,ADM,2,2003,0.0,0.0,0.0,0.0,13,10,9,8,5,5,0.0,0.0,0.0,225,8.65,11.19,12.65,22,142.79999999999998,783,7.84,644,0,1,0,1,0,1,1,0,0,4,10.54970588235294,10.443461538461538,142,13,34,14,0
 Fatick,60,1,Deuxième Session,Passable,11.42,PASSE,1,2018,M,S2,LYCEE DE PASSY,O,Académie de Fatick,PASSY,LYCEE DE PASSY,2,Pass,ADM,2,2010,11.28,11.3,11.53,11.68,8,12,13,6,7,8,0.0,0.0,0.0,245,9.42,11.15,11.12,19,157.7,468,11.42,151,0,1,0,1,0,1,1,2,0,0,10.526071428571429,10.546000000000001,109,237,116,2,2
 Ziguinchor,19,1,Deuxième Session,NULL,7.52,NON ADMIS,1,2018,F,S2,COLLEGE SAINT CHARLES LWANGA,O,Académie de Ziguinchor,ZIGUINCHOR,COLLEGE SAINT CHARLES LWANGA,1,Pass,ADM,1,1999,13.78,13.11,11.99,12.18,9,10,12,14,10,9,0.0,0.0,0.0,276,10.62,10.62,9.35,19,154.0,523,7.52,680,0,1,0,0,1,1,0,0,0,4,10.648571428571428,10.55111111111111,153,22,18,15,10
 Thiès,6,1,Deuxième Session,NULL,3.55,NON ADMIS,1,2018,M,S2,COURS PRIVES GESTU XAM XAM,O,Académie de Thiès,THIES,LYCEE D' ENSEIGNEMENT TECHNIQUE ET DE FORMATION PR,7,Pass,ADM,2,2005,9.63,9.28,8.29,8.27,12,8,9,7,7,6,0.0,0.0,0.0,218,8.38,11.38,12.71,24,122.39999999999999,1034,3.55,917,0,1,0,1,0,1,1,0,0,4,10.54970588235294,10.443461538461538,142,30,34,14,9
 Kaolack,45,1,Deuxième Session,NULL,9.06,AUTORISE,1,2018,M,S2,LYCEE DE NDOFFANE,O,Académie de Kaolack,NDOFFANE,LYCEE DE NDOFFANE,3,Pass,ADM,1,2008,12.57,11.19,10.88,10.95,13,9,7,13,12,7,0.0,0.0,0.0,260,10.0,10.0,9.47,22,143.1,768,9.06,495,0,1,0,1,0,1,1,1,0,4,10.556461538461537,10.984,89,215,100,4,3
 Diourbel,60,1,Deuxième Session,Passable,11.41,PASSE,1,2018,M,S2,LYCEE DE BAMBEY SERERE,O,Académie de Diourbel,BAMBEY SERERE,LYCEE DE BAMBEY SERERE,1,Pass,ADM,1,2010,9.67,12.93,11.89,12.43,9,10,13,8,9,10,0.0,0.0,0.0,263,10.12,10.12,9.71,19,154.0,523,11.41,152,0,1,0,1,0,1,1,2,0,0,10.45184210526316,10.831999999999999,5,144,41,1,1
 Kaolack,40,1,Deuxième Session,NULL,9.36,NON ADMIS,1,2018,M,S2,LYCEE DE NGATHIE NAOUDE,O,Académie de Kaolack,KAHONE,LYCEE DE KAHONE,3,Pass,ADM,2,2004,0.0,0.0,7.41,6.68,14,11,7,12,7,7,0.0,0.0,0.0,249,9.58,11.88,13.65,22,164.70000000000002,340,9.36,454,0,1,0,1,0,1,1,0,0,4,10.556461538461537,10.892,50,221,72,4,3
 Diourbel,10,1,Deuxième Session,NULL,4.19,NON ADMIS,1,2018,M,S2,ECOLE PRIVEE SERIGNE SOHIBOU MBACKE,O,Académie de Diourbel,DIOURBEL,LYCEE TECHNIQUE AMADOU BAMBA,3,Pass,ADM,2,1994,9.04,9.33,7.72,8.83,13,10,9,10,3,5,0.0,0.0,0.0,225,8.65,10.88,11.94,25,151.20000000000002,594,4.19,886,0,1,0,1,0,1,1,0,0,4,10.45184210526316,10.391739130434782,27,89,174,1,1
 Fatick,35,1,Deuxième Session,NULL,9.39,NON ADMIS,1,2018,M,S2,LYCEE DE OUAKAM,O,Académie de Dakar,DAKAR,UNIVERSITE AMADOU HAMPATE BA,2,Pass,ADM,2,2009,10.12,10.52,12.02,11.91,16,10,10,6,3,5,0.0,0.0,0.0,242,9.31,14.0,16.35,21,176.7,182,9.39,445,0,1,0,1,0,1,1,0,0,4,10.570365853658537,10.612075471698114,17,233,181,0,2
 Fatick,5,1,Deuxième Session,NULL,4.62,NON ADMIS,1,2018,M,S2,LYCEE KHAR KANE,O,Académie de Fatick,GOSSAS,LYCEE KHAR KANE,1,Pass,ADM,2,1999,12.56,11.62,11.16,11.05,11,13,6,7,7,4,0.0,0.0,0.0,223,8.58,10.19,10.29,19,193.0,67,4.62,872,0,1,0,1,0,1,1,0,0,4,10.526071428571429,10.618888888888888,40,292,153,2,2
 Ziguinchor,0,1,Deuxième Session,NULL,2.43,NON ADMIS,1,2018,M,S2,LYCEE EL HADJI OMAR LAMINE BADJI DE DJIBOCK,O,Académie de Ziguinchor,ZIGUINCHOR,COLLEGE SAINT CHARLES LWANGA,2,Pass,ADM,2,1998,10.86,10.57,10.02,10.22,7,11,7,10,12,3,0.0,0.0,0.0,208,8.0,11.23,10.53,20,133.95,946,2.43,960,0,1,0,1,0,1,1,0,0,4,10.648571428571428,10.55111111111111,153,284,18,15,10
 Dakar,34,1,Deuxième Session,NULL,8.06,NON ADMIS,1,2018,M,S2,LYCEE SEYDINA LIMAMOULAYE,O,Académie de Pikine - Guédiawaye,GUEDIAWAYE,CEM JOSEPH CORREA B,1,Pass,ADM,2,2000,10.9,11.44,11.48,12.42,7,10,14,15,9,6,0.0,0.0,0.0,237,9.12,10.88,9.47,19,142.0,820,8.06,619,0,1,0,1,0,1,1,0,0,4,10.529097744360902,10.416290322580645,43,320,9,9,0
 Kaolack,20,1,Deuxième Session,NULL,6.78,NON ADMIS,1,2018,M,S2,LYCEE DE KAHONE,O,Académie de Kaolack,KAHONE,LYCEE DE KAHONE,1,Pass,ADM,2,2006,11.63,11.85,10.36,9.7,7,12,11,8,9,7,0.0,0.0,0.0,239,9.19,10.0,9.47,20,150.0,643,6.78,759,0,1,0,1,0,1,1,0,0,4,10.556461538461537,10.892,50,178,72,4,3
 Kaolack,60,1,Deuxième Session,Passable,10.05,PASSE,1,2018,M,S2,LYCEE VALDIODIO NDIAYE,O,Académie de Kaolack,KAOLACK,COLLEGE PIE XII,2,Pass,ADM,2,2010,10.86,10.58,10.12,8.98,12,9,5,10,5,4,0.0,0.0,0.0,208,8.0,10.08,10.59,20,145.35,724,10.05,350,0,1,0,1,0,1,1,2,0,0,10.556461538461537,10.403962264150943,52,322,16,4,3
 Fatick,60,1,Première Session,Passable,10.74,PASSE,1,2018,M,S2,LYCEE DE DIOFIOR,O,Académie de Fatick,DIOFIOR,LYCEE DE DIOFIOR,1,Pass,ADM,2,1998,12.08,11.28,9.67,10.38,9,14,10,5,4,4,0.0,0.0,0.0,220,8.46,10.54,11.47,20,180.0,155,110.74,75,0,1,0,1,0,1,1,2,1,0,10.526071428571429,10.6625,25,159,58,2,2
 Louga,50,1,Deuxième Session,NULL,10.1,AUTORISE,1,2018,M,S2,LYCEE MACODOU KANGUE SALL,O,Académie de Louga,KEBEMER,LYCEE MACODOU KANGUE SALL,1,Pass,ADM,2,1997,10.28,10.83,9.8,9.86,13,12,10,6,7,3,0.0,0.0,0.0,227,8.73,11.38,13.0,21,186.0,112,10.1,334,0,1,0,1,0,1,1,1,0,4,10.600980392156861,10.82,54,297,158,7,5
 Dakar,45,1,Deuxième Session,NULL,10.06,AUTORISE,1,2018,F,S2,COURS SECONDAIRE SACRE COEUR,O,Académie de Dakar,DAKAR,LYCEE TECHNIQUE INDUSTRIEL DELAFOSSE,1,Pass,ADM,1,1999,14.58,13.17,12.16,12.38,9,12,9,10,14,11,0.0,0.0,0.0,280,10.77,10.77,10.76,19,172.0,222,10.06,348,0,1,0,0,1,1,0,1,0,4,10.570365853658537,10.612075471698114,17,39,177,0,0
 Dakar,45,1,Deuxième Session,NULL,10.6,AUTORISE,1,2018,M,S2,LYCEE D'ENSEIGNEMENT GENERAL DE DIOURBEL,O,Académie de Diourbel,DIOURBEL,LYCEE TECHNIQUE AMADOU BAMBA,1,Pass,ADM,2,2000,11.15,11.03,10.4,11.44,9,11,10,9,2,6,0.0,0.0,0.0,216,8.31,10.81,12.47,18,163.0,345,10.6,254,0,1,0,1,0,1,1,1,0,4,10.45184210526316,10.391739130434782,27,135,174,1,0
 Dakar,40,1,Deuxième Session,NULL,9.33,NON ADMIS,1,2018,F,S2,LYCEE SEYDINA LIMAMOULAYE,O,Académie de Pikine - Guédiawaye,GUEDIAWAYE,LYCEE BANQUE ISLAMIQUE,1,Pass,ADM,2,1998,10.29,13.67,9.41,11.01,7,10,10,6,9,8,0.0,0.0,0.0,232,8.92,10.04,9.12,20,132.0,971,9.33,460,0,1,0,0,1,1,0,0,0,4,10.529097744360902,10.416290322580645,43,320,32,9,0
 Dakar,41,1,Deuxième Session,NULL,9.7,NON ADMIS,1,2018,F,S2,LYCEE DES PARCELLES ASSAINIES U13,O,Académie de Dakar,PARCELLES ASSAINIES,LYCEE SERGENT MALAMINE CAMARA,1,Pass,ADM,1,2005,11.94,12.15,11.6,11.7,11,10,11,12,16,8,0.0,0.0,0.0,285,10.96,10.96,9.59,19,166.0,300,9.7,396,0,1,0,0,1,1,0,0,0,4,10.570365853658537,10.494137931034482,108,278,169,0,0
 Kaolack,60,1,Première Session,Assez-Bien,12.23,PASSE,1,2018,F,S2,LYCEE MIXTE NGANE SAER ,O,Académie de Kaolack,NGANE SAER,LYCEE MIXTE NGANE SAER ,1,Pass,ADM,1,2000,12.99,12.8,10.83,12.06,15,11,8,6,6,8,0.0,0.0,0.0,260,10.0,10.0,11.12,18,199.0,44,112.23,22,0,1,0,0,1,1,0,2,1,1,10.556461538461537,10.562000000000001,93,307,164,4,3
 Fatick,25,1,Deuxième Session,NULL,8.41,NON ADMIS,1,2018,M,S2,LYCEE KHAR KANE,O,Académie de Fatick,GOSSAS,LYCEE KHAR KANE,1,Pass,ADM,1,2010,11.82,11.93,10.92,11.95,12,12,10,8,13,8,0.0,0.0,0.0,264,10.15,10.15,10.59,20,180.0,155,8.41,579,0,1,0,1,0,1,1,0,0,4,10.526071428571429,10.618888888888888,40,292,153,2,2
 Dakar,10,1,Deuxième Session,NULL,2.43,NON ADMIS,1,2018,M,S2,ECOLE PRIVEE MAME CHEIKH AHMED TIDIANE SY AL MAKHTOUM,O,Académie de Dakar,PARCELLES ASSAINIES,CEM UNITE 19,2,Pass,ADM,2,1998,0.0,0.0,0.0,0.0,8,12,11,11,5,5,0.0,0.0,0.0,231,8.88,10.04,10.12,20,148.2,679,2.43,960,0,1,0,1,0,1,1,0,0,4,10.570365853658537,10.494137931034482,108,82,15,0,0
 Kaolack,30,1,Deuxième Session,NULL,8.78,NON ADMIS,1,2018,M,S2,LYCEE VALDIODIO NDIAYE,O,Académie de Kaolack,KAOLACK,COLLEGE PIE XII,2,Pass,ADM,2,2010,10.33,10.81,11.04,11.09,11,16,6,4,8,4,0.0,0.0,0.0,245,9.42,10.38,11.59,19,209.0,26,8.78,528,0,1,0,1,0,1,1,0,0,4,10.556461538461537,10.403962264150943,52,322,16,4,3
 Thiès,15,1,Deuxième Session,NULL,4.83,NON ADMIS,1,2018,M,S2,INDIVIDUEL MAME MOR DIA,I,Académie de Thiès,BAYAKH,LYCEE DE BAYAKH,3,Pass,ADM,2,2005,0.0,0.0,0.0,0.0,11,10,8,8,4,4,0.0,0.0,0.0,212,8.15,12.19,13.82,24,140.4,840,4.83,864,0,1,0,1,0,1,1,0,0,4,10.54970588235294,12.19,7,109,43,14,9
 Thiès,60,1,Deuxième Session,Passable,10.25,PASSE,1,2018,M,S2,LYCEE DEMBA DIOP,O,Académie de Thiès,MBOUR,COMPLEXE SCOLAIRE INTERN-KEUR MADIOR,3,Pass,ADM,1,1994,10.63,10.03,13.03,12.39,15,10,10,7,6,8,0.0,0.0,0.0,260,10.0,10.0,10.76,24,162.0,381,10.25,306,0,1,0,1,0,1,1,2,0,0,10.54970588235294,10.625599999999999,77,277,20,14,9
 Kaolack,30,1,Deuxième Session,NULL,8.95,NON ADMIS,1,2018,M,S2,LYCEE DE MEDINA SABAKH,O,Académie de Kaolack,MEDINA SABAKH,LYCEE DE MEDINA SABAKH,1,Pass,ADM,1,2009,15.27,14.66,14.21,13.0,11,11,13,8,17,7,0.0,0.0,0.0,267,10.27,10.27,9.59,19,175.0,192,8.95,515,0,1,0,1,0,1,1,0,0,4,10.556461538461537,10.459999999999999,78,205,91,4,3
 Thiès,60,1,Deuxième Session,Passable,10.54,PASSE,1,2018,M,S2,LYCEE AHMADOU NDACK SECK THIES,O,Académie de Thiès,THIES,ECOLE ELEMENTAIRE GERMAINE LE GOFF DE THIES,1,Pass,ADM,1,2010,12.65,9.33,10.93,12.33,11,11,9,10,10,8,0.0,0.0,0.0,260,10.0,10.0,9.94,19,175.0,192,10.54,262,0,1,0,1,0,1,1,2,0,0,10.54970588235294,10.443461538461538,142,114,22,14,9
 Louga,31,1,Deuxième Session,NULL,8.54,NON ADMIS,1,2018,M,S2,LYCEE DE LEONA,O,Académie de Louga,LEONA,LYCEE DE LEONA,2,Pass,ADM,1,2006,13.56,11.92,9.88,10.12,10,13,8,10,6,10,0.0,0.0,0.0,262,10.08,10.08,11.06,21,168.15,272,8.54,559,0,1,0,1,0,1,1,0,0,4,10.600980392156861,10.405000000000001,65,190,81,7,5
 Thiès,60,1,Deuxième Session,Passable,10.85,PASSE,1,2018,M,S2,LYCEE DE TAIBA  NDIAYE,O,Académie de Thiès,TAIBA NDIAYE,LYCEE DE TAIBA  NDIAYE,2,Pass,ADM,1,2007,11.31,9.98,9.88,8.47,13,10,9,8,9,10,0.0,0.0,0.0,266,10.23,10.23,10.88,23,159.6,429,10.85,209,0,1,0,1,0,1,1,2,0,0,10.54970588235294,10.575,133,257,133,14,9
 Kaolack,16,1,Deuxième Session,NULL,7.46,NON ADMIS,1,2018,F,S2,ECOLE PRIVEE LA REFERENCE XAM XAMLE,O,Académie de Kaolack,KAOLACK,COLLEGE PRIVE MBOUTOU SOW,3,Pass,ADM,2,1995,11.28,10.91,8.37,10.9,10,10,7,4,10,5,0.0,0.0,0.0,211,8.12,10.08,11.06,23,135.0,921,7.46,687,0,1,0,0,1,1,0,0,0,4,10.556461538461537,10.403962264150943,52,71,17,4,3
 Dakar,41,1,Deuxième Session,NULL,9.49,NON ADMIS,1,2018,F,S2,LYCEE DE THIAROYE,O,Académie de Pikine - Guédiawaye,PIKINE,LYCEE DE THIAROYE,1,Pass,ADM,2,1997,8.75,12.41,10.07,9.78,15,6,7,5,8,7,0.0,0.0,0.0,208,8.0,10.0,11.47,21,144.0,760,9.49,430,0,1,0,0,1,1,0,0,0,4,10.529097744360902,10.27,113,264,139,9,0
 Thiès,60,1,Deuxième Session,Passable,10.55,PASSE,1,2018,M,S2,LYCEE CHEIKH MOURATH NDAO,O,Académie de Thiès,MEKHE,CEM  CHEIKH MOURATH NDAO DE MEKHE,1,Pass,ADM,1,2011,12.7,12.43,11.88,11.36,10,10,12,14,10,7,0.0,0.0,0.0,260,10.0,10.0,8.94,19,160.0,403,10.55,261,0,1,0,1,0,1,1,2,0,0,10.54970588235294,10.262727272727274,80,130,0,14,9
 Dakar,20,1,Deuxième Session,NULL,7.72,NON ADMIS,1,2018,M,S2,LYCEE DE PIKINE,O,Académie de Pikine - Guédiawaye,GUEDIAWAYE,CEM NDIARKA DIAGNE,2,Pass,ADM,2,2011,9.68,10.6,8.52,9.64,11,11,7,10,4,4,0.0,0.0,0.0,217,8.35,10.42,11.0,22,156.75,491,7.72,656,0,1,0,1,0,1,1,0,0,4,10.529097744360902,10.416290322580645,43,242,12,9,0
 Dakar,21,1,Deuxième Session,NULL,8.15,NON ADMIS,1,2018,M,S2,GROUPE SCOLAIRE ANGELA DAVIS,O,Académie de Pikine - Guédiawaye,PIKINE,CEM THIAROYE 44,2,Pass,ADM,2,1995,11.25,10.58,10.91,11.31,8,12,8,6,14,3,0.0,0.0,0.0,208,8.0,10.08,9.06,23,148.2,679,8.15,611,0,1,0,1,0,1,1,0,0,4,10.529097744360902,10.27,113,95,14,9,0
 Ziguinchor,9,1,Deuxième Session,NULL,5.74,NON ADMIS,1,2018,M,S2,LYCEE DE KAFOUNTINE,O,Académie de Ziguinchor,KAFOUNTINE,LYCEE DE KAFOUNTINE,1,Pass,ADM,2,2011,13.03,11.92,8.74,7.75,7,10,12,4,7,4,0.0,0.0,0.0,208,8.0,11.12,11.06,18,142.0,820,5.74,825,0,1,0,1,0,1,1,0,0,4,10.648571428571428,11.446000000000002,49,177,71,15,10
 Diourbel,40,1,Deuxième Session,NULL,10.52,NON ADMIS,1,2018,M,S2,LYCEE DE GATE,O,Académie de Diourbel,GATE,LYCEE DE GATE,2,Pass,ADM,1,2010,9.53,9.43,10.53,12.2,15,12,12,2,8,7,0.0,0.0,0.0,270,10.38,10.38,11.12,19,197.6,51,10.52,265,0,1,0,1,0,1,1,0,0,4,10.45184210526316,10.506,39,172,67,1,1
 Thiès,45,1,Deuxième Session,NULL,10.09,AUTORISE,1,2018,M,S2,LYCEE DE NGOUNDIANE,O,Académie de Thiès,NGOUNDIANE,LYCEE DE NGOUNDIANE,3,Pass,ADM,2,2017,11.22,9.64,11.61,11.24,9,12,11,3,8,8,0.0,0.0,0.0,240,9.23,10.35,11.41,23,145.8,717,10.09,338,0,1,0,1,0,1,1,1,0,4,10.54970588235294,10.846363636363636,95,222,105,14,9
 Dakar,10,1,Deuxième Session,NULL,5.24,NON ADMIS,1,2018,M,S2,LYCEE BLAISE DIAGNE,O,Académie de Dakar,DAKAR,LYCEE LAMINE GUEYE,1,Pass,ADM,1,1999,11.31,13.03,12.0,10.44,10,8,12,8,16,9,0.0,0.0,0.0,260,10.0,10.0,8.94,19,142.0,820,5.24,848,0,1,0,1,0,1,1,0,0,4,10.570365853658537,10.612075471698114,17,122,154,0,0
 Dakar,60,1,Première Session,Passable,10.69,PASSE,1,2018,M,S2,LYCEE DE KEUR MASSAR ,O,Académie de Pikine - Guédiawaye,KEUR MASSAR,LYCEE ZONE DE RECASEMENT DE KEUR MASSAR ,1,Pass,ADM,2,1997,11.87,11.89,12.74,12.13,10,12,7,7,10,4,0.0,0.0,0.0,212,8.15,10.81,11.76,21,168.0,284,110.69,79,0,1,0,1,0,1,1,2,1,0,10.529097744360902,10.795238095238094,57,184,179,9,0
 Louga,19,1,Deuxième Session,NULL,5.21,NON ADMIS,1,2018,M,S2,LYCEE MALICK SALL,O,Académie de Louga,LOUGA,LYCEE MALICK SALL,2,Pass,ADM,1,1997,11.49,10.98,11.36,12.81,13,13,8,4,8,9,0.0,0.0,0.0,269,10.35,10.35,11.59,21,185.25,114,5.21,849,0,1,0,1,0,1,1,0,0,4,10.600980392156861,10.55,68,300,161,7,5
 Thiès,40,1,Deuxième Session,NULL,9.53,NON ADMIS,1,2018,M,S2,LYCEE DE KELLE,O,Académie de Thiès,MEKHE,CEM  CHEIKH MOURATH NDAO DE MEKHE,3,Pass,ADM,1,1995,10.28,9.68,13.12,13.09,12,12,7,4,8,10,0.0,0.0,0.0,269,10.35,10.35,11.29,23,162.0,381,9.53,422,0,1,0,1,0,1,1,0,0,4,10.54970588235294,10.262727272727274,80,182,0,14,9
 Thiès,10,1,Deuxième Session,NULL,3.13,NON ADMIS,1,2018,M,S2,LYCEE AHMADOU NDACK SECK THIES,O,Académie de Thiès,THIES,ECOLE ELEMENTAIRE GERMAINE LE GOFF DE THIES,2,Pass,ADM,2,1994,10.91,10.09,8.09,8.78,13,14,6,5,6,3,0.0,0.0,0.0,221,8.5,10.27,11.94,24,193.79999999999998,64,3.13,939,0,1,0,1,0,1,1,0,0,4,10.54970588235294,10.443461538461538,142,114,22,14,9
 Tambacounda,25,1,Deuxième Session,NULL,8.03,NON ADMIS,1,2018,M,S2,LYCEE BOULAYE FANTHIO BARRY DE GOLMY,O,Académie de Tambacounda,BAKEL,LYCEE WAOUNDE NDIAYE,3,Pass,ADM,2,1995,0.0,11.88,8.07,6.63,9,9,13,10,3,5,0.0,0.0,0.0,213,8.19,10.12,10.41,23,121.5,1037,8.03,621,0,1,0,1,0,1,1,0,0,4,10.563333333333333,10.241428571428571,2,123,178,13,8
 Dakar,21,1,Deuxième Session,NULL,6.46,NON ADMIS,1,2018,F,S2,LYCEE JOHN F KENNEDY,O,Académie de Dakar,DAKAR,LYCEE LAMINE GUEYE,2,Pass,ADM,2,1996,12.51,9.45,12.07,10.79,11,10,8,7,9,8,0.0,0.0,0.0,241,9.27,12.04,13.82,22,148.2,679,6.46,779,0,1,0,0,1,1,0,0,0,4,10.570365853658537,10.612075471698114,17,290,154,0,0
 Kaolack,60,1,Première Session,Passable,10.42,PASSE,1,2018,M,S2,LYCEE MABA DIAKHOU BA,O,Académie de Kaolack,NIORO,LYCEE MABA DIAKHOU BA,1,Pass,ADM,2,2011,13.43,11.8,9.77,9.27,11,11,6,2,7,5,0.0,0.0,0.0,208,8.0,10.0,11.0,18,175.0,192,110.42,89,0,1,0,1,0,1,1,2,1,0,10.556461538461537,10.768888888888888,104,295,157,4,3
 Saint-Louis,15,1,Deuxième Session,NULL,7.35,NON ADMIS,1,2018,M,S2,LYCEE BABA DIONGUE,O,Académie de Saint - Louis,PODOR,LYCEE BABA DIONGUE,2,Pass,ADM,1,2006,11.02,7.9,11.65,11.85,13,13,8,10,10,9,0.0,0.0,0.0,284,10.92,10.92,11.59,21,185.25,114,7.35,704,0,1,0,1,0,1,1,0,0,4,10.754035087719299,10.542857142857143,115,119,30,11,7
 Tambacounda,5,1,Deuxième Session,NULL,4.21,NON ADMIS,1,2018,M,S2,LYCEE WAOUNDE NDIAYE,O,Académie de Tambacounda,BAKEL,LYCEE WAOUNDE NDIAYE,1,Pass,ADM,2,1998,10.4,11.73,9.39,9.45,8,11,11,6,9,5,0.0,0.0,0.0,220,8.46,10.04,9.71,20,147.0,700,4.21,885,0,1,0,1,0,1,1,0,0,4,10.563333333333333,10.241428571428571,2,323,178,13,8
 Tambacounda,0,1,Deuxième Session,NULL,0.43,NON ADMIS,1,2018,M,S2,LYCEE BOUNA SEMOU NIANG DE KOUMPENTOUM,O,Académie de Tambacounda,KOUMPENTOUM,LYCEE DE KOUMPENTOUM,2,Pass,ADM,1,2009,10.59,10.77,10.8,9.97,12,12,16,7,9,6,0.0,0.0,0.0,263,10.12,10.12,9.88,21,171.0,236,0.43,1019,0,1,0,1,0,1,1,0,0,4,10.563333333333333,10.85,61,125,78,13,8
 Thiès,10,1,Deuxième Session,NULL,4.36,NON ADMIS,1,2018,M,S2,LYCEE DE MEDINA FALL,O,Académie de Thiès,THIES,COLLEGE SAINT GABRIEL,1,Pass,ADM,2,1999,13.6,10.85,11.93,12.96,14,7,7,7,10,8,0.0,0.0,0.0,232,8.92,10.08,10.82,20,147.0,700,4.36,878,0,1,0,1,0,1,1,0,0,4,10.54970588235294,10.443461538461538,142,204,19,14,9
 Dakar,0,1,Deuxième Session,NULL,0.4,NON ADMIS,1,2018,M,S2,LYCEE DE MBAO,O,Académie de Pikine - Guédiawaye,MBAO,ECOLE ELEMENTAIRE LGI MBAO,2,Pass,ADM,2,2017,11.6,10.24,11.17,11.21,13,13,6,10,5,6,0.0,0.0,0.0,244,9.38,10.77,11.94,21,185.25,114,0.4,1026,0,1,0,1,0,1,1,0,0,4,10.529097744360902,10.765172413793103,74,200,23,9,0
 Dakar,10,1,Deuxième Session,NULL,2.1,NON ADMIS,1,2018,M,S2,ECOLE PRIVEE NOUVEL UNIVERS SCOLAIRE DE L'EXCELLENCE,O,Académie de Thiès,MBOUR,COMPLEXE SCOLAIRE INTERN-KEUR MADIOR,2,Pass,ADM,2,1996,12.47,11.15,11.94,11.56,7,12,7,6,7,5,0.0,0.0,0.0,208,8.0,10.38,11.59,22,142.5,790,2.1,972,0,1,0,1,0,1,1,0,0,4,10.54970588235294,10.625599999999999,77,85,20,14,0
 Diourbel,34,1,Deuxième Session,NULL,6.91,NON ADMIS,1,2018,F,S2,LYCEE D'ENSEIGNEMENT GENERAL DE DIOURBEL,O,Académie de Diourbel,DIOURBEL,LYCEE TECHNIQUE AMADOU BAMBA,1,Pass,ADM,1,2014,13.54,12.65,10.23,10.69,11,11,9,7,6,11,0.0,0.0,0.0,260,10.0,10.0,11.0,18,175.0,192,6.91,744,0,1,0,0,1,1,0,0,0,4,10.45184210526316,10.391739130434782,27,135,174,1,1
 Dakar,15,1,Deuxième Session,NULL,3.21,NON ADMIS,1,2018,F,S2,LYCEE CAMP MARCHAND DE RUFISQUE,O,Académie de Rufisque,RUFISQUE,LYCEE MODERNE DE RUFISQUE,1,Pass,ADM,2,1998,11.42,11.02,11.92,11.35,7,11,8,10,10,4,0.0,0.0,0.0,208,8.0,10.08,9.82,20,141.0,830,3.21,933,0,1,0,0,1,1,0,0,0,4,10.276041666666666,10.287826086956523,120,126,165,10,0
 Ziguinchor,6,1,Deuxième Session,NULL,6.55,NON ADMIS,1,2018,M,S2,LYCEE DE KAFOUNTINE,O,Académie de Ziguinchor,KAFOUNTINE,LYCEE DE KAFOUNTINE,3,Pass,ADM,2,1994,12.17,9.04,10.78,11.34,11,10,10,6,6,7,0.0,0.0,0.0,233,8.96,12.65,14.18,24,140.4,840,6.55,773,0,1,0,1,0,1,1,0,0,4,10.648571428571428,11.446000000000002,49,177,71,15,10
 Fatick,24,1,Deuxième Session,NULL,8.02,NON ADMIS,1,2018,M,S2,LYCEE DE THIADIAYE,O,Académie de Thiès,THIADIAYE,CEM I DE THIADIAYE,1,Pass,ADM,2,2011,11.07,11.29,10.78,11.02,13,8,5,5,11,5,0.0,0.0,0.0,208,8.0,11.23,12.29,19,160.0,403,8.02,624,0,1,0,1,0,1,1,0,0,4,10.54970588235294,10.738,140,262,5,14,2
 Dakar,0,1,Deuxième Session,NULL,0.43,NON ADMIS,1,2018,F,S2,LYCEE SEYDINA LIMAMOULAYE,O,Académie de Pikine - Guédiawaye,GUEDIAWAYE,CEM OGO DIOP,2,Pass,ADM,2,2010,12.87,9.82,9.69,9.87,8,10,7,6,5,7,0.0,0.0,0.0,208,8.0,10.0,10.82,21,131.1,977,0.43,1019,0,1,0,0,1,1,0,0,0,4,10.529097744360902,10.416290322580645,43,320,13,9,0
 Saint-Louis,60,1,Deuxième Session,Assez-Bien,12.08,PASSE,1,2018,F,S2,LYCEE DE TASSINERE,O,Académie de Saint - Louis,TASSINERE,LYCEE DE TASSINERE,1,Pass,ADM,2,2003,10.35,12.1,10.21,11.93,11,11,10,8,8,7,0.0,0.0,0.0,242,9.31,11.85,13.12,19,175.0,192,12.08,117,0,1,0,0,1,1,0,2,0,1,10.754035087719299,11.85,138,260,136,11,7
 Thiès,0,1,Deuxième Session,NULL,0.37,NON ADMIS,1,2018,M,S2,LYCEE MALICK SALL,O,Académie de Louga,LOUGA,LYCEE MALICK SALL,1,Pass,ADM,2,1999,13.86,13.14,11.88,9.9,6,11,13,9,5,8,0.0,0.0,0.0,239,9.19,11.08,11.0,19,145.0,753,0.37,1032,0,1,0,1,0,1,1,0,0,4,10.600980392156861,10.55,68,300,161,7,9
 Fatick,60,1,Première Session,Passable,11.97,PASSE,1,2018,M,S2,LYCEE DE TOUBACOUTA,O,Académie de Fatick,TOUBACOUTA,LYCEE DE TOUBACOUTA,1,Pass,ADM,2,2000,10.03,10.69,9.59,10.25,10,11,10,10,8,6,0.0,0.0,0.0,236,9.08,11.42,12.06,18,169.0,257,111.97,30,0,1,0,1,0,1,1,2,1,0,10.526071428571429,10.776,148,272,144,2,2
 Louga,0,1,Deuxième Session,NULL,2.92,NON ADMIS,1,2018,F,S2,ECOLE PRIVEE MAME BOUSSO,O,Académie de Pikine - Guédiawaye,MBAO,ECOLE ELEMENTAIRE LGI MBAO,4,Pass,ADM,2,2003,11.75,10.44,11.74,11.52,5,13,6,13,7,5,0.0,0.0,0.0,213,8.19,10.23,10.59,22,124.95,1021,2.92,947,0,1,0,0,1,1,0,0,0,4,10.529097744360902,10.765172413793103,74,81,23,9,5
 Fatick,40,1,Deuxième Session,NULL,9.63,NON ADMIS,1,2018,M,S2,LYCEE DE MBAR,O,Académie de Fatick,COLOBANE,LYCEE DE COLOBANE,1,Pass,ADM,2,2015,10.41,9.8,10.54,10.94,6,13,11,4,3,5,0.0,0.0,0.0,208,8.0,10.0,10.47,18,163.0,345,9.63,409,0,1,0,1,0,1,1,0,0,4,10.526071428571429,10.25,13,201,50,2,2
 Thiès,14,1,Deuxième Session,NULL,6.86,NON ADMIS,1,2018,M,S2,LYCEE ABABACAR SY,O,Académie de Thiès,TIVAOUANE,LYCEE ABABACAR SY,2,Pass,ADM,1,2000,10.65,12.1,10.78,11.06,12,14,9,6,6,8,0.0,0.0,0.0,260,10.0,10.0,11.29,21,188.1,93,6.86,747,0,1,0,1,0,1,1,0,0,4,10.54970588235294,10.565833333333332,145,112,26,14,9
 Fatick,21,1,Deuxième Session,NULL,7.09,NON ADMIS,1,2018,F,S2,LYCEE MAITRE ABDOULAYE WADE,O,Académie de Saint - Louis,DAGANA,LYCEE MAITRE ABDOULAYE WADE,3,Pass,ADM,2,1994,10.04,10.63,10.02,9.09,6,10,7,6,9,8,0.0,0.0,0.0,214,8.23,11.31,11.76,24,113.4,1051,7.09,726,0,1,0,0,1,1,0,0,0,4,10.754035087719299,11.115,15,299,160,11,2
 Thiès,60,1,Deuxième Session,Passable,10.9,PASSE,1,2018,M,S2,LYCEE CAMP MARCHAND DE RUFISQUE,O,Académie de Rufisque,RUFISQUE,LYCEE MODERNE DE RUFISQUE,1,Pass,ADM,1,1997,10.1,10.65,10.2,10.56,9,11,10,13,9,8,0.0,0.0,0.0,263,10.12,10.12,9.35,21,153.0,575,10.9,203,0,1,0,1,0,1,1,2,0,0,10.276041666666666,10.287826086956523,120,126,165,10,9
 Kaolack,5,1,Deuxième Session,NULL,6.02,NON ADMIS,1,2018,M,S2,LYCEE SERIGNE MOUHAMADOU MOUSTAPHA MBACKE DE TAIF,O,Académie de Diourbel,TAIF,LYCEE SERIGNE MOUHAMADOU MOUSTAPHA MBACKE DE TAIF,1,Pass,ADM,2,1999,11.09,10.56,10.41,11.06,9,11,6,3,8,6,0.0,0.0,0.0,208,8.0,10.04,11.06,19,163.0,345,6.02,807,0,1,0,1,0,1,1,0,0,4,10.45184210526316,10.905714285714286,135,317,172,1,3
 Matam,0,1,Deuxième Session,NULL,0.45,NON ADMIS,1,2018,M,S2,LYCEE DE MATAM,O,Académie de Matam,MATAM,LYCEE DE MATAM,3,Pass,ADM,2,2005,11.56,10.86,9.02,8.62,7,13,11,10,7,6,0.0,0.0,0.0,244,9.38,12.35,13.06,23,143.1,768,0.45,1017,0,1,0,1,0,1,1,0,0,4,10.74148148148148,11.118,72,198,86,8,6
 Thiès,25,1,Deuxième Session,NULL,7.73,NON ADMIS,1,2018,M,S2,LYCEE DAROU KHOUDOSS ,O,Académie de Thiès,DAROU KHOUDOSS,LYCEE DAROU KHOUDOSS ,2,Pass,ADM,2,2010,11.12,10.5,9.98,9.89,6,11,11,9,4,9,0.0,0.0,0.0,223,8.58,10.04,10.47,20,128.25,993,7.73,655,0,1,0,1,0,1,1,0,0,4,10.54970588235294,10.01,18,136,36,14,9
 Kaolack,60,1,Première Session,Assez-Bien,12.95,PASSE,1,2018,F,S2,LYCEE VALDIODIO NDIAYE,O,Académie de Kaolack,KAOLACK,COLLEGE PRIVE MBOUTOU SOW,2,Pass,ADM,1,2010,12.81,12.57,12.67,13.26,12,14,11,6,8,7,0.0,0.0,0.0,267,10.27,10.27,10.94,20,188.1,93,112.95,6,0,1,0,0,1,1,0,2,1,1,10.556461538461537,10.403962264150943,52,322,17,4,3
 Thiès,40,1,Deuxième Session,NULL,9.7,NON ADMIS,1,2018,M,S2,LYCEE NDIOUMA COR FAYE DE NDIAGANIAO,O,Académie de Thiès,NDIAGANIAO,LYCEE DE NDIAGANIAO,1,Pass,ADM,2,2010,10.11,9.12,9.56,11.52,10,10,6,4,8,9,0.0,0.0,0.0,222,8.54,10.38,11.76,20,150.0,643,9.7,396,0,1,0,1,0,1,1,0,0,4,10.54970588235294,10.236666666666666,86,309,97,14,9
 Kaolack,20,1,Deuxième Session,NULL,8.01,NON ADMIS,1,2018,M,S2,LYCEE MIXTE DE KEUR MABA DIAKHOU BA,O,Académie de Kaolack,WACK NGOUNA,LYCEE DE WACK NGOUNA,2,Pass,ADM,2,2008,0.0,0.0,0.0,0.0,11,9,8,8,7,8,0.0,0.0,0.0,234,9.0,10.46,11.0,22,139.65,852,8.01,625,0,1,0,1,0,1,1,0,0,4,10.556461538461537,10.333333333333334,151,305,146,4,3
 Thiès,50,1,Deuxième Session,NULL,10.07,AUTORISE,1,2018,M,S2,LYCEE DE NGOUNDIANE,O,Académie de Thiès,NGOUNDIANE,LYCEE DE NGOUNDIANE,2,Pass,ADM,2,2018,11.22,12.52,9.27,10.29,12,10,5,4,8,6,0.0,0.0,0.0,212,8.15,11.5,12.71,21,153.9,538,10.07,344,0,1,0,1,0,1,1,1,0,4,10.54970588235294,10.846363636363636,95,222,105,14,9
 Kaolack,60,1,Deuxième Session,Passable,10.1,PASSE,1,2018,M,S2,LYCEE DE NDIEDIENG,O,Académie de Kaolack,NDIEDIENG,LYCEE DE NDIEDIENG,2,Pass,ADM,2,2010,12.61,11.34,13.48,11.23,8,12,9,6,11,6,0.0,0.0,0.0,233,8.96,11.27,12.24,20,148.2,679,10.1,334,0,1,0,1,0,1,1,2,0,0,10.556461538461537,10.915,87,212,98,4,3
 Matam,46,1,Deuxième Session,NULL,10.24,AUTORISE,1,2018,M,S2,LYCEE DE BOKIDIAWE,O,Académie de Matam,BOKIDIAWE,LYCEE DE BOKIDIAWE,1,Pass,ADM,1,2006,14.04,12.57,10.38,11.8,10,13,13,7,9,7,0.0,0.0,0.0,260,10.0,10.0,10.0,18,187.0,98,10.24,309,0,1,0,1,0,1,1,1,0,4,10.74148148148148,10.9525,10,148,45,8,6
 Kolda,46,1,Deuxième Session,NULL,9.39,AUTORISE,1,2018,M,S2,LYCEE DE DABO,O,Académie de Kolda,DABO,LYCEE DE DABO,3,Pass,ADM,2,1996,12.26,10.53,11.25,10.62,5,14,8,6,6,6,0.0,0.0,0.0,213,8.19,10.92,12.71,22,140.4,840,9.39,445,0,1,0,1,0,1,1,1,0,4,10.615862068965518,10.49,14,152,51,5,4
 Fatick,26,1,Deuxième Session,NULL,8.97,NON ADMIS,1,2018,F,S2,ECOLE PRIVEE ELITES PLUS,O,Académie de Fatick,FATICK,LYCEE COUMBA NDOFFENE DIOUF,2,Pass,ADM,2,2009,9.83,10.24,11.76,12.16,8,11,10,4,3,11,0.0,0.0,0.0,233,8.96,10.04,11.53,20,139.65,852,8.97,511,0,1,0,0,1,1,0,0,0,4,10.526071428571429,10.443,32,59,33,2,2
 Fatick,45,1,Deuxième Session,NULL,9.67,AUTORISE,1,2018,M,S2,LYCEE DE LOUL SESSENE,O,Académie de Fatick,LOUL SESSENE,LYCEE DE LOUL SESSENE,2,Pass,ADM,1,2010,10.5,12.37,12.11,13.3,11,16,8,7,4,8,0.0,0.0,0.0,267,10.27,10.27,11.71,20,199.5,43,9.67,402,0,1,0,1,0,1,1,1,0,4,10.526071428571429,10.53,69,191,82,2,2
 Dakar,60,1,Première Session,Passable,11.56,PASSE,1,2018,M,S2,LYCEE DE KEUR MASSAR ,O,Académie de Pikine - Guédiawaye,KEUR MASSAR,LYCEE ZONE DE RECASEMENT DE KEUR MASSAR ,1,Pass,ADM,2,1998,0.0,0.0,0.0,0.0,10,13,8,10,7,3,0.0,0.0,0.0,222,8.54,11.92,12.88,21,177.0,174,111.56,43,0,1,0,1,0,1,1,2,1,0,10.529097744360902,10.795238095238094,57,184,179,9,0
 Kaolack,60,1,Deuxième Session,Passable,11.09,PASSE,1,2018,F,S2,LYCEE DE KEUR MADIABEL,O,Académie de Kaolack,KEUR MADIABEL,LYCEE DE KEUR MADIABEL,1,Pass,ADM,2,2009,11.97,12.2,10.69,11.96,13,11,5,7,7,6,0.0,0.0,0.0,230,8.85,11.04,12.65,20,177.0,174,11.09,180,0,1,0,0,1,1,0,2,0,0,10.556461538461537,10.666,56,183,76,4,3
 Thiès,60,1,Deuxième Session,Passable,10.3,PASSE,1,2018,M,S2,LYCEE CHEIKH AMADOU LAMINE DABO,O,Académie de Thiès,MBOUR,COMPLEXE SCOLAIRE INTERN-KEUR MADIOR,2,Pass,ADM,1,1997,10.23,10.32,9.59,11.22,8,11,14,10,12,10,0.0,0.0,0.0,284,10.92,10.92,9.76,21,139.65,852,10.3,297,0,1,0,1,0,1,1,2,0,0,10.54970588235294,10.625599999999999,77,128,20,14,9
 Louga,60,1,Deuxième Session,Passable,10.85,PASSE,1,2018,M,S2,NOUVEAU LYCEE DE LOUGA,O,Académie de Louga,LOUGA,LYCEE MALICK SALL,2,Pass,ADM,1,1997,9.91,10.68,10.01,12.4,19,15,9,4,9,5,0.0,0.0,0.0,284,10.92,10.92,12.65,21,236.54999999999998,3,10.85,209,0,1,0,1,0,1,1,2,0,0,10.600980392156861,10.55,68,327,161,7,5
 Tambacounda,20,1,Deuxième Session,NULL,8.25,NON ADMIS,1,2018,M,S2,LYCEE DE KIDIRA,O,Académie de Tambacounda,KIDIRA,LYCEE DE KIDIRA,2,Pass,ADM,2,1996,10.91,11.45,10.74,9.35,9,11,8,6,7,7,0.0,0.0,0.0,229,8.81,10.19,10.41,22,145.35,724,8.25,599,0,1,0,1,0,1,1,0,0,4,10.563333333333333,10.375,59,185,77,13,8
 Louga,21,1,Deuxième Session,NULL,7.38,NON ADMIS,1,2018,M,S2,ECOLE PRIVEE DAVID DIOP MENDES,O,Académie de Pikine - Guédiawaye,MBAO,ECOLE ELEMENTAIRE LGI MBAO,1,Pass,ADM,2,2010,11.76,12.18,9.84,10.15,11,13,6,5,6,3,0.0,0.0,0.0,211,8.12,10.88,12.06,19,193.0,67,7.38,700,0,1,0,1,0,1,1,0,0,4,10.529097744360902,10.765172413793103,74,55,23,9,5
 Kaolack,0,1,Deuxième Session,NULL,4.18,NON ADMIS,1,2018,F,S2,LYCEE EL HADJI ABDOU HAMID KANE,O,Académie de Kaolack,KAOLACK,COLLEGE PIE XII,2,Pass,ADM,2,2003,15.4,11.69,12.01,11.9,10,11,12,9,6,6,0.0,0.0,0.0,241,9.27,10.19,10.35,21,151.04999999999998,602,4.18,887,0,1,0,0,1,1,0,0,0,4,10.556461538461537,10.403962264150943,52,281,16,4,3
 Fatick,0,1,Deuxième Session,NULL,3.19,NON ADMIS,1,2018,M,S2,LYCEE DE PASSY,O,Académie de Fatick,PASSY,LYCEE DE PASSY,2,Pass,ADM,1,2010,10.5,9.56,9.89,10.11,10,12,12,10,9,13,0.0,0.0,0.0,296,11.38,11.38,11.76,20,159.6,429,3.19,935,0,1,0,1,0,1,1,0,0,4,10.526071428571429,10.546000000000001,109,237,116,2,2
 Dakar,15,1,Deuxième Session,NULL,7.77,NON ADMIS,1,2018,M,S2,INDIVIDUEL LA MAISON DE LA SAGESSE,I,Académie de Dakar,DAKAR,UNIVERSITE AMADOU HAMPATE BA,1,Pass,ADM,1,2000,0.0,0.0,0.0,0.0,8,14,12,5,14,8,0.0,0.0,0.0,272,10.46,10.46,10.12,18,184.0,120,7.77,652,0,1,0,1,0,1,1,0,0,4,10.570365853658537,10.612075471698114,17,108,181,0,0
0,60,1,Deuxième Session,Passable,10.22,PASSE,1,2018,M,S2,LYCEE MAITRE ABDOULAYE WADE,O,Académie de Saint - Louis,DAGANA,LYCEE MAITRE ABDOULAYE WADE,1,Pass,ADM,1,2018,14.54,14.73,11.19,12.58,11,10,9,7,11,10,0.0,0.0,0.0,277,10.65,10.65,10.29,17,166.0,300,10.22,313,0,1,0,1,0,1,1,2,0,0,10.754035087719299,11.115,15,299,160,11,11
 Dakar,30,1,Deuxième Session,NULL,9.21,NON ADMIS,1,2018,M,S2,LYCEE SEYDINA LIMAMOULAYE,O,Académie de Pikine - Guédiawaye,GUEDIAWAYE,ECOLE NANSEN,2,Pass,ADM,2,1997,0.0,11.02,9.31,10.93,9,11,11,11,2,9,0.0,0.0,0.0,248,9.54,10.23,10.76,22,145.35,724,9.21,479,0,1,0,1,0,1,1,0,0,4,10.529097744360902,10.416290322580645,43,320,24,9,0
 Dakar,60,1,Deuxième Session,Passable,10.59,PASSE,1,2018,M,S2,LYCEE SEYDINA LIMAMOULAYE,O,Académie de Pikine - Guédiawaye,GUEDIAWAYE,CEM OGO DIOP,1,Pass,ADM,2,2014,10.04,10.52,9.11,9.81,11,11,8,3,4,6,0.0,0.0,0.0,211,8.12,10.0,11.29,20,165.0,329,10.59,256,0,1,0,1,0,1,1,2,0,0,10.529097744360902,10.416290322580645,43,320,13,9,0
Sédhiou,11,1,Deuxième Session,NULL,5.26,NON ADMIS,1,2018,M,S2,CANDIDAT INDIVIDUEL SEDHIOU (CAOSP),I,Académie de Sédhiou,SEDHIOU,LYCEE DE BONA,5,Pass,ADM,2,2003,0.0,0.0,0.0,0.0,11,12,3,4,9,5,0.0,0.0,0.0,216,8.31,11.81,13.53,26,147.9,698,5.26,846,0,1,0,1,0,1,1,0,0,4,10.52925925925926,10.50375,129,12,46,12,14
 Dakar,10,1,Deuxième Session,NULL,4.93,NON ADMIS,1,2018,M,S2,LYCEE DE MBAO,O,Académie de Pikine - Guédiawaye,MBAO,ECOLE ELEMENTAIRE LGI MBAO,1,Pass,ADM,1,1999,14.13,12.42,11.73,10.63,11,9,15,8,11,8,0.0,0.0,0.0,264,10.15,10.15,9.24,19,157.0,474,4.93,858,0,1,0,1,0,1,1,0,0,4,10.529097744360902,10.765172413793103,74,200,23,9,0
 Saint-Louis,60,1,Deuxième Session,Passable,10.64,PASSE,1,2018,M,S2,LYCEE DE NDIOUM,O,Académie de Saint - Louis,NDIOUM,LYCEE DE NDIOUM,1,Pass,ADM,2,2010,13.25,12.52,10.08,10.11,9,11,10,4,5,5,0.0,0.0,0.0,208,8.0,10.08,10.76,19,163.0,345,10.64,249,0,1,0,1,0,1,1,2,0,0,10.754035087719299,10.83,88,213,99,11,7
 Dakar,60,1,Deuxième Session,Passable,10.17,PASSE,1,2018,M,S2,LYCEE DE THIAROYE,O,Académie de Pikine - Guédiawaye,PIKINE,CEM THIAROYE 44,2,Pass,ADM,2,2005,0.0,0.0,0.0,0.0,10,9,9,11,3,6,0.0,0.0,0.0,221,8.5,11.27,12.47,20,133.95,946,10.17,321,0,1,0,1,0,1,1,2,0,0,10.529097744360902,10.27,113,264,14,9,0
 Thiès,60,1,Deuxième Session,Passable,10.8,PASSE,1,2018,M,S2,LYCEE MALICK SY,O,Académie de Thiès,THIES,COLLEGE SAINT GABRIEL,2,Pass,ADM,2,2014,11.99,9.63,11.36,12.2,9,12,10,6,10,8,0.0,0.0,0.0,246,9.46,10.23,10.88,22,153.9,538,10.8,222,0,1,0,1,0,1,1,2,0,0,10.54970588235294,10.443461538461538,142,301,19,14,9
 Dakar,16,1,Deuxième Session,NULL,5.72,NON ADMIS,1,2018,M,S2,ECOLE PRIVEE CABIS SCHOOL,O,Académie de Pikine - Guédiawaye,MBAO,LYCEE DE MBAO,1,Pass,ADM,1,2000,11.72,10.34,11.22,11.12,12,11,12,13,12,9,0.0,0.0,0.0,281,10.81,10.81,10.59,18,181.0,138,5.72,826,0,1,0,1,0,1,1,0,0,4,10.529097744360902,10.765172413793103,74,53,88,9,0
 Diourbel,60,1,Deuxième Session,Passable,11.19,PASSE,1,2018,M,S2,LYCEE DE NDANGALMA,O,Académie de Diourbel,NDANGALMA,LYCEE DE NDANGALMA,2,Pass,ADM,2,2010,11.6,9.9,11.15,11.31,9,13,8,10,8,7,0.0,0.0,0.0,240,9.23,11.42,11.47,19,171.95,234,11.19,169,0,1,0,1,0,1,1,2,0,0,10.45184210526316,11.025,84,210,95,1,1
 Kaolack,46,1,Deuxième Session,NULL,9.96,AUTORISE,1,2018,F,S2,LYCEE DE BIRKILANE,O,Académie de Kaffrine,BIRKILANE,LYCEE DE BIRKILANE,1,Pass,ADM,2,2011,10.52,12.29,10.34,10.73,9,11,12,13,6,2,0.0,0.0,0.0,209,8.04,10.96,11.12,18,163.0,345,9.96,371,0,1,0,0,1,1,0,1,0,4,10.78076923076923,11.016,9,147,44,3,3
 Kolda,15,1,Deuxième Session,NULL,4.64,NON ADMIS,1,2018,M,S2,LYCEE DE DABO,O,Académie de Kolda,DABO,LYCEE DE DABO,4,Pass,ADM,2,2007,11.4,9.6,10.76,10.88,11,11,8,6,9,6,0.0,0.0,0.0,233,8.96,11.04,11.71,22,140.25,850,4.64,871,0,1,0,1,0,1,1,0,0,4,10.615862068965518,10.49,14,152,51,5,4
 Dakar,5,1,Deuxième Session,NULL,3.04,NON ADMIS,1,2018,F,S2,LYCEE MODERNE DE RUFISQUE,O,Académie de Rufisque,RUFISQUE,LYCEE MODERNE DE RUFISQUE,1,Pass,ADM,1,1999,10.87,12.44,10.93,12.06,6,12,7,11,13,10,0.0,0.0,0.0,260,10.0,10.0,9.53,19,154.0,523,3.04,943,0,1,0,0,1,1,0,0,0,4,10.276041666666666,10.287826086956523,120,308,165,10,0
 Ziguinchor,21,1,Deuxième Session,NULL,8.54,NON ADMIS,1,2018,F,S2,LYCEE DE PEYRISSAC,O,Académie de Ziguinchor,ZIGUINCHOR,COLLEGE SAINT CHARLES LWANGA,2,Pass,ADM,2,1996,9.99,11.18,11.72,11.38,8,12,8,10,6,6,0.0,0.0,0.0,233,8.96,10.85,10.88,22,148.2,679,8.54,559,0,1,0,0,1,1,0,0,0,4,10.648571428571428,10.55111111111111,153,241,18,15,10
 Fatick,21,1,Deuxième Session,NULL,6.93,NON ADMIS,1,2018,M,S2,ECOLE PRIVEE LA REFERENCE ACADEMIQUE,O,Académie de Pikine - Guédiawaye,MBAO,LYCEE DE MBAO,3,Pass,ADM,2,2008,0.0,0.0,0.0,0.0,8,10,9,11,7,5,0.0,0.0,0.0,209,8.04,11.12,12.0,21,124.2,1025,6.93,741,0,1,0,1,0,1,1,0,0,4,10.529097744360902,10.765172413793103,74,70,88,9,2
 Kaolack,46,1,Deuxième Session,NULL,10.43,AUTORISE,1,2018,F,S2,LYCEE EL HADJI ABDOU HAMID KANE,O,Académie de Kaolack,KAOLACK,COLLEGE PIE XII,1,Pass,ADM,1,2004,14.74,11.35,11.06,10.63,11,14,12,8,8,6,0.0,0.0,0.0,261,10.04,10.04,10.29,20,192.0,74,10.43,283,0,1,0,0,1,1,0,1,0,4,10.556461538461537,10.403962264150943,52,281,16,4,3
 Dakar,0,1,Deuxième Session,NULL,0.4,NON ADMIS,1,2018,M,S2,ACADEMIA LIMAMOULAYE,O,Académie de Pikine - Guédiawaye,GUEDIAWAYE,LYCEE BANQUE ISLAMIQUE,2,Pass,ADM,2,2014,11.85,10.61,10.2,10.09,13,9,6,5,6,6,0.0,0.0,0.0,218,8.38,10.0,11.59,21,151.04999999999998,602,0.4,1026,0,1,0,1,0,1,1,0,0,4,10.529097744360902,10.416290322580645,43,0,32,9,0
Sédhiou,60,1,Première Session,Passable,10.93,PASSE,1,2017,F,S1,LYCEE IBOU DIALLO,O,Académie de Sédhiou,SEDHIOU,NOUVEAU LYCEE DE SEDHIOU,1,Pass,ADM,1,1999,13.87,13.59,12.54,11.64,6,14,12,8,11,8,0.0,0.0,0.0,281,10.41,10.41,10.0,19,172.0,222,110.93,66,1,0,0,0,1,0,0,2,1,0,10.52925925925926,10.50375,129,288,180,12,14
 Dakar,21,1,Deuxième Session,NULL,6.47,NON ADMIS,1,2018,F,S2,CANDIDAT INDIVIDUEL DE PIKINE (CAOSP),I,Académie de Pikine - Guédiawaye,GUEDIAWAYE,LYCEE DE KARTIACK,4,Pass,ADM,2,1996,0.0,0.0,0.0,0.0,9,11,7,3,9,8,0.0,0.0,0.0,215,8.27,10.69,12.35,22,130.04999999999998,983,6.47,778,0,1,0,0,1,1,0,0,0,4,10.529097744360902,10.416290322580645,43,4,75,9,0
 Fatick,40,1,Deuxième Session,NULL,11.61,NON ADMIS,1,2018,F,S2,LYCEE NDIOUMA COR FAYE DE NDIAGANIAO,O,Académie de Thiès,NDIAGANIAO,LYCEE DE NDIAGANIAO,4,Pass,ADM,1,2006,11.27,8.74,12.04,11.6,10,12,12,6,7,9,0.0,0.0,0.0,260,10.0,10.0,10.35,22,142.79999999999998,783,11.61,139,0,1,0,0,1,1,0,0,0,4,10.54970588235294,10.236666666666666,86,309,97,14,2
 Thiès,9,1,Deuxième Session,NULL,7.4,NON ADMIS,1,2018,F,S2,LYCEE DE TATTAGUINE,O,Académie de Fatick,TATTAGUINE,LYCEE DE TATTAGUINE,1,Pass,ADM,2,2010,10.84,10.98,9.08,10.39,6,12,8,8,6,7,0.0,0.0,0.0,219,8.42,10.35,10.88,19,154.0,523,7.4,693,0,1,0,0,1,1,0,0,0,4,10.526071428571429,10.4525,139,261,137,2,9
 Louga,60,1,Deuxième Session,Passable,10.84,PASSE,1,2018,M,S2,LYCEE D'ENSEIGNEMENT GENERAL DE DIOURBEL,O,Académie de Diourbel,DIOURBEL,LYCEE D'ENSEIGNEMENT GENERAL DE DIOURBEL,1,Pass,ADM,1,1999,11.45,11.46,10.19,10.14,12,13,11,8,17,7,0.0,0.0,0.0,275,10.58,10.58,10.59,19,199.0,44,10.84,213,0,1,0,1,0,1,1,2,0,0,10.45184210526316,10.391739130434782,27,135,35,1,5
 Thiès,50,1,Deuxième Session,NULL,9.53,AUTORISE,1,2018,F,S2,LYCEE BLAISE DIAGNE,O,Académie de Dakar,DAKAR,INSTITUTION NOTRE DAME,1,Pass,ADM,2,2005,11.77,11.93,11.34,13.73,8,11,8,8,5,7,0.0,0.0,0.0,221,8.5,10.15,10.82,20,147.0,700,9.53,422,0,1,0,0,1,1,0,1,0,4,10.570365853658537,10.612075471698114,17,122,25,0,9
 Thiès,0,1,Deuxième Session,NULL,0.25,NON ADMIS,1,2018,M,S2,LYCEE SAMBA DIONE DE GANDIAYE,O,Académie de Kaolack,GANDIAYE,LYCEE SAMBA DIONE DE GANDIAYE,1,Pass,ADM,1,2000,11.65,10.83,11.3,11.67,9,12,13,12,12,9,0.0,0.0,0.0,283,10.88,10.88,10.06,18,172.0,222,0.25,1047,0,1,0,1,0,1,1,0,0,4,10.556461538461537,10.765,37,312,168,4,9
 Fatick,9,1,Deuxième Session,NULL,3.41,NON ADMIS,1,2018,F,S2,LYCEE COUMBA NDOFFENE DIOUF,O,Académie de Fatick,FATICK,LYCEE COUMBA NDOFFENE DIOUF,2,Pass,ADM,2,2007,11.98,10.14,9.41,10.34,5,11,10,5,8,6,0.0,0.0,0.0,213,8.19,10.04,9.59,22,122.55,1032,3.41,926,0,1,0,0,1,1,0,0,0,4,10.526071428571429,10.443,32,134,33,2,2
 Fatick,16,1,Deuxième Session,NULL,3.54,NON ADMIS,1,2018,M,S2,ECOLE CATHOLIQUE CARDINAL HYACINTHE THIANDOUM,O,Académie de Dakar,PARCELLES ASSAINIES,CEM UNITE 19,1,Pass,ADM,2,1998,12.08,10.28,10.41,11.55,4,12,9,4,10,7,0.0,0.0,0.0,208,8.0,10.42,11.0,20,132.0,971,3.54,918,0,1,0,1,0,1,1,0,0,4,10.570365853658537,10.494137931034482,108,40,15,0,2
 Dakar,60,1,Deuxième Session,Passable,10.87,PASSE,1,2018,M,S2,LYCEE DE YOFF,O,Académie de Dakar,PARCELLES ASSAINIES,ECOLE CATHOLIQUE CARDINAL HYACINTHE THIANDOUM,1,Pass,ADM,2,2001,11.31,11.0,11.26,11.44,7,12,8,11,9,7,0.0,0.0,0.0,237,9.12,10.69,10.65,17,160.0,403,10.87,207,0,1,0,1,0,1,1,2,0,0,10.570365853658537,10.494137931034482,108,276,21,0,0
0,0,1,Deuxième Session,NULL,0.36,NON ADMIS,1,2018,F,S2,LYCEE DE MBAO,O,Académie de Pikine - Guédiawaye,MBAO,LYCEE DE MBAO,3,Pass,ADM,2,2006,10.21,10.11,11.75,9.09,13,8,10,6,5,4,0.0,0.0,0.0,208,8.0,10.08,10.18,22,135.0,921,0.36,1033,0,1,0,0,1,1,0,0,0,4,10.529097744360902,10.765172413793103,74,200,88,9,11
 Dakar,5,1,Deuxième Session,NULL,1.84,NON ADMIS,1,2018,M,S2,LYCEE BLAISE DIAGNE,O,Académie de Dakar,DAKAR,LYCEE LAMINE GUEYE,2,Pass,ADM,2,2003,12.75,10.06,11.11,12.49,9,11,7,12,10,5,0.0,0.0,0.0,226,8.69,10.15,10.53,22,145.35,724,1.84,979,0,1,0,1,0,1,1,0,0,4,10.570365853658537,10.612075471698114,17,122,154,0,0
 Diourbel,15,1,Deuxième Session,NULL,8.4,NON ADMIS,1,2018,M,S2,LYCEE DE GATE,O,Académie de Diourbel,GATE,LYCEE DE GATE,2,Pass,ADM,1,2008,10.47,10.27,7.24,7.57,12,11,11,12,8,7,0.0,0.0,0.0,272,10.46,10.46,9.88,22,162.45,368,8.4,580,0,1,0,1,0,1,1,0,0,4,10.45184210526316,10.506,39,172,67,1,1
 Louga,20,1,Deuxième Session,NULL,8.4,NON ADMIS,1,2018,M,S2,LYCEE MAME THIERNO BIRAHIM MBACKE,O,Académie de Louga,DAROU MOUSTY,LYCEE MAME THIERNO BIRAHIM MBACKE,1,Pass,ADM,2,2010,12.39,10.93,9.28,9.5,6,11,8,12,8,7,0.0,0.0,0.0,234,9.0,10.19,9.94,19,145.0,753,8.4,580,0,1,0,1,0,1,1,0,0,4,10.600980392156861,10.188571428571427,19,303,163,7,5
 Kaolack,24,1,Deuxième Session,NULL,8.38,NON ADMIS,1,2018,F,S2,LYCEE SAMBA DIONE DE GANDIAYE,O,Académie de Kaolack,GANDIAYE,LYCEE SAMBA DIONE DE GANDIAYE,3,Pass,ADM,2,2006,9.9,9.52,11.61,10.33,11,10,7,6,9,4,0.0,0.0,0.0,208,8.0,10.0,10.76,21,140.4,840,8.38,586,0,1,0,0,1,1,0,0,0,4,10.556461538461537,10.765,37,312,168,4,3
Kaffrine,5,1,Deuxième Session,NULL,5.75,NON ADMIS,1,2018,M,S2,COURS PRIVES MBOUTOU SOW,O,Académie de Kaolack,KAOLACK,COLLEGE PRIVE MBOUTOU SOW,3,Pass,ADM,2,2008,13.13,9.6,10.33,9.45,12,9,7,7,7,6,0.0,0.0,0.0,211,8.12,10.27,11.29,21,137.70000000000002,888,5.75,823,0,1,0,1,0,1,1,0,0,4,10.556461538461537,10.403962264150943,52,32,17,4,12
 Thiès,26,1,Deuxième Session,NULL,9.02,NON ADMIS,1,2018,M,S2,LYCEE ABABACAR SY,O,Académie de Thiès,TIVAOUANE,LYCEE ABABACAR SY,1,Pass,ADM,2,2010,10.62,10.4,8.37,8.24,10,10,8,8,8,4,0.0,0.0,0.0,210,8.08,10.08,10.71,18,160.0,403,9.02,503,0,1,0,1,0,1,1,0,0,4,10.54970588235294,10.565833333333332,145,112,26,14,9
 Thiès,11,1,Deuxième Session,NULL,4.44,NON ADMIS,1,2018,M,S2,LYCEE DE PEKESSE,O,Académie de Thiès,PEKESSE,LYCEE DE PEKESSE,1,Pass,ADM,2,2011,12.31,11.25,7.7,9.81,5,11,10,6,10,5,0.0,0.0,0.0,208,8.0,10.81,10.82,20,129.0,992,4.44,876,0,1,0,1,0,1,1,0,0,4,10.54970588235294,10.686,111,239,118,14,9
 Diourbel,0,1,Deuxième Session,NULL,2.58,NON ADMIS,1,2018,F,S2,LYCEE DE FAHU II,O,Académie de Thiès,THIES,ECOLE ELEMENTAIRE GERMAINE LE GOFF DE THIES,2,Pass,ADM,1,1998,9.8,8.82,11.38,10.92,7,14,11,7,6,11,0.0,0.0,0.0,264,10.15,10.15,10.88,20,159.6,429,2.58,955,0,1,0,0,1,1,0,0,0,4,10.54970588235294,10.443461538461538,142,166,22,14,1
 Thiès,60,1,Deuxième Session,Passable,11.41,PASSE,1,2018,M,S2,COURS PRIVES EMIR ABDALLAH,O,Académie de Thiès,TIVAOUANE,LYCEE ABABACAR SY,4,Pass,ADM,2,2006,9.54,9.48,11.59,11.04,9,11,6,6,9,5,0.0,0.0,0.0,210,8.08,11.77,12.88,24,130.04999999999998,983,11.41,152,0,1,0,1,0,1,1,2,0,0,10.54970588235294,10.565833333333332,145,29,26,14,9
 Dakar,60,1,Première Session,Passable,11.3,PASSE,1,2018,M,S2,LYCEE DES PARCELLES ASSAINIES U13,O,Académie de Dakar,PARCELLES ASSAINIES,CEM UNITE 19,2,Pass,ADM,1,1997,10.06,10.93,11.33,12.05,14,12,10,8,13,8,0.0,0.0,0.0,290,11.15,11.15,11.18,21,182.39999999999998,131,111.3,50,0,1,0,1,0,1,1,2,1,0,10.570365853658537,10.494137931034482,108,278,15,0,0
 Louga,60,1,Deuxième Session,Passable,11.7,PASSE,1,2018,F,S2,LYCEE DE GASSANE,O,Académie de Louga,TAIF,LYCEE SERIGNE MOUHAMADOU MOUSTAPHA MBACKE DE TAIF,2,Pass,ADM,2,2006,14.1,12.43,13.39,13.12,10,12,8,8,8,6,0.0,0.0,0.0,231,8.88,13.08,15.35,20,159.6,429,11.7,134,0,1,0,0,1,1,0,2,0,0,10.600980392156861,10.905714285714286,135,171,172,7,5
 Diourbel,0,1,Deuxième Session,NULL,0.34,NON ADMIS,1,2018,M,S2,GROUPE SCOLAIRE EDUCAZUR,O,Académie de Pikine - Guédiawaye,MBAO,LYCEE DE MBAO,3,Pass,ADM,2,1997,13.33,9.88,10.21,10.26,9,10,9,5,8,8,0.0,0.0,0.0,230,8.85,13.15,14.29,21,129.6,985,0.34,1038,0,1,0,1,0,1,1,0,0,4,10.529097744360902,10.765172413793103,74,98,88,9,1
 Thiès,60,1,Deuxième Session,Passable,11.55,PASSE,1,2018,M,S2,COLLEGE SAINT GABRIEL,O,Académie de Thiès,THIES,COLLEGE SAINT GABRIEL,1,Pass,ADM,1,1999,13.05,12.97,12.23,12.28,13,9,10,10,13,9,0.0,0.0,0.0,279,10.73,10.73,10.18,19,169.0,257,11.55,146,0,1,0,1,0,1,1,2,0,0,10.54970588235294,10.443461538461538,142,23,19,14,9
 Dakar,0,1,Deuxième Session,NULL,1.24,NON ADMIS,1,2018,M,S2,COLLEGE SAINT GABRIEL,O,Académie de Thiès,THIES,LYCEE D' ENSEIGNEMENT TECHNIQUE ET DE FORMATION PR,2,Pass,ADM,1,1998,10.29,10.07,10.52,10.03,9,10,13,7,14,9,0.0,0.0,0.0,267,10.27,10.27,9.35,20,136.79999999999998,899,1.24,998,0,1,0,1,0,1,1,0,0,4,10.54970588235294,10.443461538461538,142,23,34,14,0
 Diourbel,45,1,Deuxième Session,NULL,9.37,AUTORISE,1,2018,F,S2,LYCEE DE MEDINA SABAKH,O,Académie de Kaolack,MEDINA SABAKH,LYCEE DE MEDINA SABAKH,2,Pass,ADM,2,1995,10.39,9.59,11.09,10.58,6,12,11,8,8,8,0.0,0.0,0.0,230,8.85,10.19,10.06,23,136.79999999999998,899,9.37,450,0,1,0,0,1,1,0,1,0,4,10.556461538461537,10.459999999999999,78,205,91,4,1
 Dakar,41,1,Deuxième Session,NULL,9.35,NON ADMIS,1,2018,F,S2,ECOLE PRIVEE MADIBA MANDELA,O,Académie de Dakar,DAKAR,UNIVERSITE AMADOU HAMPATE BA,1,Pass,ADM,2,2000,10.02,13.81,12.54,12.78,8,12,10,7,11,6,0.0,0.0,0.0,230,8.85,10.15,10.0,18,166.0,300,9.35,456,0,1,0,0,1,1,0,0,0,4,10.570365853658537,10.612075471698114,17,79,181,0,0
 Dakar,5,1,Deuxième Session,NULL,4.05,NON ADMIS,1,2018,F,S2,LYCEE JOHN F KENNEDY,O,Académie de Dakar,DAKAR,LYCEE LAMINE GUEYE,3,Pass,ADM,2,1999,11.75,10.3,11.94,9.98,9,11,9,8,5,7,0.0,0.0,0.0,221,8.5,10.15,10.59,20,137.70000000000002,888,4.05,890,0,1,0,0,1,1,0,0,0,4,10.570365853658537,10.612075471698114,17,290,154,0,0
 Ziguinchor,25,1,Deuxième Session,NULL,8.19,NON ADMIS,1,2018,M,S2,LYCEE DE BAILA,O,Académie de Ziguinchor,BAILA,LYCEE DE BAILA,2,Pass,ADM,2,2008,10.96,12.05,8.3,9.53,7,12,9,9,4,5,0.0,0.0,0.0,212,8.15,10.04,10.41,21,142.5,790,8.19,605,0,1,0,1,0,1,1,0,0,4,10.648571428571428,10.329999999999998,1,139,38,15,10
 Matam,60,1,Deuxième Session,Assez-Bien,12.44,PASSE,1,2018,M,S2,LYCEE SEYDINA LIMAMOULAYE,O,Académie de Pikine - Guédiawaye,GUEDIAWAYE,CEM NDIARKA DIAGNE,1,Pass,ADM,1,2011,15.41,10.46,10.51,10.68,13,15,10,11,11,7,0.0,0.0,0.0,297,11.42,11.42,11.59,19,223.0,9,12.44,106,0,1,0,1,0,1,1,2,0,1,10.529097744360902,10.416290322580645,43,320,12,9,6
 Dakar,10,1,Deuxième Session,NULL,4.26,NON ADMIS,1,2018,F,S2,LYCEE JOHN F KENNEDY,O,Académie de Dakar,DAKAR,INSTITUTION NOTRE DAME,2,Pass,ADM,2,1998,12.37,13.23,12.04,11.04,10,11,8,8,9,4,0.0,0.0,0.0,221,8.5,10.0,10.0,20,151.04999999999998,602,4.26,881,0,1,0,0,1,1,0,0,0,4,10.570365853658537,10.612075471698114,17,290,25,0,0
 Fatick,10,1,Deuxième Session,NULL,6.63,NON ADMIS,1,2018,M,S2,COURS PRIVES SALMANE AL FARICI,O,Académie de Thiès,MBOUR,COMPLEXE SCOLAIRE INTERN-KEUR MADIOR,3,Pass,ADM,2,1994,9.91,11.32,9.62,10.55,13,8,7,5,2,9,0.0,0.0,0.0,218,8.38,10.0,12.12,24,135.0,921,6.63,769,0,1,0,1,0,1,1,0,0,4,10.54970588235294,10.625599999999999,77,33,20,14,2
 Dakar,60,1,Deuxième Session,Passable,10.85,PASSE,1,2018,F,S2,LYCEE PLAN JAXAAY,O,Académie de Rufisque,JAXAAY,LYCEE PLAN JAXAAY,1,Pass,ADM,2,2000,12.45,10.79,12.98,13.59,10,12,10,11,10,3,0.0,0.0,0.0,229,8.81,10.31,10.35,18,178.0,166,10.85,209,0,1,0,0,1,1,0,2,0,0,10.276041666666666,10.262,46,310,166,10,0
 Kaolack,31,1,Deuxième Session,NULL,9.3,NON ADMIS,1,2018,F,S2,LYCEE VALDIODIO NDIAYE,O,Académie de Kaolack,KAOLACK,COLLEGE PRIVE MBOUTOU SOW,2,Pass,ADM,1,2012,10.69,11.1,12.13,12.46,8,14,11,10,6,8,0.0,0.0,0.0,260,10.0,10.0,10.12,22,165.29999999999998,316,9.3,469,0,1,0,0,1,1,0,0,0,4,10.556461538461537,10.403962264150943,52,322,17,4,3
 Thiès,60,1,Deuxième Session,Passable,10.41,PASSE,1,2018,M,S2,LYCEE LEOPOLD SEDAR SENGHOR,O,Académie de Thiès,JOAL,LYCEE LEOPOLD SEDAR SENGHOR,1,Pass,ADM,2,2008,12.5,10.03,8.96,9.52,13,10,7,7,7,6,0.0,0.0,0.0,220,8.46,10.0,10.88,20,168.0,284,10.41,284,0,1,0,1,0,1,1,2,0,0,10.54970588235294,10.558,47,294,155,14,9
Kaffrine,16,1,Deuxième Session,NULL,6.19,NON ADMIS,1,2018,F,S2,LYCEE DE BIRKILANE,O,Académie de Kaffrine,BIRKILANE,LYCEE DE BIRKILANE,2,Pass,ADM,2,2010,10.89,10.77,10.87,10.93,6,10,7,10,7,8,0.0,0.0,0.0,210,8.08,10.5,10.59,19,129.2,990,6.19,799,0,1,0,0,1,1,0,0,0,4,10.78076923076923,11.016,9,147,44,3,12
 Louga,25,1,Deuxième Session,NULL,7.05,NON ADMIS,1,2018,M,S2,LYCEE ALBOURY NDIAYE,O,Académie de Louga,LINGUERE,LYCEE ALBOURY NDIAYE,2,Pass,ADM,2,2006,11.97,10.91,10.89,10.54,11,13,8,4,10,3,0.0,0.0,0.0,222,8.54,10.0,10.29,21,173.85,207,7.05,733,0,1,0,1,0,1,1,0,0,4,10.600980392156861,10.0,67,116,27,7,5
 Diourbel,60,1,Première Session,Passable,10.81,PASSE,1,2018,M,S2,LYCEE SERIGNE MOUHAMADOU MOUSTAPHA MBACKE DE TAIF,O,Académie de Diourbel,TAIF,LYCEE SERIGNE MOUHAMADOU MOUSTAPHA MBACKE DE TAIF,2,Pass,ADM,2,1997,10.47,10.58,11.12,12.76,8,11,9,4,5,6,0.0,0.0,0.0,208,8.0,10.54,12.06,22,139.65,852,110.81,73,0,1,0,1,0,1,1,2,1,0,10.45184210526316,10.905714285714286,135,317,172,1,1
Kaffrine,45,1,Deuxième Session,NULL,9.74,AUTORISE,1,2018,F,S2,LYCEE BABACAR COBAR NDAW,O,Académie de Kaffrine,KAFFRINE,LYCEE BABACAR COBAR NDAW,1,Pass,ADM,1,2000,13.63,11.32,13.44,14.66,16,12,9,9,7,8,0.0,0.0,0.0,275,10.58,10.58,11.76,18,214.0,16,9.74,391,0,1,0,0,1,1,0,1,0,4,10.78076923076923,10.305,48,120,31,3,12
 Tambacounda,15,1,Deuxième Session,NULL,7.31,NON ADMIS,1,2018,M,S2,COURS PRIVES LAMINE GUEYE,O,Académie de Tambacounda,TAMBACOUNDA,LYCEE MAME CHEIKH MBAYE,3,Pass,ADM,2,2008,11.59,9.51,11.81,6.72,7,10,7,10,9,8,0.0,0.0,0.0,239,9.19,11.15,10.35,23,118.8,1043,7.31,707,0,1,0,1,0,1,1,0,0,4,10.563333333333333,10.5975,136,31,162,13,8
 Kaolack,50,1,Deuxième Session,NULL,9.65,AUTORISE,1,2018,M,S2,LYCEE DE MEDINA SABAKH,O,Académie de Kaolack,MEDINA SABAKH,LYCEE DE MEDINA SABAKH,3,Pass,ADM,2,2007,11.4,10.56,11.69,11.28,10,12,5,8,5,3,0.0,0.0,0.0,208,8.0,11.46,12.82,22,151.20000000000002,594,9.65,405,0,1,0,1,0,1,1,1,0,4,10.556461538461537,10.459999999999999,78,205,91,4,3
 Thiès,60,1,Deuxième Session,Passable,10.66,PASSE,1,2018,M,S2,ECOLE KHADIM RASSOUL,O,Académie de Dakar,DAKAR,UNIVERSITE AMADOU HAMPATE BA,2,Pass,ADM,1,2006,10.66,11.1,11.29,12.12,12,13,8,8,5,8,0.0,0.0,0.0,260,10.0,10.0,10.94,24,179.54999999999998,161,10.66,245,0,1,0,1,0,1,1,2,0,0,10.570365853658537,10.612075471698114,17,43,181,0,9
 Fatick,46,1,Deuxième Session,NULL,9.98,AUTORISE,1,2018,M,S2,LYCEE DE SEBIKOTANE,O,Académie de Rufisque,SEBIKOTANE,LYCEE DE SEBIKOTANE,1,Pass,ADM,1,2007,12.86,10.98,11.97,12.3,10,11,12,7,13,7,0.0,0.0,0.0,260,10.0,10.0,9.29,19,169.0,257,9.98,368,0,1,0,1,0,1,1,1,0,4,10.276041666666666,10.062000000000001,128,254,130,10,2
 Kaolack,60,1,Deuxième Session,Passable,11.76,PASSE,1,2018,M,S2,LYCEE IBRAHIMA DIOUF,O,Académie de Kaolack,KAOLACK,COLLEGE PIE XII,1,Pass,ADM,1,2000,10.69,11.75,10.59,11.44,10,12,14,14,15,6,0.0,0.0,0.0,279,10.73,10.73,9.29,18,178.0,166,11.76,129,0,1,0,1,0,1,1,2,0,0,10.556461538461537,10.403962264150943,52,289,16,4,3
 Saint-Louis,60,1,Deuxième Session,Passable,10.35,PASSE,1,2018,M,S2,LYCEE DE GAE,O,Académie de Saint - Louis,GAE,LYCEE DE GAE,2,Pass,ADM,2,2008,10.25,11.66,8.52,9.09,12,13,7,7,7,5,0.0,0.0,0.0,234,9.0,11.23,12.59,20,179.54999999999998,161,10.35,291,0,1,0,1,0,1,1,2,0,0,10.754035087719299,11.23,35,168,64,11,7
 Dakar,0,1,Deuxième Session,NULL,0.51,NON ADMIS,1,2018,F,S2,GROUPE SCOLAIRE EDUCAZUR,O,Académie de Pikine - Guédiawaye,MBAO,LYCEE DE MBAO,3,Pass,ADM,1,2016,11.06,10.87,11.56,11.1,9,13,11,6,6,15,0.0,0.0,0.0,297,11.42,11.42,12.53,21,153.9,538,0.51,1010,0,1,0,0,1,1,0,0,0,4,10.529097744360902,10.765172413793103,74,98,88,9,0
 Ziguinchor,0,1,Deuxième Session,NULL,0.38,NON ADMIS,1,2018,M,S2,"GROUPE SCOLAIRE ""PASTEEF""",O,Académie de Thiès,MBOUR,LYCEE DEMBA DIOP,1,Pass,ADM,1,1998,14.21,15.31,12.67,13.62,6,11,13,12,16,8,0.0,0.0,0.0,269,10.35,10.35,8.47,20,135.0,921,0.38,1030,0,1,0,1,0,1,1,0,0,4,10.54970588235294,10.625599999999999,77,93,148,14,10
 Dakar,60,1,Deuxième Session,Assez-Bien,12.19,PASSE,1,2018,M,S2,ECOLE PRIVEE DAVID DIOP MENDES,O,Académie de Pikine - Guédiawaye,MBAO,ECOLE ELEMENTAIRE LGI MBAO,3,Pass,ADM,2,1994,11.25,8.91,10.75,11.31,8,11,9,12,10,7,0.0,0.0,0.0,244,9.38,11.77,11.53,24,132.3,964,12.19,114,0,1,0,1,0,1,1,2,0,1,10.529097744360902,10.765172413793103,74,55,23,9,0
 Diourbel,39,1,Deuxième Session,NULL,9.3,NON ADMIS,1,2018,M,S2,LYCEE DE MBACKE,O,Académie de Diourbel,MBACKE,CEM GAINDE FATMA MBACKE,2,Pass,ADM,1,2003,10.97,10.37,12.39,11.29,9,11,11,9,11,9,0.0,0.0,0.0,266,10.23,10.23,9.71,21,145.35,724,9.3,469,0,1,0,1,0,1,1,0,0,4,10.45184210526316,10.248947368421051,73,199,4,1,1
 Thiès,60,1,Première Session,Assez-Bien,12.9,PASSE,1,2018,F,S2,LYCEE AHMADOU NDACK SECK THIES,O,Académie de Thiès,THIES,CEM MAMADOU DIAW THIES,1,Pass,ADM,1,1998,14.72,10.53,12.5,12.84,12,13,10,9,9,9,0.0,0.0,0.0,271,10.42,10.42,11.29,20,189.0,90,112.9,7,0,1,0,0,1,1,0,2,1,1,10.54970588235294,10.443461538461538,142,114,10,14,9
 Dakar,14,1,Deuxième Session,NULL,4.79,NON ADMIS,1,2018,M,S2,LYCEE CAMP MARCHAND DE RUFISQUE,O,Académie de Rufisque,RUFISQUE,LYCEE MODERNE DE RUFISQUE,2,Pass,ADM,2,1996,9.5,11.03,11.02,11.15,13,12,6,9,7,6,0.0,0.0,0.0,239,9.19,10.58,11.94,22,176.7,182,4.79,866,0,1,0,1,0,1,1,0,0,4,10.276041666666666,10.287826086956523,120,126,165,10,0
 Diourbel,20,1,Deuxième Session,NULL,7.87,NON ADMIS,1,2018,F,S2,LYCEE KHAR KANE,O,Académie de Fatick,GOSSAS,LYCEE KHAR KANE,1,Pass,ADM,2,2010,11.27,10.33,7.53,9.13,11,11,9,8,9,4,0.0,0.0,0.0,226,8.69,11.23,11.71,18,175.0,192,7.87,640,0,1,0,0,1,1,0,0,0,4,10.526071428571429,10.618888888888888,40,292,153,2,1
 Tambacounda,30,1,Deuxième Session,NULL,8.33,NON ADMIS,1,2018,M,S2,LYCEE DE MALEME NIANI,O,Académie de Tambacounda,KOUMPENTOUM,LYCEE DE KOUMPENTOUM,2,Pass,ADM,2,2009,11.5,10.7,9.85,9.41,8,10,6,10,8,5,0.0,0.0,0.0,208,8.0,10.19,9.76,21,131.1,977,8.33,591,0,1,0,1,0,1,1,0,0,4,10.563333333333333,10.85,61,194,78,13,8
 Thiès,36,1,Deuxième Session,NULL,8.85,NON ADMIS,1,2018,F,S2,LYCEE DE SALY,O,Académie de Thiès,SALY,LYCEE DE SALY,1,Pass,ADM,2,1998,10.01,11.07,9.23,8.57,7,11,8,5,6,6,0.0,0.0,0.0,209,8.04,10.0,11.06,20,141.0,830,8.85,520,0,1,0,0,1,1,0,0,0,4,10.54970588235294,11.376666666666667,124,250,126,14,9
 Saint-Louis,20,1,Deuxième Session,NULL,8.04,NON ADMIS,1,2018,F,S2,LYCEE DE GALOYA,O,Académie de Saint - Louis,GALOYA,LYCEE DE GALOYA,2,Pass,ADM,1,1998,10.77,10.01,11.32,11.44,12,10,11,7,9,12,0.0,0.0,0.0,279,10.73,10.73,11.29,20,153.9,538,8.04,620,0,1,0,0,1,1,0,0,0,4,10.754035087719299,11.135,36,169,65,11,7
 Kaolack,10,1,Deuxième Session,NULL,6.31,NON ADMIS,1,2018,M,S2,LYCEE DE WACK NGOUNA,O,Académie de Kaolack,WACK NGOUNA,LYCEE DE WACK NGOUNA,4,Pass,ADM,2,2005,10.48,10.8,13.07,12.13,8,10,7,9,10,9,0.0,0.0,0.0,242,9.31,10.0,9.76,25,117.3,1047,6.31,792,0,1,0,1,0,1,1,0,0,4,10.556461538461537,10.333333333333334,151,274,146,4,3
 Fatick,5,1,Deuxième Session,NULL,5.14,NON ADMIS,1,2018,M,S2,LYCEE COUMBA NDOFFENE DIOUF,O,Académie de Fatick,FATICK,LYCEE COUMBA NDOFFENE DIOUF,1,Pass,ADM,1,1999,14.3,11.9,10.18,10.91,9,10,12,6,14,11,0.0,0.0,0.0,275,10.58,10.58,10.06,19,154.0,523,5.14,852,0,1,0,1,0,1,1,0,0,4,10.526071428571429,10.443,32,134,33,2,2
 Dakar,60,1,Première Session,Assez-Bien,13.86,PASSE,1,2018,M,S2,LYCEE DE PIKINE,O,Académie de Pikine - Guédiawaye,GUEDIAWAYE,CEM JOSEPH CORREA B,1,Pass,ADM,1,1998,11.24,12.21,12.35,12.93,15,14,10,9,4,4,0.0,0.0,0.0,261,10.04,10.04,10.76,20,216.0,15,113.86,2,0,1,0,1,0,1,1,2,1,1,10.529097744360902,10.416290322580645,43,242,9,9,0
 Dakar,5,1,Deuxième Session,NULL,4.8,NON ADMIS,1,2018,M,S2,LYCEE DE TOUBACOUTA,O,Académie de Fatick,TOUBACOUTA,LYCEE DE TOUBACOUTA,1,Pass,ADM,2,2004,11.26,12.51,9.66,9.61,8,11,10,6,11,6,0.0,0.0,0.0,218,8.38,10.0,10.12,20,147.0,700,4.8,865,0,1,0,1,0,1,1,0,0,4,10.526071428571429,10.776,148,272,144,2,0
 Kaolack,60,1,Deuxième Session,Passable,11.95,PASSE,1,2018,F,S2,LYCEE DE KOUTAL,O,Académie de Kaolack,KOUTAL,LYCEE DE KOUTAL,2,Pass,ADM,2,2011,11.31,10.84,12.81,13.74,10,10,6,8,9,9,0.0,0.0,0.0,228,8.77,11.12,12.0,19,152.0,589,11.95,122,0,1,0,0,1,1,0,2,0,0,10.556461538461537,10.692857142857141,64,188,80,4,3
 Kaolack,24,1,Deuxième Session,NULL,6.78,NON ADMIS,1,2018,F,S2,LYCEE SAMBA DIONE DE GANDIAYE,O,Académie de Kaolack,GANDIAYE,LYCEE SAMBA DIONE DE GANDIAYE,3,Pass,ADM,2,2009,11.42,10.09,12.25,10.24,11,11,9,10,7,7,0.0,0.0,0.0,239,9.19,10.23,11.0,21,148.5,670,6.78,759,0,1,0,0,1,1,0,0,0,4,10.556461538461537,10.765,37,312,168,4,3
 Thiès,45,1,Deuxième Session,NULL,9.34,AUTORISE,1,2018,M,S2,LYCEE DE NGUEKOKH,O,Académie de Thiès,NGUEKOKH,LYCEE DE NGUEKOKH,2,Pass,ADM,1,2014,13.41,11.14,10.74,12.16,10,11,8,13,13,7,0.0,0.0,0.0,260,10.0,10.0,9.29,21,151.04999999999998,602,9.34,458,0,1,0,1,0,1,1,1,0,4,10.54970588235294,10.48,97,224,107,14,9
 Kaolack,45,1,Deuxième Session,NULL,9.91,AUTORISE,1,2018,M,S2,LYCEE DE KAFOUNTINE,O,Académie de Ziguinchor,KAFOUNTINE,LYCEE DE KAFOUNTINE,3,Pass,ADM,2,1994,9.98,10.2,10.3,9.95,11,10,9,4,6,6,0.0,0.0,0.0,219,8.42,11.65,13.12,24,140.4,840,9.91,375,0,1,0,1,0,1,1,1,0,4,10.648571428571428,11.446000000000002,49,177,71,15,3
 Tambacounda,16,1,Deuxième Session,NULL,6.92,NON ADMIS,1,2018,M,S2,LYCEE BOUNA SEMOU NIANG DE KOUMPENTOUM,O,Académie de Tambacounda,KOUMPENTOUM,LYCEE DE KOUMPENTOUM,2,Pass,ADM,2,2008,12.6,9.31,8.8,9.76,11,9,9,10,7,8,0.0,0.0,0.0,232,8.92,12.15,13.12,22,139.65,852,6.92,743,0,1,0,1,0,1,1,0,0,4,10.563333333333333,10.85,61,125,78,13,8
 Fatick,45,1,Deuxième Session,NULL,10.27,AUTORISE,1,2018,F,S2,LYCEE DE DIAKHAO,O,Académie de Fatick,DIAKHAO,LYCEE DE DIAKHAO,1,Pass,ADM,1,2011,14.29,14.76,11.02,12.2,11,11,13,10,9,6,0.0,0.0,0.0,261,10.04,10.04,9.24,19,175.0,192,10.27,302,0,1,0,0,1,1,0,1,0,4,10.526071428571429,10.175,21,155,54,2,2
 Kaolack,30,1,Deuxième Session,NULL,7.53,NON ADMIS,1,2018,M,S2,LYCEE MABA DIAKHOU BA,O,Académie de Kaolack,NIORO,LYCEE MABA DIAKHOU BA,2,Pass,ADM,2,2010,11.17,9.41,8.78,9.02,11,9,10,4,8,7,0.0,0.0,0.0,225,8.65,10.5,10.65,21,139.65,852,7.53,678,0,1,0,1,0,1,1,0,0,4,10.556461538461537,10.768888888888888,104,295,157,4,3
 Kaolack,15,1,Deuxième Session,NULL,6.93,NON ADMIS,1,2018,F,S2,LYCEE DE NDOFFANE,O,Académie de Kaolack,NDOFFANE,LYCEE DE NDOFFANE,2,Pass,ADM,2,2006,10.83,10.56,10.57,10.4,10,10,5,8,5,8,0.0,0.0,0.0,214,8.23,11.42,12.82,21,142.5,790,6.93,741,0,1,0,0,1,1,0,0,0,4,10.556461538461537,10.984,89,215,100,4,3
 Kaolack,60,1,Première Session,Passable,10.06,PASSE,1,2018,F,S2,LYCEE JOHN F KENNEDY,O,Académie de Dakar,DAKAR,LYCEE LAMINE GUEYE,1,Pass,ADM,1,2000,13.38,9.95,13.49,11.0,11,9,13,4,13,10,0.0,0.0,0.0,262,10.08,10.08,9.94,18,157.0,474,110.06,97,0,1,0,0,1,1,0,2,1,0,10.570365853658537,10.612075471698114,17,290,154,0,3
 Dakar,0,1,Deuxième Session,NULL,0.43,NON ADMIS,1,2018,M,S2,LYCEE DE BARGNY,O,Académie de Rufisque,BARGNY,LYCEE DE BARGNY,2,Pass,ADM,2,1996,10.03,10.45,9.58,12.44,6,13,7,10,11,3,0.0,0.0,0.0,208,8.0,10.62,10.53,22,145.35,724,0.43,1019,0,1,0,1,0,1,1,0,0,4,10.276041666666666,10.186,6,145,42,10,0
 Kolda,15,1,Deuxième Session,NULL,3.3,NON ADMIS,1,2018,M,S2,LYCEE CHERIF SAMSIDINE AIDARA,O,Académie de Kolda,VELINGARA,CEM IV DE VELINGARA,1,Pass,ADM,2,1996,12.7,11.07,8.59,8.93,6,13,10,5,6,4,0.0,0.0,0.0,208,8.0,11.69,12.0,22,153.0,575,3.3,929,0,1,0,1,0,1,1,0,0,4,10.615862068965518,10.844999999999999,150,131,7,5,4
 Dakar,60,1,Première Session,Passable,11.82,PASSE,1,2018,M,S1,LYCEE DE MBAO,O,Académie de Pikine - Guédiawaye,MBAO,LYCEE DE MBAO,1,ABien,ADM,1,1997,14.58,12.48,11.84,13.83,11,13,13,8,13,10,0.0,0.0,0.0,324,12.0,12.0,12.0,21,203.0,35,111.82,32,1,0,0,1,0,0,1,2,1,0,10.529097744360902,10.765172413793103,74,200,88,9,0
 Saint-Louis,11,1,Deuxième Session,NULL,7.06,NON ADMIS,1,2018,M,S2,LYCEE DE AERE LAO,O,Académie de Saint - Louis,AERE LAO,LYCEE DE AERE LAO,1,Pass,ADM,1,2008,13.51,13.15,9.98,8.76,10,12,10,10,9,8,0.0,0.0,0.0,260,10.0,10.0,10.0,20,168.0,284,7.06,732,0,1,0,1,0,1,1,0,0,4,10.754035087719299,10.0,0,138,37,11,7
 Thiès,15,1,Deuxième Session,NULL,6.74,NON ADMIS,1,2018,M,S2,LYCEE CHEIKH MOURATH NDAO,O,Académie de Thiès,MEKHE,CEM  CHEIKH MOURATH NDAO DE MEKHE,2,Pass,ADM,2,2009,12.75,10.81,10.68,10.45,11,9,4,6,3,12,0.0,0.0,0.0,231,8.88,10.69,12.35,20,139.65,852,6.74,763,0,1,0,1,0,1,1,0,0,4,10.54970588235294,10.262727272727274,80,130,0,14,9
 Thiès,60,1,Première Session,Assez-Bien,12.47,PASSE,1,2018,F,S2,LYCEE LEOPOLD SEDAR SENGHOR,O,Académie de Thiès,JOAL,LYCEE LEOPOLD SEDAR SENGHOR,1,Pass,ADM,1,2007,15.05,12.71,11.09,11.24,8,11,10,10,12,10,0.0,0.0,0.0,260,10.0,10.0,9.76,21,147.0,700,112.47,18,0,1,0,0,1,1,0,2,1,1,10.54970588235294,10.558,47,294,155,14,9
 Kolda,45,1,Deuxième Session,NULL,9.15,AUTORISE,1,2018,M,S2,LYCEE ALPHA MOLO BALDE,O,Académie de Kolda,KOLDA,LYCEE ALPHA MOLO BALDE,2,Pass,ADM,2,2009,9.79,10.64,10.64,10.41,15,8,5,8,3,7,0.0,0.0,0.0,229,8.81,10.77,11.82,21,153.9,538,9.15,485,0,1,0,1,0,1,1,1,0,4,10.615862068965518,10.507222222222222,60,118,29,5,4
 Saint-Louis,20,1,Deuxième Session,NULL,7.54,NON ADMIS,1,2018,M,S2,LYCEE DE DODEL,O,Académie de Saint - Louis,DODEL,LYCEE DE DODEL,2,Pass,ADM,2,2009,13.56,10.11,9.4,10.44,5,15,10,7,9,4,0.0,0.0,0.0,226,8.69,11.35,11.88,19,166.25,294,7.54,676,0,1,0,1,0,1,1,0,0,4,10.754035087719299,11.35,30,164,62,11,7
 Thiès,60,1,Deuxième Session,Passable,10.84,PASSE,1,2018,F,S2,GROUPE SCOLAIRE DABAKH MALICK,O,Académie de Pikine - Guédiawaye,GUEDIAWAYE,LYCEE BANQUE ISLAMIQUE,4,Pass,ADM,2,2006,10.87,11.35,12.55,11.35,7,11,9,4,6,6,0.0,0.0,0.0,208,8.0,10.19,10.71,22,119.85,1041,10.84,213,0,1,0,0,1,1,0,2,0,0,10.529097744360902,10.416290322580645,43,97,32,9,9
 Kaolack,0,1,Deuxième Session,NULL,3.27,NON ADMIS,1,2018,F,S2,LYCEE IBRAHIMA DIOUF,O,Académie de Kaolack,KAOLACK,COLLEGE PIE XII,2,Pass,ADM,2,1999,11.22,10.75,10.81,10.75,8,13,10,7,5,5,0.0,0.0,0.0,226,8.69,10.0,9.76,19,166.25,294,3.27,930,0,1,0,0,1,1,0,0,0,4,10.556461538461537,10.403962264150943,52,289,16,4,3
 Fatick,26,1,Deuxième Session,NULL,6.98,NON ADMIS,1,2018,F,S2,LYCEE DE DIOFIOR,O,Académie de Fatick,DIOFIOR,LYCEE DE DIOFIOR,2,Pass,ADM,2,1994,9.67,9.98,8.61,9.33,13,9,8,6,7,6,0.0,0.0,0.0,228,8.77,11.27,11.94,24,151.04999999999998,602,6.98,740,0,1,0,0,1,1,0,0,0,4,10.526071428571429,10.6625,25,159,58,2,2
 Kaolack,25,1,Deuxième Session,NULL,7.24,NON ADMIS,1,2018,F,S2,CANDIDAT INDIVIDUEL LOUGA (CAOSP),I,Académie de Louga,LOUGA,LYCEE DE SAGATA GUETT,4,Pass,ADM,1,2006,0.0,0.0,0.0,0.0,13,9,9,7,8,12,0.0,0.0,0.0,260,10.0,10.0,11.24,21,135.15,915,7.24,713,0,1,0,0,1,1,0,0,0,4,10.600980392156861,10.55,68,9,123,7,3
 Dakar,15,1,Deuxième Session,NULL,4.01,NON ADMIS,1,2018,M,S2,LYCEE BANQUE ISLAMIQUE,O,Académie de Pikine - Guédiawaye,GUEDIAWAYE,LYCEE BANQUE ISLAMIQUE,1,Pass,ADM,2,2000,11.0,10.58,8.81,11.13,13,9,6,10,3,5,0.0,0.0,0.0,223,8.58,10.08,10.88,18,169.0,257,4.01,894,0,1,0,1,0,1,1,0,0,4,10.529097744360902,10.416290322580645,43,121,32,9,0
Sédhiou,46,1,Deuxième Session,NULL,9.33,AUTORISE,1,2018,M,S2,LYCEE IBOU DIALLO,O,Académie de Sédhiou,SEDHIOU,LYCEE IBOU DIALLO,2,Pass,ADM,1,1999,12.67,11.42,10.93,10.96,9,13,12,10,9,8,0.0,0.0,0.0,269,10.35,10.35,10.06,19,171.95,234,9.33,460,0,1,0,1,0,1,1,1,0,4,10.52925925925926,10.50375,129,288,152,12,14
Kaffrine,50,1,Deuxième Session,NULL,10.78,AUTORISE,1,2018,M,S2,LYCEE EL HADJI IBRAHIMA BA KOUNGHEUL,O,Académie de Kaffrine,KOUNGHEUL,LYCEE EL HADJI IBRAHIMA BA KOUNGHEUL,2,Pass,ADM,2,2008,11.53,9.36,10.86,10.51,11,10,10,7,4,4,0.0,0.0,0.0,216,8.31,11.62,12.76,22,148.2,679,10.78,225,0,1,0,1,0,1,1,1,0,4,10.78076923076923,11.001999999999999,62,282,150,3,12
 Dakar,60,1,Deuxième Session,Passable,10.19,PASSE,1,2018,F,S2,LYCEE DE MBAO,O,Académie de Pikine - Guédiawaye,MBAO,LYCEE DE MBAO,2,Pass,ADM,2,1998,10.74,11.43,12.11,11.82,11,12,8,5,7,5,0.0,0.0,0.0,234,9.0,10.15,11.0,20,165.29999999999998,316,10.19,319,0,1,0,0,1,1,0,2,0,0,10.529097744360902,10.765172413793103,74,200,88,9,0
 Dakar,41,1,Deuxième Session,NULL,10.53,NON ADMIS,1,2018,F,S2,LYCEE DE THIAROYE,O,Académie de Pikine - Guédiawaye,PIKINE,LYCEE DE THIAROYE,1,Pass,ADM,2,1997,13.78,12.23,10.42,10.65,9,11,7,11,10,3,0.0,0.0,0.0,225,8.65,10.0,8.59,21,153.0,575,10.53,263,0,1,0,0,1,1,0,0,0,4,10.529097744360902,10.27,113,264,139,9,0
 Thiès,15,1,Deuxième Session,NULL,6.62,NON ADMIS,1,2018,F,S2,LYCEE DE TOGLOU,O,Académie de Thiès,DIASS,LYCEE DE DIASS,1,Pass,ADM,2,1998,13.33,11.18,9.67,9.97,13,9,9,8,8,2,0.0,0.0,0.0,208,8.0,11.35,12.65,20,159.0,448,6.62,770,0,1,0,0,1,1,0,0,0,4,10.54970588235294,10.526666666666666,24,270,57,14,9
 Dakar,0,1,Deuxième Session,NULL,0.36,NON ADMIS,1,2018,M,S2,LYCEE DE MATAM,O,Académie de Matam,MATAM,LYCEE DE MATAM,1,Pass,ADM,1,2006,10.39,11.87,9.76,10.01,8,12,12,10,8,9,0.0,0.0,0.0,261,10.04,10.04,9.76,20,156.0,514,0.36,1033,0,1,0,1,0,1,1,0,0,4,10.74148148148148,11.118,72,198,86,8,0
 Saint-Louis,10,1,Deuxième Session,NULL,2.33,NON ADMIS,1,2018,M,S2,LYCEE DE RICHARD TOLL,O,Académie de Saint - Louis,RICHARD TOLL,CEM II DE RICHARD-TOLL,1,Pass,ADM,2,2010,11.83,11.05,9.87,9.95,10,13,7,6,12,4,0.0,0.0,0.0,218,8.38,10.31,10.35,19,187.0,98,2.33,964,0,1,0,1,0,1,1,0,0,4,10.754035087719299,11.052222222222222,118,245,6,11,7
Sédhiou,19,1,Deuxième Session,NULL,8.6,NON ADMIS,1,2018,F,S2,COMPLEXE SCOLAIRE ABABACAR LAYE,O,Académie de Dakar,DAKAR,UNIVERSITE AMADOU HAMPATE BA,3,Pass,ADM,2,2006,14.61,13.14,12.93,13.27,9,12,6,10,9,7,0.0,0.0,0.0,237,9.12,10.58,10.71,20,145.8,717,8.6,553,0,1,0,0,1,1,0,0,0,4,10.570365853658537,10.612075471698114,17,24,181,0,14
 Thiès,60,1,Deuxième Session,Passable,11.66,PASSE,1,2018,M,S2,LYCEE DE SANDIARA,O,Académie de Thiès,SANDIARA,LYCEE DE SANDIARA,2,Pass,ADM,1,1994,11.77,11.52,10.97,12.76,12,12,8,5,12,8,0.0,0.0,0.0,260,10.0,10.0,10.59,24,171.0,236,11.66,136,0,1,0,1,0,1,1,2,0,0,10.54970588235294,10.333333333333334,126,252,128,14,9
 Saint-Louis,0,1,Deuxième Session,NULL,0.61,NON ADMIS,1,2018,M,S2,LYCEE BABA DIONGUE,O,Académie de Saint - Louis,PODOR,LYCEE BABA DIONGUE,1,Pass,ADM,1,2000,11.2,10.03,12.97,13.7,12,11,13,10,4,10,0.0,0.0,0.0,283,10.88,10.88,10.94,18,181.0,138,0.61,1007,0,1,0,1,0,1,1,0,0,4,10.754035087719299,10.542857142857143,115,119,30,11,7
 Louga,0,1,Deuxième Session,NULL,3.79,NON ADMIS,1,2018,M,S2,LYCEE SERIGNE MOUHAMADOU MOUSTAPHA MBACKE DE TAIF,O,Académie de Diourbel,TAIF,LYCEE SERIGNE MOUHAMADOU MOUSTAPHA MBACKE DE TAIF,3,Pass,ADM,2,2005,11.78,9.25,11.06,10.8,6,11,13,9,9,6,0.0,0.0,0.0,224,8.62,10.92,11.06,23,121.5,1037,3.79,903,0,1,0,1,0,1,1,0,0,4,10.45184210526316,10.905714285714286,135,317,172,1,5
 Louga,60,1,Deuxième Session,Passable,10.47,PASSE,1,2018,M,S2,NOUVEAU LYCEE DE DAHRA ,O,Académie de Louga,DAHRA,LYCEE DE DAHRA,2,Pass,ADM,2,2006,9.94,11.29,10.23,9.45,7,10,8,5,8,5,0.0,0.0,0.0,209,8.04,10.15,9.71,21,125.39999999999999,1013,10.47,274,0,1,0,1,0,1,1,2,0,0,10.600980392156861,10.696666666666665,16,325,52,7,5
 Dakar,60,1,Première Session,Passable,11.53,PASSE,1,2018,F,S2,LYCEE JOHN F KENNEDY,O,Académie de Dakar,DAKAR,LYCEE TECHNIQUE INDUSTRIEL DELAFOSSE,1,Pass,ADM,1,1999,14.94,9.95,12.25,9.79,10,11,9,9,11,8,0.0,0.0,0.0,260,10.0,10.0,9.65,19,169.0,257,111.53,44,0,1,0,0,1,1,0,2,1,0,10.570365853658537,10.612075471698114,17,290,177,0,0
 Thiès,21,1,Deuxième Session,NULL,6.71,NON ADMIS,1,2018,F,S2,LYCEE D'ENSEIGNEMENT GENERAL DE DIOURBEL,O,Académie de Diourbel,DIOURBEL,LYCEE D'ENSEIGNEMENT GENERAL DE DIOURBEL,2,Pass,ADM,2,1998,12.14,10.57,10.22,9.6,12,10,7,8,9,4,0.0,0.0,0.0,220,8.46,10.04,10.18,20,153.9,538,6.71,766,0,1,0,0,1,1,0,0,0,4,10.45184210526316,10.391739130434782,27,135,35,1,9
 Dakar,5,1,Deuxième Session,NULL,2.44,NON ADMIS,1,2018,M,S2,LYCEE ALINE SITOE DIATTA,O,Académie de Ziguinchor,OUSSOUYE,LYCEE ALINE SITOE DIATTA,2,Pass,ADM,2,1997,0.0,0.0,0.0,0.0,6,12,13,10,7,6,0.0,0.0,0.0,246,9.46,11.08,10.12,21,136.79999999999998,899,2.44,958,0,1,0,1,0,1,1,0,0,4,10.648571428571428,10.831999999999999,107,117,28,15,0
Kaffrine,30,1,Deuxième Session,NULL,6.14,NON ADMIS,1,2018,M,S2,LYCEE BLAISE DIAGNE,O,Académie de Dakar,DAKAR,LYCEE TECHNIQUE INDUSTRIEL DELAFOSSE,2,Pass,ADM,1,1998,12.56,10.77,13.09,13.77,11,11,10,13,5,8,0.0,0.0,0.0,260,10.0,10.0,9.94,20,156.75,491,6.14,803,0,1,0,1,0,1,1,0,0,4,10.570365853658537,10.612075471698114,17,122,177,0,12
 Thiès,30,1,Deuxième Session,NULL,8.34,NON ADMIS,1,2018,M,S2,LYCEE DE MBORO,O,Académie de Thiès,MBORO,LYCEE DE MBORO,1,Pass,ADM,1,2004,13.88,11.54,9.77,10.0,7,12,14,10,13,9,0.0,0.0,0.0,277,10.65,10.65,9.47,19,160.0,403,8.34,589,0,1,0,1,0,1,1,0,0,4,10.54970588235294,10.43,75,202,89,14,9
 Thiès,36,1,Deuxième Session,NULL,9.07,NON ADMIS,1,2018,M,S2,LYCEE SEYDINA LIMAMOULAYE,O,Académie de Pikine - Guédiawaye,GUEDIAWAYE,CEM JOSEPH CORREA B,2,Pass,ADM,2,2005,10.09,9.95,10.95,10.91,3,16,10,8,8,9,0.0,0.0,0.0,242,9.31,10.5,11.18,20,153.9,538,9.07,494,0,1,0,1,0,1,1,0,0,4,10.529097744360902,10.416290322580645,43,320,9,9,9
 Dakar,4,1,Deuxième Session,NULL,2.64,NON ADMIS,1,2018,F,S2,LYCEE SEYDINA LIMAMOULAYE,O,Académie de Pikine - Guédiawaye,GUEDIAWAYE,CEM OGO DIOP,1,Pass,ADM,1,1998,11.27,13.12,11.27,10.98,14,12,10,6,10,6,0.0,0.0,0.0,265,10.19,10.19,10.47,20,192.0,74,2.64,954,0,1,0,0,1,1,0,0,0,4,10.529097744360902,10.416290322580645,43,320,13,9,0
 Kolda,21,1,Deuxième Session,NULL,6.04,NON ADMIS,1,2018,M,S2,CANDIDAT INDIVIDUEL KOLDA (CAOSP),I,Académie de Kolda,KOLDA,LYCEE DE DABO,3,Pass,ADM,2,1996,0.0,0.0,0.0,0.0,11,10,10,6,10,5,0.0,0.0,0.0,223,8.58,11.42,11.71,22,140.4,840,6.04,806,0,1,0,1,0,1,1,0,0,4,10.615862068965518,10.507222222222222,60,8,51,5,4
 Thiès,11,1,Deuxième Session,NULL,6.23,NON ADMIS,1,2018,M,S2,"ECOLE PRIVEE LAIQUE ""GROUPE SCOLAIRE MAME CHEIKH ANTA MBACKE""",O,Académie de Thiès,TOUBA TOUL,LYCEE DE TOUBA TOUL,3,Pass,ADM,2,2005,0.0,0.0,0.0,0.0,9,11,8,6,11,5,0.0,0.0,0.0,227,8.73,10.46,10.76,22,137.70000000000002,888,6.23,798,0,1,0,1,0,1,1,0,0,4,10.54970588235294,10.115,147,73,143,14,9
 Dakar,40,1,Deuxième Session,NULL,9.23,NON ADMIS,1,2018,F,S2,LYCEE MAITRE ABDOULAYE WADE,O,Académie de Saint - Louis,DAGANA,LYCEE MAITRE ABDOULAYE WADE,1,Pass,ADM,2,2000,11.58,10.07,9.6,8.91,6,11,7,5,9,7,0.0,0.0,0.0,208,8.0,10.54,11.06,18,145.0,753,9.23,476,0,1,0,0,1,1,0,0,0,4,10.754035087719299,11.115,15,299,160,11,0
 Dakar,0,1,Deuxième Session,NULL,3.66,NON ADMIS,1,2018,F,S2,ECOLE PRIVEE DAVID DIOP MENDES,O,Académie de Pikine - Guédiawaye,MBAO,ECOLE ELEMENTAIRE LGI MBAO,4,Pass,ADM,2,1995,13.68,12.13,12.16,10.9,8,12,5,5,8,4,0.0,0.0,0.0,208,8.0,11.0,11.53,23,132.6,960,3.66,913,0,1,0,0,1,1,0,0,0,4,10.529097744360902,10.765172413793103,74,55,23,9,0
 Dakar,0,1,Deuxième Session,NULL,0.36,NON ADMIS,1,2018,F,S2,LYCEE DE BARGNY,O,Académie de Rufisque,BARGNY,LYCEE DE BARGNY,1,Pass,ADM,2,2006,11.84,10.57,9.29,11.44,5,13,13,12,9,5,0.0,0.0,0.0,235,9.04,10.23,9.18,20,147.0,700,0.36,1033,0,1,0,0,1,1,0,0,0,4,10.276041666666666,10.186,6,145,42,10,0
 Kaolack,60,1,Première Session,Passable,11.31,PASSE,1,2018,F,S2,LYCEE DE TAIBA NIASSENE,O,Académie de Kaolack,TAIBA NIASSENE,LYCEE DE TAIBA NIASSENE,1,Pass,ADM,1,2011,14.45,13.67,10.4,10.52,11,13,10,7,10,11,0.0,0.0,0.0,284,10.92,10.92,11.71,19,193.0,67,111.31,49,0,1,0,0,1,1,0,2,1,0,10.556461538461537,10.432222222222222,134,258,134,4,3
 Dakar,60,1,Deuxième Session,Passable,10.63,PASSE,1,2018,M,S2,LYCEE EL HADJI IBRAHIMA DIOP DE YEUMBEUL,O,Académie de Pikine - Guédiawaye,PIKINE,CEM THIAROYE 44,1,Pass,ADM,1,1998,0.0,0.0,0.0,0.0,10,11,12,11,6,9,0.0,0.0,0.0,267,10.27,10.27,10.0,20,159.0,448,10.63,250,0,1,0,1,0,1,1,2,0,0,10.529097744360902,10.27,113,283,14,9,0
 Kaolack,10,1,Deuxième Session,NULL,7.44,NON ADMIS,1,2018,M,S2,LYCEE DE TATTAGUINE,O,Académie de Fatick,TATTAGUINE,LYCEE DE TATTAGUINE,4,Pass,ADM,2,1998,9.77,10.28,9.38,9.31,5,14,8,6,5,8,0.0,0.0,0.0,220,8.46,10.04,11.65,25,132.6,960,7.44,689,0,1,0,1,0,1,1,0,0,4,10.526071428571429,10.4525,139,261,137,2,3
 Fatick,21,1,Deuxième Session,NULL,7.81,NON ADMIS,1,2018,M,S2,LYCEE DE DIOHINE,O,Académie de Fatick,DIOHINE,LYCEE DE DIOHINE,3,Pass,ADM,1,2006,11.79,12.29,9.75,9.25,11,14,8,12,9,6,0.0,0.0,0.0,260,10.0,10.0,10.29,22,172.8,219,7.81,647,0,1,0,1,0,1,1,0,0,4,10.526071428571429,10.315999999999999,26,160,59,2,2
 Thiès,11,1,Deuxième Session,NULL,5.75,NON ADMIS,1,2018,M,S2,ECOLE PRIVEE KOCC BARMA PROMO,O,Académie de Thiès,THIES,ECOLE ELEMENTAIRE GERMAINE LE GOFF DE THIES,4,Pass,ADM,2,2016,9.15,9.79,11.19,12.35,6,12,9,8,10,5,0.0,0.0,0.0,219,8.42,10.27,9.88,23,122.39999999999999,1034,5.75,823,0,1,0,1,0,1,1,0,0,4,10.54970588235294,10.443461538461538,142,65,22,14,9
 Fatick,5,1,Deuxième Session,NULL,3.24,NON ADMIS,1,2018,M,S2,LYCEE KHAR KANE,O,Académie de Fatick,GOSSAS,LYCEE KHAR KANE,2,Pass,ADM,2,1998,10.2,10.56,8.9,9.0,10,11,7,10,13,4,0.0,0.0,0.0,233,8.96,12.08,11.76,20,151.04999999999998,602,3.24,931,0,1,0,1,0,1,1,0,0,4,10.526071428571429,10.618888888888888,40,292,153,2,2
 Thiès,46,1,Deuxième Session,NULL,9.03,AUTORISE,1,2018,M,S2,LYCEE DE THIADIAYE,O,Académie de Thiès,THIADIAYE,CEM I DE THIADIAYE,2,Pass,ADM,2,2008,11.28,10.86,7.76,7.7,13,12,7,5,5,9,0.0,0.0,0.0,252,9.69,11.19,13.0,19,186.2,110,9.03,501,0,1,0,1,0,1,1,1,0,4,10.54970588235294,10.738,140,262,5,14,9
 Dakar,60,1,Deuxième Session,Passable,10.92,PASSE,1,2018,M,S2,LYCEE MODERNE DE RUFISQUE,O,Académie de Rufisque,RUFISQUE,LYCEE MODERNE DE RUFISQUE,1,Pass,ADM,2,1998,12.04,10.53,10.31,8.74,10,11,8,6,5,5,0.0,0.0,0.0,214,8.23,10.0,10.71,20,159.0,448,10.92,201,0,1,0,1,0,1,1,2,0,0,10.276041666666666,10.287826086956523,120,308,165,10,0
 Kolda,40,1,Deuxième Session,NULL,9.51,NON ADMIS,1,2018,M,S2,LYCEE DE PATA,O,Académie de Kolda,PATA,LYCEE DE PATA,2,Pass,ADM,2,2010,10.28,9.88,10.0,9.85,8,12,8,12,5,5,0.0,0.0,0.0,210,8.08,10.35,10.41,19,157.7,468,9.51,428,0,1,0,1,0,1,1,0,0,4,10.615862068965518,10.35,110,238,117,5,4
 Matam,11,1,Deuxième Session,NULL,6.57,NON ADMIS,1,2018,M,S2,LYCEE DE MATAM,O,Académie de Matam,MATAM,LYCEE DE MATAM,2,Pass,ADM,2,1996,9.59,8.31,7.34,6.41,9,11,12,4,5,8,0.0,0.0,0.0,225,8.65,10.31,11.18,22,145.35,724,6.57,772,0,1,0,1,0,1,1,0,0,4,10.74148148148148,11.118,72,198,86,8,6
 Thiès,0,1,Deuxième Session,NULL,0.46,NON ADMIS,1,2018,M,S2,ECOLE PRIVEE NATANGUE,O,Académie de Pikine - Guédiawaye,KEUR MASSAR,LYCEE ZONE DE RECASEMENT DE KEUR MASSAR ,3,Pass,ADM,2,1994,11.32,9.99,11.95,12.42,9,13,7,7,10,7,0.0,0.0,0.0,245,9.42,10.77,10.41,24,153.9,538,0.46,1016,0,1,0,1,0,1,1,0,0,4,10.529097744360902,10.795238095238094,57,84,179,9,9
 Kaolack,15,1,Deuxième Session,NULL,6.33,NON ADMIS,1,2018,M,S2,"ECOLE PRIVEE ""LA COMPETENCE PROFESSEUR ABDOUL WAHAB KANE""",I,Académie de Fatick,GOSSAS,LYCEE KHAR KANE,4,Pass,ADM,1,2007,0.0,0.0,0.0,0.0,17,10,9,8,10,8,0.0,0.0,0.0,278,10.69,10.69,11.35,23,163.2,343,6.33,789,0,1,0,1,0,1,1,0,0,4,10.526071428571429,10.618888888888888,40,48,153,2,3
 Dakar,9,1,Deuxième Session,NULL,3.72,NON ADMIS,1,2018,F,S2,LYCEE ZONE DE RECASEMENT DE KEUR MASSAR ,O,Académie de Pikine - Guédiawaye,KEUR MASSAR,LYCEE ZONE DE RECASEMENT DE KEUR MASSAR ,1,Pass,ADM,2,2014,13.75,14.69,13.35,13.86,6,11,10,8,6,8,0.0,0.0,0.0,215,8.27,10.92,12.53,20,135.0,921,3.72,908,0,1,0,0,1,1,0,0,0,4,10.529097744360902,10.795238095238094,57,324,179,9,0
 Dakar,60,1,Deuxième Session,Passable,10.07,PASSE,1,2018,F,S2,LYCEE LEOPOLD SEDAR SENGHOR,O,Académie de Thiès,JOAL,LYCEE LEOPOLD SEDAR SENGHOR,1,Pass,ADM,1,1998,13.29,11.18,11.63,11.66,15,12,11,8,13,10,0.0,0.0,0.0,302,11.62,11.62,12.18,20,198.0,48,10.07,344,0,1,0,0,1,1,0,2,0,0,10.54970588235294,10.558,47,294,155,14,0
Kaffrine,15,1,Deuxième Session,NULL,6.36,NON ADMIS,1,2018,M,S2,LYCEE DE BOULEL,O,Académie de Kaffrine,BOULEL,LYCEE DE BOULEL,3,Pass,ADM,2,2001,11.93,10.79,11.0,10.0,7,10,8,11,10,6,0.0,0.0,0.0,230,8.85,10.23,9.12,24,118.8,1043,6.36,783,0,1,0,1,0,1,1,0,0,4,10.78076923076923,11.553333333333333,11,150,47,3,12
 Thiès,60,1,Deuxième Session,Passable,10.14,PASSE,1,2018,M,S2,LYCEE DE THIADIAYE,O,Académie de Thiès,THIADIAYE,CEM I DE THIADIAYE,1,Pass,ADM,1,1999,11.91,13.04,13.87,14.28,8,14,5,6,12,9,0.0,0.0,0.0,260,10.0,10.0,10.47,19,184.0,120,10.14,329,0,1,0,1,0,1,1,2,0,0,10.54970588235294,10.738,140,262,5,14,9
 Saint-Louis,4,1,Deuxième Session,NULL,4.89,NON ADMIS,1,2018,M,S2,LYCEE DE GUIRO YERO BOCAR,O,Académie de Kolda,KOLDA,LYCEE DE SALIKEGNE,4,Pass,ADM,2,1993,0.0,0.0,11.83,12.15,10,11,12,5,10,5,0.0,0.0,0.0,228,8.77,10.12,9.94,25,135.15,915,4.89,860,0,1,0,1,0,1,1,0,0,4,10.615862068965518,10.507222222222222,60,176,125,5,7
 Dakar,34,1,Deuxième Session,NULL,8.21,NON ADMIS,1,2018,M,S2,LYCEE SEYDINA LIMAMOULAYE,O,Académie de Pikine - Guédiawaye,GUEDIAWAYE,CEM OGO DIOP,1,Pass,ADM,2,1997,12.32,10.04,8.95,8.57,7,10,12,12,6,8,0.0,0.0,0.0,240,9.23,10.92,10.65,21,132.0,971,8.21,601,0,1,0,1,0,1,1,0,0,4,10.529097744360902,10.416290322580645,43,320,13,9,0
 Thiès,60,1,Deuxième Session,Passable,11.29,PASSE,1,2018,M,S2,LYCEE DEMBA DIOP,O,Académie de Thiès,MBOUR,COMPLEXE SCOLAIRE INTERN-KEUR MADIOR,1,Pass,ADM,2,2010,11.51,8.83,11.18,10.77,11,9,7,5,9,8,0.0,0.0,0.0,228,8.77,10.69,12.0,20,147.0,700,11.29,163,0,1,0,1,0,1,1,2,0,0,10.54970588235294,10.625599999999999,77,277,20,14,9
 Fatick,60,1,Deuxième Session,Passable,10.33,PASSE,1,2018,F,S2,LYCEE SEYDINA ISSA ROHOU LAHI,O,Académie de Pikine - Guédiawaye,GUEDIAWAYE,CEM JOSEPH CORREA B,1,Pass,ADM,2,2009,10.58,12.56,10.77,11.68,9,11,11,3,8,7,0.0,0.0,0.0,232,8.92,10.08,10.76,19,163.0,345,10.33,293,0,1,0,0,1,1,0,2,0,0,10.529097744360902,10.416290322580645,43,319,9,9,2
 Matam,35,1,Deuxième Session,NULL,8.62,NON ADMIS,1,2018,M,S2,LYCEE MALICK SY,O,Académie de Thiès,THIES,COLLEGE SAINT GABRIEL,2,Pass,ADM,1,2010,14.73,10.09,12.04,13.16,12,9,11,12,7,9,0.0,0.0,0.0,267,10.27,10.27,9.88,21,145.35,724,8.62,550,0,1,0,1,0,1,1,0,0,4,10.54970588235294,10.443461538461538,142,301,19,14,6
 Diourbel,60,1,Deuxième Session,Passable,10.9,PASSE,1,2018,F,S2,LYCEE CHEIKH MOUHAMADOU MOUSTAPHA MBACKE,O,Académie de Diourbel,DIOURBEL,LYCEE TECHNIQUE AMADOU BAMBA,1,Pass,ADM,1,2011,14.28,10.73,11.29,12.74,12,12,10,7,8,8,0.0,0.0,0.0,260,10.0,10.0,10.59,19,190.0,81,10.9,203,0,1,0,0,1,1,0,2,0,0,10.45184210526316,10.391739130434782,27,129,174,1,1
 Fatick,25,1,Deuxième Session,NULL,6.68,NON ADMIS,1,2018,M,S2,LYCEE DE PASSY,O,Académie de Fatick,PASSY,LYCEE DE PASSY,1,Pass,ADM,2,2006,11.0,10.21,7.89,9.23,10,11,10,6,6,7,0.0,0.0,0.0,231,8.88,10.04,11.06,19,169.0,257,6.68,767,0,1,0,1,0,1,1,0,0,4,10.526071428571429,10.546000000000001,109,237,116,2,2
 Thiès,46,1,Deuxième Session,NULL,10.89,AUTORISE,1,2018,F,S2,LYCEE ABABACAR SY,O,Académie de Thiès,TIVAOUANE,LYCEE ABABACAR SY,1,Pass,ADM,2,1999,13.24,10.9,9.92,10.08,7,10,9,11,7,5,0.0,0.0,0.0,218,8.38,10.12,9.47,19,142.0,820,10.89,206,0,1,0,0,1,1,0,1,0,4,10.54970588235294,10.565833333333332,145,112,26,14,9
 Saint-Louis,10,1,Deuxième Session,NULL,6.43,NON ADMIS,1,2018,F,S2,LYCEE BABA DIONGUE,O,Académie de Saint - Louis,PODOR,LYCEE BABA DIONGUE,3,Pass,ADM,2,2004,11.97,11.4,10.02,9.19,9,11,9,7,7,8,0.0,0.0,0.0,241,9.27,10.0,10.0,20,137.70000000000002,888,6.43,782,0,1,0,0,1,1,0,0,0,4,10.754035087719299,10.542857142857143,115,119,30,11,7
 Kaolack,50,1,Deuxième Session,NULL,9.74,AUTORISE,1,2018,M,S2,LYCEE EL HADJI ABDOU HAMID KANE,O,Académie de Kaolack,KAOLACK,COLLEGE PRIVE MBOUTOU SOW,2,Pass,ADM,1,1997,9.95,9.86,7.79,8.55,13,12,12,7,8,13,0.0,0.0,0.0,300,11.54,11.54,12.65,21,176.7,182,9.74,391,0,1,0,1,0,1,1,1,0,4,10.556461538461537,10.403962264150943,52,281,17,4,3
 Saint-Louis,0,1,Deuxième Session,NULL,2.24,NON ADMIS,1,2018,M,S2,LYCEE DE MBORO,O,Académie de Thiès,MBORO,LYCEE DE MBORO,2,Pass,ADM,1,2004,9.28,10.37,9.55,9.01,11,11,8,7,7,12,0.0,0.0,0.0,262,10.08,10.08,11.35,21,156.75,491,2.24,968,0,1,0,1,0,1,1,0,0,4,10.54970588235294,10.43,75,202,89,14,7
 Thiès,45,1,Deuxième Session,NULL,9.98,AUTORISE,1,2018,M,S2,COLLEGE MODERNE LAT DIOR,O,Académie de Thiès,THIES,COLLEGE SAINT GABRIEL,2,Pass,ADM,1,2007,13.48,9.19,13.37,13.81,11,11,7,10,5,11,0.0,0.0,0.0,260,10.0,10.0,11.0,20,156.75,491,9.98,368,0,1,0,1,0,1,1,1,0,4,10.54970588235294,10.443461538461538,142,16,19,14,9
 Ziguinchor,21,1,Deuxième Session,NULL,7.61,NON ADMIS,1,2018,M,S2,LYCEE DJIGNABO,O,Académie de Ziguinchor,ZIGUINCHOR,COLLEGE SAINT CHARLES LWANGA,1,Pass,ADM,1,2001,11.83,12.32,10.46,10.36,5,13,15,9,10,11,0.0,0.0,0.0,278,10.69,10.69,9.94,19,157.0,474,7.61,669,0,1,0,1,0,1,1,0,0,4,10.648571428571428,10.55111111111111,153,280,18,15,10
 Dakar,34,1,Deuxième Session,NULL,10.21,NON ADMIS,1,2018,M,S2,LYCEE MAME CHEIKH MBAYE,O,Académie de Tambacounda,TAMBACOUNDA,LYCEE MAME CHEIKH MBAYE,2,Pass,ADM,2,2015,10.81,10.32,11.0,9.87,7,12,12,12,7,6,0.0,0.0,0.0,244,9.38,10.42,10.0,20,142.5,790,10.21,314,0,1,0,1,0,1,1,0,0,4,10.563333333333333,10.5975,136,302,162,13,0
 Louga,60,1,Première Session,Assez-Bien,12.27,PASSE,1,2018,M,S2,LYCEE MACODOU KANGUE SALL,O,Académie de Louga,KEBEMER,LYCEE MACODOU KANGUE SALL,1,Pass,ADM,2,1997,9.79,11.82,10.59,10.55,14,13,11,5,7,5,0.0,0.0,0.0,246,9.46,13.54,16.12,22,201.0,40,112.27,21,0,1,0,1,0,1,1,2,1,1,10.600980392156861,10.82,54,297,158,7,5
 Kaolack,60,1,Deuxième Session,Passable,10.7,PASSE,1,2018,F,S2,ECOLE PRIVEE LA MAIEUTIQUE,O,Académie de Dakar,PARCELLES ASSAINIES,CEM UNITE 19,3,Pass,ADM,2,2008,11.94,10.98,11.55,12.17,11,11,8,11,10,5,0.0,0.0,0.0,242,9.31,11.27,11.71,22,148.5,670,10.7,238,0,1,0,0,1,1,0,2,0,0,10.570365853658537,10.494137931034482,108,69,15,0,3
 Ziguinchor,31,1,Deuxième Session,NULL,9.74,NON ADMIS,1,2018,M,S2,LYCEE DE KAFOUNTINE,O,Académie de Ziguinchor,KAFOUNTINE,LYCEE DE KAFOUNTINE,3,Pass,ADM,2,2007,10.51,8.73,10.71,11.42,9,11,8,6,7,8,0.0,0.0,0.0,230,8.85,10.96,12.12,21,137.70000000000002,888,9.74,391,0,1,0,1,0,1,1,0,0,4,10.648571428571428,11.446000000000002,49,177,71,15,10
 Thiès,60,1,Première Session,Passable,10.54,PASSE,1,2018,M,S2,LYCEE ABABACAR SY,O,Académie de Thiès,TIVAOUANE,LYCEE ABABACAR SY,2,Pass,ADM,1,1997,10.99,10.61,11.22,12.52,15,10,10,10,8,6,0.0,0.0,0.0,264,10.15,10.15,10.06,21,171.0,236,110.53999999999999,83,0,1,0,1,0,1,1,2,1,0,10.54970588235294,10.565833333333332,145,112,26,14,9
 Louga,25,1,Deuxième Session,NULL,8.7,NON ADMIS,1,2018,M,S2,ECOLE PRIVEE RESEAU CRAC MEKHE,O,Académie de Thiès,MEKHE,CEM  CHEIKH MOURATH NDAO DE MEKHE,2,Pass,ADM,1,2005,11.42,9.51,14.05,11.05,11,10,11,13,6,8,0.0,0.0,0.0,264,10.15,10.15,9.59,21,148.2,679,8.7,541,0,1,0,1,0,1,1,0,0,4,10.54970588235294,10.262727272727274,80,87,0,14,5
 Kaolack,60,1,Première Session,Passable,11.12,PASSE,1,2018,M,S2,LYCEE VALDIODIO NDIAYE,O,Académie de Kaolack,KAOLACK,COLLEGE PIE XII,1,Pass,ADM,2,2010,14.47,10.56,11.99,12.0,11,10,12,5,8,5,0.0,0.0,0.0,233,8.96,11.42,11.35,20,156.0,514,111.12,60,0,1,0,1,0,1,1,2,1,0,10.556461538461537,10.403962264150943,52,322,16,4,3
 Kaolack,60,1,Deuxième Session,Passable,10.01,PASSE,1,2018,F,S2,LYCEE EL HADJI ABDOU HAMID KANE,O,Académie de Kaolack,KAOLACK,COLLEGE PIE XII,1,Pass,ADM,1,1999,12.09,12.47,12.0,12.94,8,13,12,11,4,8,0.0,0.0,0.0,260,10.0,10.0,9.76,19,175.0,192,10.01,356,0,1,0,0,1,1,0,2,0,0,10.556461538461537,10.403962264150943,52,281,16,4,3
Sédhiou,11,1,Deuxième Session,NULL,5.7,NON ADMIS,1,2018,M,S2,LYCEE DE MEDINA WANDIFA,O,Académie de Sédhiou,MEDINA WANDIFA,LYCEE DE MEDINA WANDIFA,1,Pass,ADM,1,2011,13.49,12.3,10.59,11.59,9,11,10,10,7,9,0.0,0.0,0.0,260,10.0,10.0,9.71,18,163.0,345,5.7,829,0,1,0,1,0,1,1,0,0,4,10.52925925925926,10.0,79,206,92,12,14
 Dakar,10,1,Deuxième Session,NULL,5.3,NON ADMIS,1,2018,M,S2,LYCEE CAMP MARCHAND DE RUFISQUE,O,Académie de Rufisque,RUFISQUE,CEM MOMAR SENE WALY,2,Pass,ADM,2,1997,11.45,10.77,11.38,11.69,9,12,8,8,14,4,0.0,0.0,0.0,229,8.81,10.15,10.35,21,153.9,538,5.3,845,0,1,0,1,0,1,1,0,0,4,10.276041666666666,10.287826086956523,120,126,11,10,0
 Diourbel,41,1,Deuxième Session,NULL,8.7,NON ADMIS,1,2018,M,S2,LYCEE D'ENSEIGNEMENT GENERAL DE DIOURBEL,O,Académie de Diourbel,DIOURBEL,LYCEE TECHNIQUE AMADOU BAMBA,2,Pass,ADM,1,1998,10.66,9.74,10.91,10.84,11,11,14,8,8,9,0.0,0.0,0.0,267,10.27,10.27,10.29,21,156.75,491,8.7,541,0,1,0,1,0,1,1,0,0,4,10.45184210526316,10.391739130434782,27,135,174,1,1
 Diourbel,10,1,Deuxième Session,NULL,2.31,NON ADMIS,1,2018,M,S2,LYCEE DE BOULEL,O,Académie de Kaffrine,BOULEL,LYCEE DE BOULEL,1,ABien,ADM,1,2000,16.89,16.93,12.99,13.63,19,15,5,10,10,11,0.0,0.0,0.0,334,12.85,12.85,14.76,18,279.0,1,2.31,965,0,1,0,1,0,1,1,0,0,4,10.78076923076923,11.553333333333333,11,150,47,3,1
 Diourbel,60,1,Première Session,Passable,10.54,PASSE,1,2018,M,S2,COLLEGE PRIVE FRANCO ARABE DE DIOFIOR,O,Académie de Fatick,DIOFIOR,LYCEE DE DIOFIOR,2,Pass,ADM,1,1997,13.6,12.38,12.86,13.87,10,12,11,9,11,8,0.0,0.0,0.0,271,10.42,10.42,10.0,21,159.6,429,110.53999999999999,83,0,1,0,1,0,1,1,2,1,0,10.526071428571429,10.6625,25,20,58,2,1
 Kaolack,60,1,Deuxième Session,Assez-Bien,12.47,PASSE,1,2018,M,S2,NOUVEAU LYCEE DE KAOLACK,O,Académie de Kaolack,KAOLACK,COLLEGE PIE XII,1,Pass,ADM,1,2010,13.01,11.55,11.83,13.31,11,13,8,8,5,9,0.0,0.0,0.0,260,10.0,10.0,11.0,19,193.0,67,12.47,105,0,1,0,1,0,1,1,2,0,1,10.556461538461537,10.403962264150943,52,326,16,4,3
 Kaolack,60,1,Deuxième Session,Assez-Bien,12.23,PASSE,1,2018,M,S2,LYCEE MABA DIAKHOU BA,O,Académie de Kaolack,NIORO,LYCEE MABA DIAKHOU BA,1,Pass,ADM,1,2000,13.62,13.47,10.44,12.56,15,11,12,6,7,6,0.0,0.0,0.0,260,10.0,10.0,10.41,18,199.0,44,12.23,112,0,1,0,1,0,1,1,2,0,1,10.556461538461537,10.768888888888888,104,295,157,4,3
 Matam,4,1,Deuxième Session,NULL,4.78,NON ADMIS,1,2018,M,S2,LYCEE DE NABADJI CIVOL,O,Académie de Matam,NABADJI CIVOL,LYCEE DE NABADJI CIVOL,2,Pass,ADM,2,2009,12.07,9.49,11.3,9.08,4,12,11,9,5,7,0.0,0.0,0.0,217,8.35,10.96,11.29,20,125.39999999999999,1013,4.78,867,0,1,0,1,0,1,1,0,0,4,10.74148148148148,10.96,82,208,93,8,6
 Dakar,5,1,Deuxième Session,NULL,1.44,NON ADMIS,1,2018,F,S2,LYCEE LAMINE GUEYE,O,Académie de Dakar,DAKAR,UNIVERSITE AMADOU HAMPATE BA,2,Pass,ADM,2,1999,12.21,13.11,13.36,13.09,8,11,9,11,13,4,0.0,0.0,0.0,235,9.04,10.88,9.41,19,149.15,669,1.44,988,0,1,0,0,1,1,0,0,0,4,10.570365853658537,10.612075471698114,17,293,181,0,0
 Thiès,60,1,Première Session,Assez-Bien,12.9,PASSE,1,2018,M,S2,LYCEE DE TAIBA  NDIAYE,O,Académie de Thiès,TAIBA NDIAYE,LYCEE DE TAIBA  NDIAYE,1,Pass,ADM,1,2011,10.94,11.53,10.49,10.88,17,15,5,7,4,6,0.0,0.0,0.0,265,10.19,10.19,12.41,18,247.0,2,112.9,7,0,1,0,1,0,1,1,2,1,1,10.54970588235294,10.575,133,257,133,14,9
 Thiès,10,1,Deuxième Session,NULL,4.04,NON ADMIS,1,2018,M,S2,LYCEE DE MBORO,O,Académie de Thiès,MBORO,LYCEE DE MBORO,2,Pass,ADM,1,2002,10.85,11.55,10.5,10.23,11,9,13,7,9,12,0.0,0.0,0.0,265,10.19,10.19,10.65,21,139.65,852,4.04,891,0,1,0,1,0,1,1,0,0,4,10.54970588235294,10.43,75,202,89,14,9
 Louga,45,1,Deuxième Session,NULL,9.47,AUTORISE,1,2018,F,S1,LYCEE DE THIAROYE,O,Académie de Pikine - Guédiawaye,PIKINE,LYCEE DE THIAROYE,1,Pass,ADM,1,2002,14.94,13.09,11.51,12.83,10,10,11,6,15,8,0.0,0.0,0.0,279,10.33,10.33,10.0,16,160.0,403,9.47,434,1,0,0,0,1,0,0,1,0,4,10.529097744360902,10.27,113,264,139,9,5
 Thiès,50,1,Deuxième Session,NULL,10.36,AUTORISE,1,2018,M,S2,LYCEE NDIOUMA COR FAYE DE NDIAGANIAO,O,Académie de Thiès,NDIAGANIAO,LYCEE DE NDIAGANIAO,2,Pass,ADM,2,2004,12.53,8.44,10.31,10.83,10,11,7,6,10,6,0.0,0.0,0.0,225,8.65,10.0,10.29,23,151.04999999999998,602,10.36,289,0,1,0,1,0,1,1,1,0,4,10.54970588235294,10.236666666666666,86,309,97,14,9
 Kaolack,30,1,Deuxième Session,NULL,7.36,NON ADMIS,1,2018,F,S2,LYCEE DE NDOFFANE,O,Académie de Kaolack,NDOFFANE,LYCEE DE NDOFFANE,3,Pass,ADM,2,2005,10.68,11.22,11.66,12.81,10,10,11,9,5,8,0.0,0.0,0.0,246,9.46,12.81,14.24,23,135.0,921,7.36,702,0,1,0,0,1,1,0,0,0,4,10.556461538461537,10.984,89,215,100,4,3
 Kolda,60,1,Deuxième Session,Passable,11.75,PASSE,1,2018,M,S2,LYCEE DE KOUNKANE,O,Académie de Kolda,KOUNKANE,LYCEE DE KOUNKANE,1,Pass,ADM,2,1999,13.12,13.43,11.68,10.93,7,11,7,9,9,6,0.0,0.0,0.0,208,8.0,10.73,11.53,19,151.0,631,11.75,130,0,1,0,1,0,1,1,2,0,0,10.615862068965518,11.0,63,186,79,5,4
Kédougou,20,1,Deuxième Session,NULL,7.35,NON ADMIS,1,2018,F,S2,LYCEE COMMUNAL DE KEDOUGOU,O,Académie de Kédougou,KEDOUGOU,LYCEE TECHNIQUE INDUSTRIEL DE KEDOUGOU,1,Pass,ADM,2,1998,13.52,10.51,11.29,10.52,5,13,12,6,4,5,0.0,0.0,0.0,208,8.0,10.0,10.06,20,147.0,700,7.35,704,0,1,0,0,1,1,0,0,0,4,10.698333333333332,10.668000000000001,55,132,176,6,13
 Diourbel,40,1,Deuxième Session,NULL,9.1,NON ADMIS,1,2018,F,S2,LYCEE DE NGASCOPE,O,Académie de Diourbel,NGOYE,LYCEE DE NGOYE,2,Pass,ADM,2,2010,10.25,10.96,11.93,12.09,10,11,8,7,7,7,0.0,0.0,0.0,226,8.69,10.08,10.35,20,151.04999999999998,602,9.1,492,0,1,0,0,1,1,0,0,0,4,10.45184210526316,10.527142857142858,96,220,106,1,1
 Thiès,30,1,Deuxième Session,NULL,5.8,NON ADMIS,1,2018,M,S2,ECOLE CATHOLIQUE SAINT JEAN,O,Académie de Thiès,MBOUR,COMPLEXE SCOLAIRE INTERN-KEUR MADIOR,1,ABien,ADM,1,1999,15.9,16.25,15.8,14.3,15,9,12,11,14,10,0.0,0.0,0.0,307,11.81,12.15,11.12,19,201.0,40,5.8,819,0,1,0,1,0,1,1,0,0,4,10.54970588235294,10.625599999999999,77,42,20,14,9
 Kaolack,40,1,Deuxième Session,NULL,9.98,NON ADMIS,1,2018,F,S2,LYCEE MABA DIAKHOU BA,O,Académie de Kaolack,NIORO,LYCEE MABA DIAKHOU BA,1,Pass,ADM,1,2010,12.51,11.37,11.19,11.07,16,10,13,6,10,8,0.0,0.0,0.0,276,10.62,10.62,11.06,18,196.0,54,9.98,368,0,1,0,0,1,1,0,0,0,4,10.556461538461537,10.768888888888888,104,295,157,4,3
 Kaolack,5,1,Deuxième Session,NULL,1.66,NON ADMIS,1,2018,F,S2,"ECOLE PRIVEE LAIQUE ""EUREKA  ACADEMIA""",O,Académie de Kaolack,KAOLACK,COLLEGE PIE XII,3,Pass,ADM,2,1992,10.92,11.85,11.36,12.01,9,12,8,11,5,6,0.0,0.0,0.0,224,8.62,10.46,11.0,26,145.8,717,1.66,981,0,1,0,0,1,1,0,0,0,4,10.556461538461537,10.403962264150943,52,72,16,4,3
Kaffrine,20,1,Deuxième Session,NULL,7.57,NON ADMIS,1,2018,F,S2,ECOLE PRIVEE FALLOU GALASS,O,Académie de Diourbel,MBACKE,LYCEE DE MBACKE,2,Pass,ADM,2,2009,10.46,12.05,10.32,11.62,10,10,6,3,6,8,0.0,0.0,0.0,212,8.15,10.0,11.41,21,142.5,790,7.57,673,0,1,0,0,1,1,0,0,0,4,10.45184210526316,10.248947368421051,73,60,87,1,12
 Dakar,60,1,Deuxième Session,Passable,10.7,PASSE,1,2018,M,S2,LYCEE DE THILLE BOUBACAR,O,Académie de Saint - Louis,FANAYE,LYCEE DE FANAYE,2,Pass,ADM,1,1998,10.14,10.3,11.52,11.42,11,10,13,10,12,10,0.0,0.0,0.0,275,10.58,10.58,10.29,21,148.2,679,10.7,238,0,1,0,1,0,1,1,2,0,0,10.754035087719299,10.383333333333333,31,265,63,11,0
 Saint-Louis,60,1,Première Session,Assez-Bien,12.74,PASSE,1,2018,M,S2,LYCEE DE THILLE BOUBACAR,O,Académie de Saint - Louis,FANAYE,LYCEE DE FANAYE,1,Pass,ADM,1,1999,15.69,10.81,11.89,12.12,13,11,10,8,11,5,0.0,0.0,0.0,264,10.15,10.15,9.47,19,187.0,98,112.74,13,0,1,0,1,0,1,1,2,1,1,10.754035087719299,10.383333333333333,31,265,63,11,7
 Dakar,60,1,Deuxième Session,Passable,10.72,PASSE,1,2018,M,S2,LYCEE DES PARCELLES ASSAINIES U13,O,Académie de Dakar,PARCELLES ASSAINIES,CEM UNITE 19,1,Pass,ADM,2,2014,11.98,11.13,8.1,9.33,12,9,9,10,9,5,0.0,0.0,0.0,230,8.85,10.0,9.88,20,153.0,575,10.72,237,0,1,0,1,0,1,1,2,0,0,10.570365853658537,10.494137931034482,108,278,15,0,0
 Dakar,60,1,Première Session,Passable,10.9,PASSE,1,2018,M,S2,LYCEE DE NGALLELE,O,Académie de Saint - Louis,NGALLELE,LYCEE DE NGALLELE,1,Pass,ADM,1,2010,11.78,14.7,13.03,13.95,7,12,10,9,8,13,0.0,0.0,0.0,264,10.15,10.15,10.88,18,160.0,403,110.9,68,0,1,0,1,0,1,1,2,1,0,10.754035087719299,10.15,92,218,103,11,0
 Dakar,21,1,Deuxième Session,NULL,8.17,NON ADMIS,1,2018,M,S2,LYCEE LAMINE GUEYE,O,Académie de Dakar,DAKAR,UNIVERSITE AMADOU HAMPATE BA,2,Pass,ADM,1,1996,11.87,11.09,12.43,12.65,11,14,10,10,7,8,0.0,0.0,0.0,267,10.27,10.27,11.0,22,182.39999999999998,131,8.17,607,0,1,0,1,0,1,1,0,0,4,10.570365853658537,10.612075471698114,17,293,181,0,0
 Kolda,16,1,Deuxième Session,NULL,7.21,NON ADMIS,1,2018,F,S2,LYCEE ALPHA MOLO BALDE,O,Académie de Kolda,KOLDA,LYCEE ALPHA MOLO BALDE,2,Pass,ADM,2,1998,13.72,10.54,11.51,13.41,4,12,8,7,7,6,0.0,0.0,0.0,209,8.04,10.0,10.0,20,125.39999999999999,1013,7.21,715,0,1,0,0,1,1,0,0,0,4,10.615862068965518,10.507222222222222,60,118,29,5,4
 Dakar,60,1,Deuxième Session,Passable,10.52,PASSE,1,2018,M,S2,LYCEE DES PARCELLES ASSAINIES U13,O,Académie de Dakar,PARCELLES ASSAINIES,CEM UNITE 19,2,Pass,ADM,1,1995,12.03,10.14,10.09,11.12,15,12,10,10,3,10,0.0,0.0,0.0,284,10.92,10.92,12.18,23,188.1,93,10.52,265,0,1,0,1,0,1,1,2,0,0,10.570365853658537,10.494137931034482,108,278,15,0,0
 Dakar,40,1,Deuxième Session,NULL,9.49,NON ADMIS,1,2018,M,S2,CANDIDAT INDIVIDUEL THIES (ACAPES),I,Académie de Thiès,THIES,COLLEGE SAINT GABRIEL,3,Pass,ADM,2,1995,0.0,0.0,0.0,0.0,7,11,7,8,7,7,0.0,0.0,0.0,215,8.27,10.0,10.18,23,126.9,1004,9.49,430,0,1,0,1,0,1,1,0,0,4,10.54970588235294,10.443461538461538,142,13,19,14,0
 Fatick,60,1,Deuxième Session,Passable,10.75,PASSE,1,2018,F,S2,LYCEE DE DIARRERE,O,Académie de Fatick,DIOUROUP,LYCEE DE DIOUROUP,2,Pass,ADM,2,2010,11.78,10.64,10.14,11.56,9,12,7,10,7,6,0.0,0.0,0.0,229,8.81,11.85,12.41,20,153.9,538,10.75,228,0,1,0,0,1,1,0,2,0,0,10.526071428571429,11.410000000000002,28,157,60,2,2
 Fatick,21,1,Deuxième Session,NULL,6.82,NON ADMIS,1,2018,F,S2,LYCEE DE MBAR,O,Académie de Fatick,COLOBANE,LYCEE DE COLOBANE,3,Pass,ADM,1,2009,11.23,11.26,11.56,10.99,12,12,13,5,9,6,0.0,0.0,0.0,260,10.0,10.0,9.88,21,162.0,381,6.82,754,0,1,0,0,1,1,0,0,0,4,10.526071428571429,10.25,13,201,50,2,2
 Thiès,45,1,Deuxième Session,NULL,10.23,AUTORISE,1,2018,M,S2,LYCEE D'ENSEIGNEMENT GENERAL DE DIOURBEL,O,Académie de Diourbel,DIOURBEL,LYCEE D'ENSEIGNEMENT GENERAL DE DIOURBEL,3,Pass,ADM,2,2006,11.11,10.6,10.24,11.01,12,11,8,12,6,6,0.0,0.0,0.0,238,9.15,11.0,12.0,21,153.9,538,10.23,310,0,1,0,1,0,1,1,1,0,4,10.45184210526316,10.391739130434782,27,135,35,1,9
 Tambacounda,25,1,Deuxième Session,NULL,8.32,NON ADMIS,1,2018,M,S2,LYCEE SEYDINA LIMAMOULAYE,O,Académie de Pikine - Guédiawaye,GUEDIAWAYE,LYCEE BANQUE ISLAMIQUE,2,Pass,ADM,2,1997,10.81,10.35,8.8,10.14,7,11,11,7,5,7,0.0,0.0,0.0,229,8.81,10.04,10.06,21,133.95,946,8.32,592,0,1,0,1,0,1,1,0,0,4,10.529097744360902,10.416290322580645,43,320,32,9,8
Kaffrine,0,1,Deuxième Session,NULL,0.49,NON ADMIS,1,2018,F,S2,LYCEE BABACAR COBAR NDAW,O,Académie de Kaffrine,KAFFRINE,LYCEE BABACAR COBAR NDAW,3,Pass,ADM,2,2008,10.99,9.46,10.36,11.76,13,8,6,7,4,10,0.0,0.0,0.0,227,8.73,10.12,11.94,21,135.0,921,0.49,1011,0,1,0,0,1,1,0,0,0,4,10.78076923076923,10.305,48,120,31,3,12
 Fatick,16,1,Deuxième Session,NULL,5.86,NON ADMIS,1,2018,M,S2,LYCEE EL HADJI ABDOU HAMID KANE,O,Académie de Kaolack,KAOLACK,COLLEGE PIE XII,2,Pass,ADM,1,2013,10.0,12.5,10.58,11.47,11,13,12,3,7,11,0.0,0.0,0.0,273,10.5,10.5,11.71,20,173.85,207,5.86,815,0,1,0,1,0,1,1,0,0,4,10.556461538461537,10.403962264150943,52,281,16,4,2
Kédougou,0,1,Deuxième Session,NULL,1.94,NON ADMIS,1,2018,M,S2,LYCEE DE SALEMATA,O,Académie de Kédougou,SALEMATA,LYCEE DE SALEMATA,3,Pass,ADM,1,2007,9.63,7.91,10.64,10.52,13,10,9,14,11,8,0.0,0.0,0.0,282,10.85,10.85,10.18,22,151.20000000000002,594,1.94,975,0,1,0,1,0,1,1,0,0,4,10.698333333333332,10.85,122,248,124,6,13
 Kaolack,45,1,Deuxième Session,NULL,9.58,AUTORISE,1,2018,M,S2,LYCEE VALDIODIO NDIAYE,O,Académie de Kaolack,KAOLACK,COLLEGE PIE XII,1,Pass,ADM,2,1999,10.49,10.72,10.41,11.28,4,13,13,2,8,5,0.0,0.0,0.0,208,8.0,10.19,10.0,19,151.0,631,9.58,415,0,1,0,1,0,1,1,1,0,4,10.556461538461537,10.403962264150943,52,322,16,4,3
 Thiès,16,1,Deuxième Session,NULL,4.29,NON ADMIS,1,2018,M,S2,LYCEE ABABACAR SY,O,Académie de Thiès,TIVAOUANE,LYCEE ABABACAR SY,1,Pass,ADM,2,2003,13.55,9.65,9.85,9.17,6,11,10,10,8,5,0.0,0.0,0.0,218,8.38,10.04,9.76,20,135.0,921,4.29,879,0,1,0,1,0,1,1,0,0,4,10.54970588235294,10.565833333333332,145,112,26,14,9
 Dakar,10,1,Deuxième Session,NULL,6.35,NON ADMIS,1,2018,M,S2,LYCEE AHOUNE SANE,O,Académie de Ziguinchor,BIGNONA,CEM ARFANG BESIRE SONKO,2,Pass,ADM,1,1995,10.37,10.43,11.91,11.1,10,13,10,6,8,8,0.0,0.0,0.0,260,10.0,10.0,10.35,23,168.15,272,6.35,786,0,1,0,1,0,1,1,0,0,4,10.648571428571428,10.0,8,115,1,15,0
 Fatick,45,1,Deuxième Session,NULL,10.15,AUTORISE,1,2018,M,S2,LYCEE DE PASSY,O,Académie de Fatick,PASSY,LYCEE DE PASSY,2,Pass,ADM,1,2010,12.0,10.75,10.53,11.33,4,14,12,11,9,10,0.0,0.0,0.0,260,10.0,10.0,9.65,20,142.5,790,10.15,325,0,1,0,1,0,1,1,1,0,4,10.526071428571429,10.546000000000001,109,237,116,2,2
 Louga,46,1,Deuxième Session,NULL,9.83,AUTORISE,1,2018,M,S2,ECOLE PRIVEE LAIQUE NOUROU DARAYNI,O,Académie de Diourbel,MBACKE,LYCEE DE MBACKE,2,Pass,ADM,1,1999,14.28,8.79,10.03,10.22,8,12,10,9,11,8,0.0,0.0,0.0,260,10.0,10.0,9.41,19,157.7,468,9.83,384,0,1,0,1,0,1,1,1,0,4,10.45184210526316,10.248947368421051,73,75,87,1,5
 Thiès,60,1,Première Session,Passable,11.59,PASSE,1,2018,M,S2,LYCEE DE OUAKAM,O,Académie de Dakar,DAKAR,UNIVERSITE AMADOU HAMPATE BA,2,Pass,ADM,2,2006,13.81,11.3,10.31,10.04,13,11,9,7,10,5,0.0,0.0,0.0,239,9.19,11.5,12.65,19,177.65,172,111.59,41,0,1,0,1,0,1,1,2,1,0,10.570365853658537,10.612075471698114,17,233,181,0,9
 Dakar,60,1,Première Session,Passable,10.68,PASSE,1,2018,M,S2,LYCEE DE TIVAOUANE PEULH,O,Académie de Rufisque,TIVAOUANE PEULH,LYCEE DE TIVAOUANE PEULH,1,Pass,ADM,1,1997,12.97,12.67,12.06,12.29,13,9,13,10,7,8,0.0,0.0,0.0,267,10.27,10.27,9.82,21,159.0,448,110.68,80,0,1,0,1,0,1,1,2,1,0,10.276041666666666,10.409999999999998,146,269,142,10,0
 Saint-Louis,60,1,Deuxième Session,Passable,10.0,PASSE,1,2018,M,S2,LYCEE DE NDIOUM,O,Académie de Saint - Louis,NDIOUM,LYCEE DE NDIOUM,2,Pass,ADM,2,2010,11.99,12.4,12.36,12.94,13,12,7,3,8,6,0.0,0.0,0.0,242,9.31,12.54,13.35,20,176.7,182,10.0,359,0,1,0,1,0,1,1,2,0,0,10.754035087719299,10.83,88,213,99,11,7
 Thiès,0,1,Deuxième Session,NULL,0.36,NON ADMIS,1,2018,M,S2,GROUPE SCOLAIRE ABDOU AZIZ SY DABAKH,O,Académie de Thiès,TIVAOUANE,LYCEE ABABACAR SY,1,Pass,ADM,1,1993,10.85,10.52,12.64,13.66,8,13,10,7,9,9,0.0,0.0,0.0,260,10.0,10.0,10.12,26,165.0,329,0.36,1033,0,1,0,1,0,1,1,0,0,4,10.54970588235294,10.565833333333332,145,94,26,14,9
 Kaolack,60,1,Première Session,Passable,10.71,PASSE,1,2018,M,S2,LYCEE DE BOUNKILING,O,Académie de Sédhiou,BOUNKILING,LYCEE DE BOUNKILING,2,Pass,ADM,1,1995,12.78,11.05,8.15,9.06,15,10,8,8,8,10,0.0,0.0,0.0,277,10.65,10.65,11.47,23,171.0,236,110.71000000000001,77,0,1,0,1,0,1,1,2,1,0,10.52925925925926,10.854,12,151,48,12,3
 Fatick,21,1,Deuxième Session,NULL,7.03,NON ADMIS,1,2018,M,S2,LYCEE DE TOGLOU,O,Académie de Thiès,DIASS,LYCEE DE DIASS,2,Pass,ADM,2,2009,10.63,11.52,11.78,11.14,9,11,10,12,6,3,0.0,0.0,0.0,222,8.54,10.04,9.71,20,145.35,724,7.03,737,0,1,0,1,0,1,1,0,0,4,10.54970588235294,10.526666666666666,24,270,57,14,2
Sédhiou,60,1,Deuxième Session,Passable,10.38,PASSE,1,2018,M,S2,LYCEE IBOU DIALLO,O,Académie de Sédhiou,SEDHIOU,LYCEE IBOU DIALLO,1,Pass,ADM,2,1999,12.3,10.65,7.53,9.56,6,11,9,5,9,7,0.0,0.0,0.0,216,8.31,10.42,10.65,19,145.0,753,10.38,288,0,1,0,1,0,1,1,2,0,0,10.52925925925926,10.50375,129,288,152,12,14
 Thiès,5,1,Deuxième Session,NULL,6.86,NON ADMIS,1,2018,M,S2,COLLEGE SAINT GABRIEL,O,Académie de Thiès,THIES,COLLEGE SAINT GABRIEL,1,Pass,ADM,2,2009,13.06,11.1,10.19,11.26,10,13,7,6,12,6,0.0,0.0,0.0,241,9.27,11.04,11.41,18,187.0,98,6.86,747,0,1,0,1,0,1,1,0,0,4,10.54970588235294,10.443461538461538,142,23,19,14,9
 Thiès,60,1,Première Session,Passable,10.86,PASSE,1,2018,M,S2,LYCEE DE MALICOUNDA II,O,Académie de Thiès,NIANING,LYCEE DE MALICOUNDA II,1,Pass,ADM,1,1998,13.1,13.19,10.46,10.44,10,11,13,11,10,7,0.0,0.0,0.0,261,10.04,10.04,9.29,20,159.0,448,110.86,70,0,1,0,1,0,1,1,2,1,0,10.54970588235294,11.283333333333331,102,195,84,14,9
 Tambacounda,6,1,Deuxième Session,NULL,3.89,NON ADMIS,1,2018,M,S2,LYCEE DE KIDIRA,O,Académie de Tambacounda,KIDIRA,LYCEE DE KIDIRA,1,Pass,ADM,2,1999,10.96,12.12,10.83,10.85,8,11,14,6,6,7,0.0,0.0,0.0,230,8.85,10.12,9.94,19,157.0,474,3.89,901,0,1,0,1,0,1,1,0,0,4,10.563333333333333,10.375,59,185,77,13,8
 Saint-Louis,10,1,Deuxième Session,NULL,5.87,NON ADMIS,1,2018,F,S2,CANDIDAT INDIVIDUEL RICHARD TOLL (ACAPES),I,Académie de Saint - Louis,RICHARD TOLL,CEM II DE RICHARD-TOLL,3,Pass,ADM,2,2002,0.0,0.0,0.0,0.0,10,11,12,5,9,5,0.0,0.0,0.0,226,8.69,10.58,10.71,23,143.1,768,5.87,814,0,1,0,0,1,1,0,0,0,4,10.754035087719299,11.052222222222222,118,10,6,11,7
 Tambacounda,0,1,Deuxième Session,NULL,1.6,NON ADMIS,1,2018,M,S2,CANDIDAT INDIVIDUEL DAKAR (AEDEC),I,Académie de Dakar,DAKAR,UNIVERSITE AMADOU HAMPATE BA,3,Pass,ADM,1,1993,0.0,0.0,0.0,0.0,12,11,8,8,6,10,0.0,0.0,0.0,260,10.0,10.0,10.94,25,153.9,538,1.6,983,0,1,0,1,0,1,1,0,0,4,10.570365853658537,10.612075471698114,17,1,181,0,8
 Diourbel,60,1,Deuxième Session,Passable,10.17,PASSE,1,2018,M,S2,LYCEE SEYDINA LIMAMOULAYE,O,Académie de Pikine - Guédiawaye,GUEDIAWAYE,LYCEE SEYDINA LIMAMOULAYE,1,Pass,ADM,1,1999,11.05,11.64,9.86,11.49,5,14,16,7,7,9,0.0,0.0,0.0,260,10.0,10.0,9.59,19,166.0,300,10.17,321,0,1,0,1,0,1,1,2,0,0,10.529097744360902,10.416290322580645,43,320,173,9,1
 Dakar,60,1,Deuxième Session,Passable,10.98,PASSE,1,2018,M,S2,LYCEE EL HADJI IBRAHIMA DIOP DE YEUMBEUL,O,Académie de Pikine - Guédiawaye,PIKINE,LYCEE DE THIAROYE,1,Pass,ADM,1,1998,12.53,11.88,11.58,11.07,10,10,11,9,12,9,0.0,0.0,0.0,265,10.19,10.19,9.65,20,150.0,643,10.98,194,0,1,0,1,0,1,1,2,0,0,10.529097744360902,10.27,113,283,139,9,0
 Thiès,25,1,Deuxième Session,NULL,8.43,NON ADMIS,1,2018,F,S2,LYCEE AHMADOU NDACK SECK THIES,O,Académie de Thiès,THIES,CEM MAMADOU DIAW THIES,2,Pass,ADM,2,2009,10.06,9.62,10.65,10.52,7,11,8,7,7,6,0.0,0.0,0.0,208,8.0,10.0,10.76,19,143.45,766,8.43,575,0,1,0,0,1,1,0,0,0,4,10.54970588235294,10.443461538461538,142,114,10,14,9
 Saint-Louis,60,1,Deuxième Session,Passable,11.99,PASSE,1,2018,M,S2,LYCEE DE MBOUMBA,O,Académie de Saint - Louis,MBOUMBA,LYCEE DE MBOUMBA,1,Pass,ADM,2,1998,12.63,11.39,10.07,9.52,15,13,6,5,8,4,0.0,0.0,0.0,237,9.12,12.12,14.29,20,207.0,29,11.99,118,0,1,0,1,0,1,1,2,0,0,10.754035087719299,11.03,76,203,90,11,7
 Dakar,60,1,Deuxième Session,Passable,11.78,PASSE,1,2018,M,S2,LYCEE DE SALY,O,Académie de Thiès,SALY,LYCEE DE SALY,1,Pass,ADM,2,1999,11.26,13.0,10.23,9.59,6,12,6,7,12,7,0.0,0.0,0.0,212,8.15,10.27,11.0,19,154.0,523,11.78,127,0,1,0,1,0,1,1,2,0,0,10.54970588235294,11.376666666666667,124,250,126,14,0
 Dakar,26,1,Deuxième Session,NULL,7.28,NON ADMIS,1,2018,M,S2,LYCEE LAMINE GUEYE,O,Académie de Dakar,DAKAR,UNIVERSITE AMADOU HAMPATE BA,2,Pass,ADM,2,1996,11.7,11.33,10.07,10.32,10,10,8,8,5,6,0.0,0.0,0.0,212,8.15,10.0,11.06,22,142.5,790,7.28,708,0,1,0,1,0,1,1,0,0,4,10.570365853658537,10.612075471698114,17,293,181,0,0
 Louga,60,1,Deuxième Session,Assez-Bien,12.56,PASSE,1,2018,M,S1,LYCEE MAME THIERNO BIRAHIM MBACKE,O,Académie de Louga,DAROU MOUSTY,LYCEE MAME THIERNO BIRAHIM MBACKE,1,Pass,ADM,1,2011,15.49,13.55,11.81,12.26,9,12,9,14,9,11,0.0,0.0,0.0,291,10.78,10.78,10.5,20,162.0,381,12.56,103,1,0,0,1,0,0,1,2,0,1,10.600980392156861,10.188571428571427,19,303,163,7,5
 Dakar,60,1,Deuxième Session,Passable,10.0,PASSE,1,2018,M,S2,GROUPE SCOLAIRE GASTON BERGER,O,Académie de Pikine - Guédiawaye,GUEDIAWAYE,CEM JOSEPH CORREA A,3,Pass,ADM,1,1998,9.53,10.92,12.94,12.74,12,11,7,11,10,8,0.0,0.0,0.0,260,10.0,10.0,10.24,20,153.9,538,10.0,359,0,1,0,1,0,1,1,2,0,0,10.529097744360902,10.416290322580645,43,101,8,9,0
 Dakar,16,1,Deuxième Session,NULL,5.6,NON ADMIS,1,2018,M,S2,LYCEE SEYDINA LIMAMOULAYE,O,Académie de Pikine - Guédiawaye,GUEDIAWAYE,CEM OGO DIOP,1,Pass,ADM,1,1997,13.18,13.62,12.16,13.14,8,13,12,6,7,11,0.0,0.0,0.0,268,10.31,10.31,10.82,21,165.0,329,5.6,835,0,1,0,1,0,1,1,0,0,4,10.529097744360902,10.416290322580645,43,320,13,9,0
 Diourbel,60,1,Deuxième Session,Passable,10.35,PASSE,1,2018,M,S2,GROUPE SCOLAIRE LE BENTENIER DE KHOMBOLE,O,Académie de Thiès,KHOMBOLE,CEM COUMBA DIACK GUEYE DE KHOMBOLE,3,Pass,ADM,2,2008,7.3,9.55,9.01,10.06,10,11,6,6,5,7,0.0,0.0,0.0,214,8.23,10.08,10.71,21,143.1,768,10.35,291,0,1,0,1,0,1,1,2,0,0,10.54970588235294,10.27,58,102,2,14,1
 Saint-Louis,60,1,Deuxième Session,Passable,11.45,PASSE,1,2018,M,S2,LYCEE DE RICHARD TOLL,O,Académie de Saint - Louis,RICHARD TOLL,CEM II DE RICHARD-TOLL,1,Pass,ADM,2,1998,11.75,10.71,10.25,9.64,11,9,6,6,8,5,0.0,0.0,0.0,208,8.0,11.19,11.59,20,147.0,700,11.45,149,0,1,0,1,0,1,1,2,0,0,10.754035087719299,11.052222222222222,118,245,6,11,7
 Dakar,60,1,Première Session,Passable,11.99,PASSE,1,2018,M,S2,LYCEE MAME YELLI BADIANE,O,Académie de Pikine - Guédiawaye,GUEDIAWAYE,CEM JOSEPH CORREA B,1,Pass,ADM,1,2015,11.62,11.56,12.31,12.56,14,14,12,8,8,3,0.0,0.0,0.0,260,10.0,10.0,10.12,18,220.0,10,111.99,29,0,1,0,1,0,1,1,2,1,0,10.529097744360902,10.416290322580645,43,304,9,9,0
 Dakar,0,1,Deuxième Session,NULL,0.21,NON ADMIS,1,2018,M,S2,ECOLE CATHOLIQUE CARDINAL HYACINTHE THIANDOUM,O,Académie de Dakar,PARCELLES ASSAINIES,CEM UNITE 19,1,Pass,ADM,2,2001,10.04,10.01,9.04,10.11,6,13,11,6,7,4,0.0,0.0,0.0,220,8.46,11.04,11.06,17,163.0,345,0.21,1051,0,1,0,1,0,1,1,0,0,4,10.570365853658537,10.494137931034482,108,40,15,0,0
 Kolda,16,1,Deuxième Session,NULL,5.72,NON ADMIS,1,2018,F,S2,GROUPE SCOLAIRE ANGELA DAVIS,O,Académie de Pikine - Guédiawaye,PIKINE,CEM THIAROYE 44,3,Pass,ADM,2,2009,11.64,10.29,11.43,10.04,11,12,7,14,5,5,0.0,0.0,0.0,236,9.08,10.0,9.94,21,156.6,508,5.72,826,0,1,0,0,1,1,0,0,0,4,10.529097744360902,10.27,113,95,14,9,4
 Tambacounda,60,1,Première Session,Passable,10.81,PASSE,1,2018,M,S2,LYCEE MAME CHEIKH MBAYE,O,Académie de Tambacounda,TAMBACOUNDA,LYCEE MAME CHEIKH MBAYE,2,Pass,ADM,2,1997,11.47,12.36,12.08,11.48,10,10,11,10,9,3,0.0,0.0,0.0,228,8.77,10.92,10.65,21,142.5,790,110.81,73,0,1,0,1,0,1,1,2,1,0,10.563333333333333,10.5975,136,302,162,13,8
 Thiès,45,1,Deuxième Session,NULL,9.28,AUTORISE,1,2018,M,S2,LYCEE DE TOGLOU,O,Académie de Thiès,DIASS,LYCEE DE DIASS,3,Pass,ADM,2,2006,10.95,10.2,11.52,11.2,9,10,7,10,5,9,0.0,0.0,0.0,234,9.0,10.19,10.59,23,129.6,985,9.28,472,0,1,0,1,0,1,1,1,0,4,10.54970588235294,10.526666666666666,24,270,57,14,9
 Saint-Louis,60,1,Première Session,Passable,11.03,PASSE,1,2018,M,S2,CANDIDAT INDIVIDUEL RICHARD TOLL (ACAPES),I,Académie de Saint - Louis,RICHARD TOLL,CEM II DE RICHARD-TOLL,2,Pass,ADM,2,2009,0.0,0.0,0.0,0.0,13,11,6,5,7,5,0.0,0.0,0.0,228,8.77,12.58,14.06,20,168.15,272,111.03,65,0,1,0,1,0,1,1,2,1,0,10.754035087719299,11.052222222222222,118,10,6,11,7
 Dakar,45,1,Deuxième Session,NULL,10.02,AUTORISE,1,2018,M,S2,LYCEE DE KEUR MASSAR ,O,Académie de Pikine - Guédiawaye,KEUR MASSAR,LYCEE ZONE DE RECASEMENT DE KEUR MASSAR ,1,Pass,ADM,1,1998,13.54,14.17,12.88,12.25,12,13,14,11,10,4,0.0,0.0,0.0,266,10.23,10.23,9.53,20,189.0,90,10.02,353,0,1,0,1,0,1,1,1,0,4,10.529097744360902,10.795238095238094,57,184,179,9,0
 Louga,16,1,Deuxième Session,NULL,6.27,NON ADMIS,1,2018,M,S2,ECOLE PRIVEE LES GENIES DU GUETH,O,Académie de Louga,KEBEMER,LYCEE MACODOU KANGUE SALL,2,Pass,ADM,1,2008,9.27,10.08,13.56,12.28,14,13,12,6,5,6,0.0,0.0,0.0,260,10.0,10.0,10.82,22,190.95,77,6.27,795,0,1,0,1,0,1,1,0,0,4,10.600980392156861,10.82,54,78,158,7,5
 Thiès,60,1,Deuxième Session,Assez-Bien,12.11,PASSE,1,2018,M,S2,LYCEE CHEIKH MOURATH NDAO,O,Académie de Thiès,MEKHE,CEM  CHEIKH MOURATH NDAO DE MEKHE,1,Pass,ADM,1,2011,12.35,12.47,11.18,11.64,10,11,10,13,7,10,0.0,0.0,0.0,269,10.35,10.35,10.35,19,169.0,257,12.11,115,0,1,0,1,0,1,1,2,0,1,10.54970588235294,10.262727272727274,80,130,0,14,9
 Kaolack,60,1,Deuxième Session,Passable,10.04,PASSE,1,2018,F,S2,LYCEE VALDIODIO NDIAYE,O,Académie de Kaolack,KAOLACK,COLLEGE PIE XII,1,Pass,ADM,2,2007,12.16,12.85,11.63,12.63,7,12,7,5,10,6,0.0,0.0,0.0,208,8.0,10.0,11.12,19,160.0,403,10.04,351,0,1,0,0,1,1,0,2,0,0,10.556461538461537,10.403962264150943,52,322,16,4,3
 Kaolack,14,1,Deuxième Session,NULL,5.65,NON ADMIS,1,2018,M,S2,ECOLE PRIVEE LA LUMIERE,O,Académie de Kaolack,KAOLACK,COLLEGE PIE XII,1,Pass,ADM,2,2000,0.0,0.0,0.0,0.0,7,12,13,11,8,8,0.0,0.0,0.0,254,9.77,11.58,11.71,18,160.0,403,5.65,833,0,1,0,1,0,1,1,0,0,4,10.556461538461537,10.403962264150943,52,68,16,4,3
 Thiès,39,1,Deuxième Session,NULL,7.44,NON ADMIS,1,2018,F,S2,LYCEE ABABACAR SY,O,Académie de Thiès,TIVAOUANE,LYCEE ABABACAR SY,2,Pass,ADM,1,2010,13.44,11.76,10.45,11.84,13,13,6,8,6,9,0.0,0.0,0.0,262,10.08,10.08,11.59,21,185.25,114,7.44,689,0,1,0,0,1,1,0,0,0,4,10.54970588235294,10.565833333333332,145,112,26,14,9
 Dakar,16,1,Deuxième Session,NULL,7.04,NON ADMIS,1,2018,F,S2,LYCEE DE THIAROYE,O,Académie de Pikine - Guédiawaye,PIKINE,LYCEE DE THIAROYE,2,Pass,ADM,1,1998,11.57,10.38,11.6,12.75,9,11,13,8,10,7,0.0,0.0,0.0,260,10.0,10.0,9.0,20,145.35,724,7.04,735,0,1,0,0,1,1,0,0,0,4,10.529097744360902,10.27,113,264,139,9,0
 Fatick,30,1,Deuxième Session,NULL,7.78,NON ADMIS,1,2018,M,S2,LYCEE DE SOUM,O,Académie de Fatick,SOUM,LYCEE DE SOUM,1,Pass,ADM,2,2010,12.17,11.61,9.91,10.04,8,12,6,6,6,10,0.0,0.0,0.0,231,8.88,10.19,12.12,19,166.0,300,7.78,651,0,1,0,1,0,1,1,0,0,4,10.526071428571429,10.2875,132,256,132,2,2
 Saint-Louis,45,1,Deuxième Session,NULL,9.1,AUTORISE,1,2018,M,S2,LYCEE DE NDIOUM,O,Académie de Saint - Louis,NDIOUM,LYCEE DE NDIOUM,2,Pass,ADM,2,1997,11.44,10.73,11.18,9.39,16,9,14,5,6,2,0.0,0.0,0.0,224,8.62,11.54,12.82,21,168.15,272,9.1,492,0,1,0,1,0,1,1,1,0,4,10.754035087719299,10.83,88,213,99,11,7
 Dakar,30,1,Deuxième Session,NULL,7.4,NON ADMIS,1,2018,M,S2,GROUPE SCOLAIRE LES PEDAGOGUES,O,Académie de Dakar,DAKAR,UNIVERSITE AMADOU HAMPATE BA,2,Pass,ADM,2,1996,11.06,9.24,10.1,10.82,5,13,11,5,8,6,0.0,0.0,0.0,218,8.38,10.0,10.47,22,139.65,852,7.4,693,0,1,0,1,0,1,1,0,0,4,10.570365853658537,10.612075471698114,17,103,181,0,0
 Thiès,60,1,Première Session,Assez-Bien,12.13,PASSE,1,2018,M,S2,LYCEE DE MEDINA FALL,O,Académie de Thiès,THIES,COLLEGE SAINT GABRIEL,2,Pass,ADM,2,1995,11.47,12.16,12.92,13.04,14,13,7,4,4,4,0.0,0.0,0.0,230,8.85,10.69,12.47,23,190.95,77,112.13,26,0,1,0,1,0,1,1,2,1,1,10.54970588235294,10.443461538461538,142,204,19,14,9
 Kaolack,0,1,Deuxième Session,NULL,3.67,NON ADMIS,1,2018,M,S2,LYCEE DE NGATHIE NAOUDE,O,Académie de Kaolack,KAHONE,LYCEE DE KAHONE,4,Pass,ADM,1,2006,0.0,0.0,0.0,0.0,13,10,9,9,10,8,0.0,0.0,0.0,262,10.08,10.08,10.18,23,142.79999999999998,783,3.67,912,0,1,0,1,0,1,1,0,0,4,10.556461538461537,10.892,50,221,72,4,3
 Matam,0,1,Deuxième Session,NULL,0.3,NON ADMIS,1,2018,F,S2,EUREKA - FC,O,Académie de Dakar,DAKAR,UNIVERSITE AMADOU HAMPATE BA,2,Pass,ADM,1,2010,12.07,11.63,12.39,11.36,15,13,9,7,12,4,0.0,0.0,0.0,260,10.0,10.0,10.41,21,196.64999999999998,52,0.3,1042,0,1,0,0,1,1,0,0,0,4,10.570365853658537,10.612075471698114,17,92,181,0,6
 Thiès,0,1,Deuxième Session,NULL,1.88,NON ADMIS,1,2018,M,S2,LYCEE COUMBA DIACK GUEYE KHOMBOLE,O,Académie de Thiès,KHOMBOLE,CEM COUMBA DIACK GUEYE DE KHOMBOLE,2,Pass,ADM,1,2006,10.86,9.98,7.99,7.82,12,10,12,10,11,8,0.0,0.0,0.0,264,10.15,10.15,9.88,20,153.9,538,1.88,977,0,1,0,1,0,1,1,0,0,4,10.54970588235294,10.27,58,133,2,14,9
 Thiès,45,1,Deuxième Session,NULL,10.08,AUTORISE,1,2018,M,S2,CANDIDAT INDIVIDUEL THIES (CAOSP),I,Académie de Thiès,THIES,LYCEE DE MALICOUNDA II,2,Pass,ADM,1,2009,0.0,0.0,0.0,0.0,10,10,12,9,9,9,0.0,0.0,0.0,260,10.0,10.0,9.65,25,142.5,790,10.08,340,0,1,0,1,0,1,1,1,0,4,10.54970588235294,10.443461538461538,142,14,84,14,9
 Thiès,20,1,Deuxième Session,NULL,7.03,NON ADMIS,1,2018,F,S2,LYCEE DE DOUNGA OURO ALPHA,O,Académie de Matam,NDOULOUMADJI,LYCEE DE NABADJI CIVOL,3,Pass,ADM,1,1993,11.78,9.27,9.59,9.39,8,11,10,10,10,10,0.0,0.0,0.0,260,10.0,10.0,9.76,25,132.3,964,7.03,737,0,1,0,0,1,1,0,0,0,4,10.74148148148148,10.794,91,165,93,8,9
 Diourbel,45,1,Deuxième Session,NULL,9.15,AUTORISE,1,2018,F,S2,LYCEE DE FAHU II,O,Académie de Thiès,THIES,ECOLE ELEMENTAIRE GERMAINE LE GOFF DE THIES,2,Pass,ADM,2,2008,11.65,10.77,10.7,11.74,10,11,11,6,9,8,0.0,0.0,0.0,244,9.38,10.0,10.35,20,151.04999999999998,602,9.15,485,0,1,0,0,1,1,0,1,0,4,10.54970588235294,10.443461538461538,142,166,22,14,1
 Kaolack,60,1,Deuxième Session,Passable,10.2,PASSE,1,2018,M,S2,LYCEE DE TAIBA NIASSENE,O,Académie de Kaolack,TAIBA NIASSENE,LYCEE DE TAIBA NIASSENE,1,Pass,ADM,1,2011,15.72,14.79,11.68,11.44,11,14,11,4,7,9,0.0,0.0,0.0,267,10.27,10.27,11.35,19,202.0,36,10.2,316,0,1,0,1,0,1,1,2,0,0,10.556461538461537,10.432222222222222,134,258,134,4,3
 Dakar,30,1,Deuxième Session,NULL,8.17,NON ADMIS,1,2018,F,S2,LYCEE DE DIAMNIADIO,O,Académie de Rufisque,DIAMNIADIO,LYCEE DE DIAMNIADIO,4,Pass,ADM,2,2006,10.68,9.85,10.64,11.99,7,13,9,7,7,4,0.0,0.0,0.0,208,8.0,10.12,10.41,22,135.15,915,8.17,607,0,1,0,0,1,1,0,0,0,4,10.276041666666666,10.12,22,156,55,10,0
 Thiès,16,1,Deuxième Session,NULL,8.21,NON ADMIS,1,2018,F,S2,LYCEE DE PAMBAL,O,Académie de Thiès,TIVAOUANE,LYCEE ABABACAR SY,3,Pass,ADM,2,1997,11.32,10.52,7.26,8.32,12,9,7,6,8,9,0.0,0.0,0.0,236,9.08,11.73,13.06,21,137.70000000000002,888,8.21,601,0,1,0,0,1,1,0,0,0,4,10.54970588235294,10.565833333333332,145,236,26,14,9
 Saint-Louis,60,1,Deuxième Session,Passable,11.56,PASSE,1,2018,F,S2,LYCEE DE GUEDE CHANTIER,O,Académie de Saint - Louis,NDIOUM,LYCEE DE NDIOUM,1,Pass,ADM,1,2002,15.4,14.93,12.38,13.2,12,9,11,11,10,8,0.0,0.0,0.0,260,10.0,10.0,9.53,19,163.0,345,11.56,144,0,1,0,0,1,1,0,2,0,0,10.754035087719299,10.83,88,174,99,11,7
 Louga,35,1,Deuxième Session,NULL,7.77,NON ADMIS,1,2018,M,S2,LYCEE CHEIKH MOURATH NDAO,O,Académie de Thiès,MEKHE,CEM  CHEIKH MOURATH NDAO DE MEKHE,1,Pass,ADM,2,2011,13.69,11.74,10.33,9.37,6,12,11,4,8,4,0.0,0.0,0.0,208,8.0,10.12,10.41,21,144.0,760,7.77,652,0,1,0,1,0,1,1,0,0,4,10.54970588235294,10.262727272727274,80,130,0,14,5
 Louga,45,1,Deuxième Session,NULL,9.95,AUTORISE,1,2018,M,S2,LYCEE DE LEONA,O,Académie de Louga,LEONA,LYCEE DE LEONA,1,Pass,ADM,1,2011,11.72,12.03,12.4,13.87,9,13,10,11,13,9,0.0,0.0,0.0,279,10.73,10.73,10.41,19,181.0,138,9.95,372,0,1,0,1,0,1,1,1,0,4,10.600980392156861,10.405000000000001,65,190,81,7,5
Kaffrine,5,1,Deuxième Session,NULL,3.97,NON ADMIS,1,2018,F,S2,LYCEE DE NGANDA,O,Académie de Kaffrine,KAFFRINE,LYCEE BABACAR COBAR NDAW,1,Pass,ADM,2,2010,14.88,13.14,11.01,9.99,4,11,9,10,8,8,0.0,0.0,0.0,212,8.15,10.77,11.0,19,133.0,958,3.97,896,0,1,0,0,1,1,0,0,0,4,10.78076923076923,10.305,48,219,31,3,12
 Dakar,5,1,Deuxième Session,NULL,1.29,NON ADMIS,1,2018,F,S2,GROUPE SCOLAIRE CHEIKH KHALIFA ABABACAR SY,O,Académie de Pikine - Guédiawaye,GUEDIAWAYE,ECOLE NANSEN,1,Pass,ADM,1,1998,13.25,11.3,12.98,12.89,10,11,11,11,5,12,0.0,0.0,0.0,274,10.54,10.54,11.06,20,159.0,448,1.29,995,0,1,0,0,1,1,0,0,0,4,10.529097744360902,10.416290322580645,43,96,24,9,0
 Saint-Louis,45,1,Deuxième Session,NULL,9.2,AUTORISE,1,2018,M,S2,COURS PRIVES SANKORE,O,Académie de Saint - Louis,SAINT LOUIS,LYCEE TECHNIQUE ANDRE PEYTAVIN,2,Pass,ADM,1,1997,0.0,0.0,0.0,0.0,12,8,14,9,11,10,0.0,0.0,0.0,276,10.62,10.62,9.88,21,136.79999999999998,899,9.2,481,0,1,0,1,0,1,1,1,0,4,10.754035087719299,10.278,121,34,175,11,7
Sédhiou,35,1,Deuxième Session,NULL,8.68,NON ADMIS,1,2018,M,S2,LYCEE IBOU DIALLO,O,Académie de Sédhiou,SEDHIOU,LYCEE IBOU DIALLO,2,Pass,ADM,2,1996,11.48,12.44,11.03,10.66,8,14,7,7,12,4,0.0,0.0,0.0,227,8.73,10.69,11.71,22,165.29999999999998,316,8.68,547,0,1,0,1,0,1,1,0,0,4,10.52925925925926,10.50375,129,288,152,12,14
 Ziguinchor,60,1,Première Session,Passable,11.7,PASSE,1,2018,M,S2,LYCEE DE SALY,O,Académie de Thiès,SALY,LYCEE DE SALY,1,Pass,ADM,2,2000,10.93,12.8,10.99,9.96,12,11,5,4,5,9,0.0,0.0,0.0,233,8.96,11.27,13.06,18,181.0,138,111.7,37,0,1,0,1,0,1,1,2,1,0,10.54970588235294,11.376666666666667,124,250,126,14,10
 Thiès,5,1,Deuxième Session,NULL,5.34,NON ADMIS,1,2018,M,S2,LYCEE AHMADOU NDACK SECK THIES,O,Académie de Thiès,THIES,ECOLE ELEMENTAIRE GERMAINE LE GOFF DE THIES,3,Pass,ADM,2,2002,11.29,10.05,9.83,9.0,14,7,6,12,7,4,0.0,0.0,0.0,208,8.0,10.08,10.12,23,132.3,964,5.34,842,0,1,0,1,0,1,1,0,0,4,10.54970588235294,10.443461538461538,142,114,22,14,9
 Diourbel,60,1,Première Session,Passable,10.86,PASSE,1,2018,M,S2,LYCEE D'ENSEIGNEMENT GENERAL DE DIOURBEL,O,Académie de Diourbel,DIOURBEL,LYCEE D'ENSEIGNEMENT GENERAL DE DIOURBEL,1,Pass,ADM,1,1999,9.9,11.24,11.2,11.48,7,12,13,10,10,9,0.0,0.0,0.0,269,10.35,10.35,9.47,20,150.0,643,110.86,70,0,1,0,1,0,1,1,2,1,0,10.45184210526316,10.391739130434782,27,135,35,1,1
Kédougou,6,1,Deuxième Session,NULL,3.76,NON ADMIS,1,2018,F,S2,LYCEE MACIRE BA DE KEDOUGOU,O,Académie de Kédougou,KEDOUGOU,LYCEE TECHNIQUE INDUSTRIEL DE KEDOUGOU,2,Pass,ADM,1,1998,10.09,12.97,9.39,10.11,9,11,15,9,6,7,0.0,0.0,0.0,260,10.0,10.0,9.0,20,145.35,724,3.76,905,0,1,0,0,1,1,0,0,0,4,10.698333333333332,10.668000000000001,55,296,176,6,13
 Dakar,10,1,Deuxième Session,NULL,6.48,NON ADMIS,1,2018,F,S2,COURS SECONDAIRE LEOPOLD SEDAR SENGHOR,O,Académie de Dakar,PARCELLES ASSAINIES,CEM UNITE 19,2,Pass,ADM,1,1999,12.54,10.59,12.54,12.51,8,13,10,13,10,7,0.0,0.0,0.0,265,10.19,10.19,9.41,19,166.25,294,6.48,777,0,1,0,0,1,1,0,0,0,4,10.570365853658537,10.494137931034482,108,38,15,0,0
 Kaolack,45,1,Deuxième Session,NULL,10.0,AUTORISE,1,2018,M,S2,LYCEE VALDIODIO NDIAYE,O,Académie de Kaolack,KAOLACK,COLLEGE PIE XII,2,Pass,ADM,2,2008,10.75,9.85,9.6,11.65,9,14,6,11,8,3,0.0,0.0,0.0,232,8.92,10.31,10.41,20,171.0,236,10.0,359,0,1,0,1,0,1,1,1,0,4,10.556461538461537,10.403962264150943,52,322,16,4,3
 Fatick,60,1,Deuxième Session,Passable,10.47,PASSE,1,2018,M,S2,LYCEE DE NGOYE,O,Académie de Diourbel,NGOYE,LYCEE DE NGOYE,3,Pass,ADM,2,2005,9.45,11.2,9.22,10.61,10,10,7,8,6,8,0.0,0.0,0.0,232,8.92,10.88,11.94,25,135.0,921,10.47,274,0,1,0,1,0,1,1,2,0,0,10.45184210526316,10.527142857142858,96,223,106,1,2
 Dakar,35,1,Deuxième Session,NULL,8.82,NON ADMIS,1,2018,M,S2,LYCEE DE KEUR MASSAR ,O,Académie de Pikine - Guédiawaye,KEUR MASSAR,LYCEE ZONE DE RECASEMENT DE KEUR MASSAR ,1,Pass,ADM,1,1998,6.49,13.99,13.44,13.46,8,14,13,10,11,13,0.0,0.0,0.0,300,11.54,11.54,11.88,20,174.0,203,8.82,522,0,1,0,1,0,1,1,0,0,4,10.529097744360902,10.795238095238094,57,184,179,9,0
 Thiès,60,1,Première Session,Passable,10.61,PASSE,1,2018,M,S2,LYCEE DE NGOUNDIANE,O,Académie de Thiès,NGOUNDIANE,LYCEE DE NGOUNDIANE,2,Pass,ADM,2,1998,9.71,10.14,10.8,10.06,10,10,5,2,7,8,0.0,0.0,0.0,217,8.35,10.0,11.65,21,142.5,790,110.61,81,0,1,0,1,0,1,1,2,1,0,10.54970588235294,10.846363636363636,95,222,105,14,9
 Kolda,60,1,Deuxième Session,Passable,11.16,PASSE,1,2018,M,S2,LYCEE BOUNA KANE DE KOLDA,O,Académie de Kolda,KOLDA,LYCEE ALPHA MOLO BALDE,3,Pass,ADM,2,2008,12.22,11.45,10.54,11.69,9,14,4,8,4,7,0.0,0.0,0.0,232,8.92,10.31,10.94,22,162.0,381,11.16,174,0,1,0,1,0,1,1,2,0,0,10.615862068965518,10.507222222222222,60,124,29,5,4
 Kolda,60,1,Deuxième Session,Passable,11.7,PASSE,1,2018,M,S2,LYCEE BOUNA KANE DE KOLDA,O,Académie de Kolda,KOLDA,LYCEE ALPHA MOLO BALDE,2,Pass,ADM,1,2001,13.38,11.54,13.76,12.39,8,11,12,8,18,8,0.0,0.0,0.0,271,10.42,10.42,9.06,24,139.65,852,11.7,134,0,1,0,1,0,1,1,2,0,0,10.615862068965518,10.507222222222222,60,124,29,5,4
 Tambacounda,11,1,Deuxième Session,NULL,3.66,NON ADMIS,1,2018,M,S2,LYCEE MAME CHEIKH MBAYE,O,Académie de Tambacounda,TAMBACOUNDA,LYCEE MAME CHEIKH MBAYE,2,Pass,ADM,2,1998,11.17,11.33,12.19,11.41,8,11,9,9,8,4,0.0,0.0,0.0,208,8.0,10.04,10.06,20,139.65,852,3.66,913,0,1,0,1,0,1,1,0,0,4,10.563333333333333,10.5975,136,302,162,13,8
 Thiès,35,1,Deuxième Session,NULL,8.13,NON ADMIS,1,2018,M,S2,LYCEE AHMADOU NDACK SECK THIES,O,Académie de Thiès,THIES,CEM MAMADOU DIAW THIES,2,Pass,ADM,2,2010,11.78,11.05,12.8,11.32,12,10,9,5,6,3,0.0,0.0,0.0,212,8.15,11.62,13.06,20,153.9,538,8.13,615,0,1,0,1,0,1,1,0,0,4,10.54970588235294,10.443461538461538,142,114,10,14,9
 Dakar,0,1,Deuxième Session,NULL,4.47,NON ADMIS,1,2018,F,S2,LYCEE DE BAMBEY,O,Académie de Diourbel,BAMBEY,LYCEE DE BAMBEY,3,Pass,ADM,2,2008,9.93,10.02,11.23,10.96,10,11,8,6,9,8,0.0,0.0,0.0,243,9.35,10.15,10.0,22,143.1,768,4.47,875,0,1,0,0,1,1,0,0,0,4,10.45184210526316,10.1625,4,143,40,1,0
 Thiès,21,1,Deuxième Session,NULL,7.86,NON ADMIS,1,2018,M,S2,LYCEE DE THILMAKHA,O,Académie de Thiès,PEKESSE,LYCEE DE PEKESSE,1,Pass,ADM,2,1999,12.18,10.95,9.54,9.93,14,7,8,5,8,4,0.0,0.0,0.0,208,8.0,10.46,10.47,19,157.0,474,7.86,642,0,1,0,1,0,1,1,0,0,4,10.54970588235294,10.686,111,266,118,14,9
 Thiès,25,1,Deuxième Session,NULL,8.96,NON ADMIS,1,2018,M,S2,LYCEE DEMBA DIOP,O,Académie de Thiès,MBOUR,COMPLEXE SCOLAIRE INTERN-KEUR MADIOR,1,Pass,ADM,2,2006,11.57,10.19,10.17,9.71,10,10,8,5,8,5,0.0,0.0,0.0,219,8.42,10.12,10.0,22,150.0,643,8.96,513,0,1,0,1,0,1,1,0,0,4,10.54970588235294,10.625599999999999,77,277,20,14,9
 Thiès,15,1,Deuxième Session,NULL,7.5,NON ADMIS,1,2018,F,S2,GROUPE SCOLAIRE MAMADOU DIAGNE DE POUT,O,Académie de Thiès,POUT,LYCEE DE POUT,2,Pass,ADM,2,1997,10.81,10.83,8.7,7.72,9,13,12,5,3,6,0.0,0.0,0.0,221,8.5,10.27,11.82,21,162.45,368,7.5,684,0,1,0,0,1,1,0,0,0,4,10.54970588235294,10.49,117,105,121,14,9
 Louga,16,1,Deuxième Session,NULL,6.72,NON ADMIS,1,2018,F,S2,ECOLE PRIVEE LA REFERENCE ACADEMIQUE,O,Académie de Pikine - Guédiawaye,MBAO,ECOLE ELEMENTAIRE LGI MBAO,2,Pass,ADM,1,2007,13.07,12.38,12.28,13.27,11,13,13,11,7,5,0.0,0.0,0.0,260,10.0,10.0,9.59,21,173.85,207,6.72,765,0,1,0,0,1,1,0,0,0,4,10.529097744360902,10.765172413793103,74,70,23,9,5
 Kaolack,60,1,Deuxième Session,Passable,11.18,PASSE,1,2018,M,S2,LYCEE DE KEUR MADIABEL,O,Académie de Kaolack,KEUR MADIABEL,LYCEE DE KEUR MADIABEL,1,Pass,ADM,2,2011,11.63,11.95,10.44,11.74,12,11,10,10,11,2,0.0,0.0,0.0,228,8.77,11.54,12.35,18,181.0,138,11.18,170,0,1,0,1,0,1,1,2,0,0,10.556461538461537,10.666,56,183,76,4,3
 Kolda,0,1,Deuxième Session,NULL,3.45,NON ADMIS,1,2018,M,S2,ECOLE PRIVEE  ESPOIR DU FOULADOU,O,Académie de Kolda,KOLDA,LYCEE ALPHA MOLO BALDE,2,Pass,ADM,1,2005,11.39,11.24,11.38,13.56,11,11,8,12,6,9,0.0,0.0,0.0,260,10.0,10.0,10.29,20,156.75,491,3.45,923,0,1,0,1,0,1,1,0,0,4,10.615862068965518,10.507222222222222,60,45,29,5,4
 Dakar,60,1,Deuxième Session,Passable,11.72,PASSE,1,2018,M,S2,LYCEE DE PETE,O,Académie de Saint - Louis,PETE,LYCEE DE PETE,1,Pass,ADM,2,1999,12.73,11.69,10.49,12.06,11,10,11,6,8,5,0.0,0.0,0.0,227,8.73,10.96,11.35,19,166.0,300,11.72,133,0,1,0,1,0,1,1,2,0,0,10.754035087719299,10.716666666666669,112,240,119,11,0
 Dakar,26,1,Deuxième Session,NULL,8.86,NON ADMIS,1,2018,F,S2,LYCEE DE YENE,O,Académie de Rufisque,YENE,LYCEE DE YENE,1,Pass,ADM,1,1998,15.79,14.3,11.65,13.45,12,10,7,7,11,9,0.0,0.0,0.0,260,10.0,10.0,10.24,20,162.0,381,8.86,519,0,1,0,0,1,1,0,0,0,4,10.276041666666666,10.057500000000001,152,275,147,10,0
 Dakar,41,1,Deuxième Session,NULL,8.57,NON ADMIS,1,2018,M,S2,LYCEE DE THIAROYE,O,Académie de Pikine - Guédiawaye,PIKINE,LYCEE DE THIAROYE,2,Pass,ADM,2,2015,10.43,10.83,10.93,9.84,13,12,7,4,5,3,0.0,0.0,0.0,221,8.5,10.42,11.94,23,176.7,182,8.57,555,0,1,0,1,0,1,1,0,0,4,10.529097744360902,10.27,113,264,139,9,0
 Kaolack,60,1,Deuxième Session,Passable,11.85,PASSE,1,2018,M,S2,LYCEE DE NDIEDIENG,O,Académie de Kaolack,NDIEDIENG,LYCEE DE NDIEDIENG,2,Pass,ADM,2,2009,12.85,10.72,13.26,12.57,8,13,9,6,8,7,0.0,0.0,0.0,233,8.96,11.27,12.35,21,156.75,491,11.85,124,0,1,0,1,0,1,1,2,0,0,10.556461538461537,10.915,87,212,98,4,3
 Kaolack,36,1,Deuxième Session,NULL,7.1,NON ADMIS,1,2018,M,S2,LYCEE IBRAHIMA DIOUF,O,Académie de Kaolack,KAOLACK,COLLEGE PRIVE MBOUTOU SOW,2,Pass,ADM,2,1997,12.43,11.29,12.18,10.45,12,9,12,6,11,5,0.0,0.0,0.0,232,8.92,10.69,10.94,22,145.35,724,7.1,725,0,1,0,1,0,1,1,0,0,4,10.556461538461537,10.403962264150943,52,289,17,4,3
 Dakar,5,1,Deuxième Session,NULL,4.84,NON ADMIS,1,2018,F,S2,LYCEE ZONE DE RECASEMENT DE KEUR MASSAR ,O,Académie de Pikine - Guédiawaye,KEUR MASSAR,LYCEE ZONE DE RECASEMENT DE KEUR MASSAR ,2,Pass,ADM,2,1998,12.47,12.05,11.58,12.13,6,11,7,9,10,7,0.0,0.0,0.0,222,8.54,10.04,9.71,20,128.25,993,4.84,863,0,1,0,0,1,1,0,0,0,4,10.529097744360902,10.795238095238094,57,324,179,9,0
 Saint-Louis,26,1,Deuxième Session,NULL,7.53,NON ADMIS,1,2018,F,S2,LYCEE DE THILLE BOUBACAR,O,Académie de Saint - Louis,FANAYE,LYCEE DE FANAYE,2,Pass,ADM,2,2002,12.28,9.7,10.22,10.91,9,12,7,6,6,5,0.0,0.0,0.0,208,8.0,10.42,12.0,20,153.9,538,7.53,678,0,1,0,0,1,1,0,0,0,4,10.754035087719299,10.383333333333333,31,265,63,11,7
Kaffrine,30,1,Deuxième Session,NULL,8.34,NON ADMIS,1,2018,M,S2,LYCEE BABACAR COBAR NDAW,O,Académie de Kaffrine,KAFFRINE,LYCEE BABACAR COBAR NDAW,2,Pass,ADM,2,2007,11.82,10.75,10.76,10.89,7,14,5,8,3,6,0.0,0.0,0.0,208,8.0,10.27,12.0,21,159.6,429,8.34,589,0,1,0,1,0,1,1,0,0,4,10.78076923076923,10.305,48,120,31,3,12
 Kaolack,21,1,Deuxième Session,NULL,7.16,NON ADMIS,1,2018,M,S2,LYCEE DE TAIBA NIASSENE,O,Académie de Kaolack,TAIBA NIASSENE,LYCEE DE TAIBA NIASSENE,1,Pass,ADM,2,2004,12.12,10.53,8.07,8.36,7,10,8,10,8,5,0.0,0.0,0.0,208,8.0,11.31,11.71,20,132.0,971,7.16,720,0,1,0,1,0,1,1,0,0,4,10.556461538461537,10.432222222222222,134,258,134,4,3
 Thiès,60,1,Deuxième Session,Passable,10.63,PASSE,1,2018,M,S2,LYCEE LEOPOLD SEDAR SENGHOR,O,Académie de Thiès,JOAL,LYCEE LEOPOLD SEDAR SENGHOR,2,Pass,ADM,1,1998,11.77,10.51,11.1,11.75,8,13,9,10,10,9,0.0,0.0,0.0,260,10.0,10.0,10.12,20,156.75,491,10.63,250,0,1,0,1,0,1,1,2,0,0,10.54970588235294,10.558,47,294,155,14,9
 Diourbel,60,1,Première Session,Passable,11.04,PASSE,1,2018,F,S2,LYCEE D'ENSEIGNEMENT GENERAL DE DIOURBEL,O,Académie de Diourbel,DIOURBEL,LYCEE D'ENSEIGNEMENT GENERAL DE DIOURBEL,1,Pass,ADM,1,2000,11.43,11.17,12.32,12.75,12,9,12,6,9,13,0.0,0.0,0.0,279,10.73,10.73,11.29,19,163.0,345,111.03999999999999,63,0,1,0,0,1,1,0,2,1,0,10.45184210526316,10.391739130434782,27,135,35,1,1
 Saint-Louis,9,1,Deuxième Session,NULL,6.36,NON ADMIS,1,2018,F,S2,CANDIDAT INDIVIDUEL SAINT - LOUIS (CAOSP),I,Académie de Saint - Louis,SAINT LOUIS,LYCEE DE CAS CAS,3,Pass,ADM,2,1996,0.0,0.0,0.0,0.0,7,10,10,9,10,9,0.0,0.0,0.0,241,9.27,10.69,10.47,22,118.8,1043,6.36,783,0,1,0,0,1,1,0,0,0,4,10.754035087719299,10.278,121,11,49,11,7
 Ziguinchor,45,1,Deuxième Session,NULL,10.32,AUTORISE,1,2018,M,S2,LYCEE DE THIONCK ESSYL,O,Académie de Ziguinchor,THIONCK ESSYL,LYCEE DE THIONCK ESSYL,1,Pass,ADM,2,2011,11.48,11.64,9.51,10.47,10,10,10,7,3,6,0.0,0.0,0.0,208,8.0,10.69,11.76,18,160.0,403,10.32,294,0,1,0,1,0,1,1,1,0,4,10.648571428571428,10.69,144,268,141,15,10
 Dakar,5,1,Deuxième Session,NULL,2.79,NON ADMIS,1,2018,F,S2,LYCEE RAWANE NGOM - MPAL,O,Académie de Saint - Louis,MPAL,LYCEE RAWANE NGOM - MPAL,1,Pass,ADM,2,1999,10.47,9.67,7.91,9.15,10,11,6,12,9,7,0.0,0.0,0.0,227,8.73,10.19,11.06,19,169.0,257,2.79,951,0,1,0,0,1,1,0,0,0,4,10.754035087719299,10.52,81,311,167,11,0
 Dakar,25,1,Deuxième Session,NULL,7.09,NON ADMIS,1,2018,F,S2,LYCEE SEYDINA LIMAMOULAYE,O,Académie de Pikine - Guédiawaye,GUEDIAWAYE,CEM OGO DIOP,3,Pass,ADM,2,1994,10.04,10.84,11.58,10.99,10,12,8,3,4,5,0.0,0.0,0.0,209,8.04,10.04,11.41,24,151.20000000000002,594,7.09,726,0,1,0,0,1,1,0,0,0,4,10.529097744360902,10.416290322580645,43,320,13,9,0
 Kaolack,10,1,Deuxième Session,NULL,4.95,NON ADMIS,1,2018,M,S2,LYCEE PLAN JAXAAY,O,Académie de Rufisque,JAXAAY,LYCEE PLAN JAXAAY,4,Pass,ADM,2,2006,9.54,9.63,9.96,9.67,13,10,7,6,6,3,0.0,0.0,0.0,210,8.08,10.15,11.59,24,142.79999999999998,783,4.95,855,0,1,0,1,0,1,1,0,0,4,10.276041666666666,10.262,46,310,166,10,3
 Dakar,60,1,Deuxième Session,Passable,10.81,PASSE,1,2018,M,S2,LYCEE MODERNE DE RUFISQUE,O,Académie de Rufisque,RUFISQUE,CEM MOMAR SENE WALY,1,Pass,ADM,1,1998,13.98,10.38,13.23,12.56,9,11,14,12,10,6,0.0,0.0,0.0,260,10.0,10.0,8.65,20,153.0,575,10.81,221,0,1,0,1,0,1,1,2,0,0,10.276041666666666,10.287826086956523,120,308,11,10,0
 Saint-Louis,60,1,Deuxième Session,Passable,10.46,PASSE,1,2018,F,S2,LYCEE DE GALOYA,O,Académie de Saint - Louis,GALOYA,LYCEE DE GALOYA,2,Pass,ADM,2,2009,9.13,10.52,10.69,11.5,10,10,10,6,8,8,0.0,0.0,0.0,240,9.23,11.54,12.12,19,152.0,589,10.46,278,0,1,0,0,1,1,0,2,0,0,10.754035087719299,11.135,36,169,65,11,7
 Thiès,40,1,Deuxième Session,NULL,8.69,NON ADMIS,1,2018,M,S2,LYCEE DE PIKINE,O,Académie de Pikine - Guédiawaye,GUEDIAWAYE,CEM JOSEPH CORREA A,1,Pass,ADM,1,1998,10.76,9.73,11.07,11.92,13,9,8,7,11,11,0.0,0.0,0.0,263,10.12,10.12,10.88,20,159.0,448,8.69,543,0,1,0,1,0,1,1,0,0,4,10.529097744360902,10.416290322580645,43,242,8,9,9
 Thiès,11,1,Deuxième Session,NULL,2.96,NON ADMIS,1,2018,M,S2,GROUPE SCOLAIRE EDUCAZUR,O,Académie de Pikine - Guédiawaye,MBAO,CEM DIAMAGUENE (SICAP MBAO),2,Pass,ADM,2,1998,11.83,10.32,10.51,10.31,10,12,8,6,8,7,0.0,0.0,0.0,233,8.96,11.5,12.53,20,159.6,429,2.96,945,0,1,0,1,0,1,1,0,0,4,10.529097744360902,10.765172413793103,74,98,3,9,9
 Diourbel,15,1,Deuxième Session,NULL,7.37,NON ADMIS,1,2018,M,S2,LYCEE DE FAHU II,O,Académie de Thiès,THIES,CEM MAMADOU DIAW THIES,3,Pass,ADM,2,2008,13.17,10.62,9.84,9.87,11,11,9,6,2,6,0.0,0.0,0.0,224,8.62,10.81,11.71,22,148.5,670,7.37,701,0,1,0,1,0,1,1,0,0,4,10.54970588235294,10.443461538461538,142,166,10,14,1
 Diourbel,40,1,Deuxième Session,NULL,8.81,NON ADMIS,1,2018,M,S2,ECOLE PRIVEE FALLOU GALASS,O,Académie de Diourbel,MBACKE,LYCEE DE MBACKE,4,Pass,ADM,2,2005,9.8,9.9,11.75,12.57,8,14,5,5,9,3,0.0,0.0,0.0,208,8.0,10.08,11.18,25,147.9,698,8.81,523,0,1,0,1,0,1,1,0,0,4,10.45184210526316,10.248947368421051,73,60,87,1,1
 Diourbel,60,1,Deuxième Session,Passable,10.84,PASSE,1,2018,F,S2,LYCEE MIXTE NGANE SAER ,O,Académie de Kaolack,NGANE SAER,LYCEE MIXTE NGANE SAER ,1,Pass,ADM,1,2003,16.58,15.15,13.81,14.56,11,12,14,12,11,10,0.0,0.0,0.0,297,11.42,11.42,11.0,20,174.0,203,10.84,213,0,1,0,0,1,1,0,2,0,0,10.556461538461537,10.562000000000001,93,307,164,4,1
0,60,1,Deuxième Session,Passable,10.52,PASSE,1,2018,M,S2,LYCEE BLAISE DIAGNE,O,Académie de Dakar,DAKAR,LYCEE LAMINE GUEYE,2,Pass,ADM,2,1997,9.93,11.69,11.0,12.14,12,12,7,8,4,5,0.0,0.0,0.0,222,8.54,10.54,11.88,21,171.0,236,10.52,265,0,1,0,1,0,1,1,2,0,0,10.570365853658537,10.612075471698114,17,122,154,0,11
 Thiès,16,1,Deuxième Session,NULL,7.63,NON ADMIS,1,2018,M,S2,GROUPE SCOLAIRE ABDOU AZIZ SY DABAKH,O,Académie de Thiès,TIVAOUANE,LYCEE ABABACAR SY,3,Pass,ADM,1,2011,10.37,9.95,10.46,10.23,9,11,5,7,8,13,0.0,0.0,0.0,260,10.0,10.0,11.12,23,137.70000000000002,888,7.63,668,0,1,0,1,0,1,1,0,0,4,10.54970588235294,10.565833333333332,145,94,26,14,9
 Thiès,19,1,Deuxième Session,NULL,7.17,NON ADMIS,1,2018,M,S2,CANDIDAT INDIVIDUEL THIES (CAOSP),I,Académie de Thiès,THIES,LYCEE DE NGUEKOKH,6,Pass,ADM,2,2009,0.0,0.0,0.0,0.0,12,10,6,6,9,4,0.0,0.0,0.0,208,8.0,10.0,10.82,27,137.7,897,7.17,719,0,1,0,1,0,1,1,0,0,4,10.54970588235294,10.443461538461538,142,14,107,14,9
 Thiès,15,1,Deuxième Session,NULL,5.95,NON ADMIS,1,2018,F,S2,LYCEE DE NGUEKOKH,O,Académie de Thiès,NGUEKOKH,LYCEE DE NGUEKOKH,1,Pass,ADM,2,1999,14.66,12.15,12.08,10.58,10,8,10,13,6,7,0.0,0.0,0.0,233,8.96,10.0,9.29,19,142.0,820,5.95,811,0,1,0,0,1,1,0,0,0,4,10.54970588235294,10.48,97,224,107,14,9
 Dakar,15,1,Deuxième Session,NULL,5.89,NON ADMIS,1,2018,M,S2,LYCEE DE SANGALCAM,O,Académie de Rufisque,SANGALCAM,LYCEE DE SANGALCAM,1,Pass,ADM,2,2010,11.31,10.86,8.74,9.43,16,7,7,7,10,5,0.0,0.0,0.0,223,8.58,11.69,12.47,19,169.0,257,5.89,813,0,1,0,1,0,1,1,0,0,4,10.276041666666666,11.25,127,253,129,10,0
 Kaolack,60,1,Deuxième Session,Passable,11.17,PASSE,1,2018,M,S2,LYCEE SERIGNE KHASSIM MBACKE GUINGUINEO,O,Académie de Kaolack,GUINGUINEO,LYCEE SERIGNE KHASSIM MBACKE GUINGUINEO,3,Pass,ADM,2,2007,11.31,10.98,10.4,10.05,7,11,10,6,10,8,0.0,0.0,0.0,234,9.0,11.35,11.41,21,126.9,1004,11.17,172,0,1,0,1,0,1,1,2,0,0,10.556461538461537,10.5475,45,315,171,4,3
 Dakar,26,1,Deuxième Session,NULL,8.76,NON ADMIS,1,2018,F,S2,ECOLE PRIVEE DAVID DIOP MENDES,O,Académie de Pikine - Guédiawaye,MBAO,LYCEE DE MBAO,2,Pass,ADM,1,1998,13.72,14.1,11.76,10.84,10,11,12,9,11,8,0.0,0.0,0.0,260,10.0,10.0,9.65,20,151.04999999999998,602,8.76,531,0,1,0,0,1,1,0,0,0,4,10.529097744360902,10.765172413793103,74,55,88,9,0
 Fatick,45,1,Deuxième Session,NULL,9.79,AUTORISE,1,2018,F,S2,LYCEE DE PASSY,O,Académie de Fatick,PASSY,LYCEE DE PASSY,1,Pass,ADM,1,2000,11.12,11.45,8.66,9.81,12,10,13,8,9,9,0.0,0.0,0.0,269,10.35,10.35,10.24,18,172.0,222,9.79,388,0,1,0,0,1,1,0,1,0,4,10.526071428571429,10.546000000000001,109,237,116,2,2
 Dakar,0,1,Deuxième Session,NULL,0.38,NON ADMIS,1,2018,F,S2,LYCEE ABABACAR SY,O,Académie de Thiès,TIVAOUANE,LYCEE ABABACAR SY,1,Pass,ADM,1,2000,11.86,11.62,10.26,10.41,10,10,9,12,13,8,0.0,0.0,0.0,260,10.0,10.0,9.29,18,160.0,403,0.38,1030,0,1,0,0,1,1,0,0,0,4,10.54970588235294,10.565833333333332,145,112,26,14,0
 Kaolack,60,1,Première Session,Passable,10.24,PASSE,1,2018,M,S2,NOUVEAU LYCEE DE KAOLACK,O,Académie de Kaolack,KAOLACK,COLLEGE PRIVE MBOUTOU SOW,2,Pass,ADM,2,1997,0.0,8.57,8.78,10.56,9,11,8,5,9,7,0.0,0.0,0.0,243,9.35,11.96,12.18,21,145.35,724,110.24,95,0,1,0,1,0,1,1,2,1,0,10.556461538461537,10.403962264150943,52,326,17,4,3
 Thiès,26,1,Deuxième Session,NULL,9.22,NON ADMIS,1,2018,F,S2,ECOLE PRIVEE SEYDINA MANDIONE LAYE,O,Académie de Dakar,PARCELLES ASSAINIES,CEM UNITE 19,3,Pass,ADM,2,1998,10.02,8.97,9.07,8.86,10,10,11,9,6,5,0.0,0.0,0.0,227,8.73,10.58,11.06,22,135.0,921,9.22,478,0,1,0,0,1,1,0,0,0,4,10.570365853658537,10.494137931034482,108,90,15,0,9
 Kaolack,40,1,Deuxième Session,NULL,6.83,NON ADMIS,1,2018,M,S2,NOUVEAU LYCEE DE KAOLACK,O,Académie de Kaolack,KAOLACK,COLLEGE PIE XII,2,Pass,ADM,2,1994,10.88,12.12,9.08,10.59,8,10,8,8,10,6,0.0,0.0,0.0,226,8.69,10.0,9.29,24,131.1,977,6.83,751,0,1,0,1,0,1,1,0,0,4,10.556461538461537,10.403962264150943,52,326,16,4,3
 Diourbel,60,1,Première Session,Assez-Bien,12.59,PASSE,1,2018,M,S2,LYCEE DE BAMBEY SERERE,O,Académie de Diourbel,BAMBEY SERERE,LYCEE DE BAMBEY SERERE,1,Pass,ADM,1,2011,12.65,11.41,11.94,12.02,15,12,8,13,4,5,0.0,0.0,0.0,260,10.0,10.0,10.41,19,208.0,28,112.59,16,0,1,0,1,0,1,1,2,1,1,10.45184210526316,10.831999999999999,5,144,41,1,1
 Louga,60,1,Première Session,Assez-Bien,12.69,PASSE,1,2018,M,S2,LYCEE MACODOU KANGUE SALL,O,Académie de Louga,KEBEMER,LYCEE MACODOU KANGUE SALL,1,Pass,ADM,1,1997,10.05,12.43,11.31,10.31,14,14,11,5,10,4,0.0,0.0,0.0,260,10.0,10.0,10.47,21,210.0,23,112.69,15,0,1,0,1,0,1,1,2,1,1,10.600980392156861,10.82,54,297,158,7,5
 Tambacounda,20,1,Deuxième Session,NULL,6.24,NON ADMIS,1,2018,M,S2,LYCEE BOUNA SEMOU NIANG DE KOUMPENTOUM,O,Académie de Tambacounda,KOUMPENTOUM,LYCEE DE KOUMPENTOUM,1,Pass,ADM,1,1999,10.82,11.96,11.08,13.02,14,14,13,12,8,6,0.0,0.0,0.0,295,11.35,11.35,11.18,19,220.0,10,6.24,797,0,1,0,1,0,1,1,0,0,4,10.563333333333333,10.85,61,125,78,13,8
 Matam,10,1,Deuxième Session,NULL,4.71,NON ADMIS,1,2018,F,S2,LYCEE DE BOKIDIAWE,O,Académie de Matam,BOKIDIAWE,LYCEE DE BOKIDIAWE,2,Pass,ADM,2,1997,12.39,11.12,9.88,9.08,7,10,12,11,10,6,0.0,0.0,0.0,229,8.81,11.42,11.53,21,125.39999999999999,1013,4.71,868,0,1,0,0,1,1,0,0,0,4,10.74148148148148,10.9525,10,148,45,8,6
 Thiès,40,1,Deuxième Session,NULL,9.83,NON ADMIS,1,2018,M,S2,LYCEE AHMADOU NDACK SECK THIES,O,Académie de Thiès,THIES,ECOLE ELEMENTAIRE GERMAINE LE GOFF DE THIES,1,Pass,ADM,2,1996,11.09,12.85,10.5,10.35,7,13,8,11,5,5,0.0,0.0,0.0,227,8.73,10.31,10.18,22,159.0,448,9.83,384,0,1,0,1,0,1,1,0,0,4,10.54970588235294,10.443461538461538,142,114,22,14,9
 Fatick,21,1,Deuxième Session,NULL,6.91,NON ADMIS,1,2018,M,S2,LYCEE KHAR KANE,O,Académie de Fatick,GOSSAS,LYCEE KHAR KANE,2,Pass,ADM,2,2009,10.96,10.43,9.82,9.79,9,11,8,7,9,5,0.0,0.0,0.0,226,8.69,10.0,9.59,21,145.35,724,6.91,744,0,1,0,1,0,1,1,0,0,4,10.526071428571429,10.618888888888888,40,292,153,2,2
 Dakar,10,1,Deuxième Session,NULL,4.98,NON ADMIS,1,2018,F,S2,LYCEE DE SEBIKOTANE,O,Académie de Rufisque,SEBIKOTANE,LYCEE DE SEBIKOTANE,1,Pass,ADM,2,1999,10.58,10.86,10.48,10.37,7,15,7,7,7,5,0.0,0.0,0.0,221,8.5,10.0,10.71,19,187.0,98,4.98,854,0,1,0,0,1,1,0,0,0,4,10.276041666666666,10.062000000000001,128,254,130,10,0
 Diourbel,15,1,Deuxième Session,NULL,7.15,NON ADMIS,1,2018,M,S2,ECOLE PRIVEE EL HADJI ABDOULAYE GUEYE BAMBEY,O,Académie de Diourbel,BAMBEY,LYCEE DE BAMBEY,3,Pass,ADM,2,1996,9.93,10.6,12.11,12.19,13,9,7,4,6,7,0.0,0.0,0.0,227,8.73,10.5,11.59,22,143.1,768,7.15,722,0,1,0,1,0,1,1,0,0,4,10.45184210526316,10.1625,4,56,40,1,1
Kaffrine,60,1,Première Session,Passable,11.68,PASSE,1,2018,M,S2,LYCEE EL HADJI IBRAHIMA BA KOUNGHEUL,O,Académie de Kaffrine,KOUNGHEUL,LYCEE EL HADJI IBRAHIMA BA KOUNGHEUL,1,Pass,ADM,2,2011,11.21,9.56,9.3,8.86,15,14,7,6,5,3,0.0,0.0,0.0,244,9.38,11.92,14.29,19,226.0,7,111.68,38,0,1,0,1,0,1,1,2,1,0,10.78076923076923,11.001999999999999,62,282,150,3,12
 Dakar,15,1,Deuxième Session,NULL,5.63,NON ADMIS,1,2018,M,S2,LYCEE DE MBAO,O,Académie de Pikine - Guédiawaye,MBAO,CEM DIAMAGUENE (SICAP MBAO),2,Pass,ADM,1,2013,12.3,10.46,9.83,10.12,9,13,15,5,7,10,0.0,0.0,0.0,273,10.5,10.5,10.76,22,162.45,368,5.63,834,0,1,0,1,0,1,1,0,0,4,10.529097744360902,10.765172413793103,74,200,3,9,0
 Saint-Louis,60,1,Première Session,Assez-Bien,12.2,PASSE,1,2018,M,S2,LYCEE DE NDIOUM,O,Académie de Saint - Louis,NDIOUM,LYCEE DE NDIOUM,1,Pass,ADM,2,2000,12.99,13.19,10.82,11.82,13,13,12,5,8,3,0.0,0.0,0.0,238,9.15,11.23,11.94,18,205.0,31,112.2,24,0,1,0,1,0,1,1,2,1,1,10.754035087719299,10.83,88,213,99,11,7
 Saint-Louis,5,1,Deuxième Session,NULL,2.03,NON ADMIS,1,2018,M,S2,COURS PRIVES SAVOIR PLUS,O,Académie de Pikine - Guédiawaye,KEUR MASSAR,LYCEE ZONE DE RECASEMENT DE KEUR MASSAR ,2,Pass,ADM,1,1998,12.66,11.12,10.89,12.15,12,12,12,7,12,6,0.0,0.0,0.0,260,10.0,10.0,9.88,20,171.0,236,2.03,973,0,1,0,1,0,1,1,0,0,4,10.529097744360902,10.795238095238094,57,35,179,9,7
 Kaolack,45,1,Deuxième Session,NULL,10.21,AUTORISE,1,2018,M,S2,LYCEE DE NDIEDIENG,O,Académie de Kaolack,NDIEDIENG,LYCEE DE NDIEDIENG,2,Pass,ADM,2,2007,11.58,10.05,11.33,11.69,5,13,6,7,4,8,0.0,0.0,0.0,218,8.38,10.27,11.06,22,139.65,852,10.21,314,0,1,0,1,0,1,1,1,0,4,10.556461538461537,10.915,87,212,98,4,3
 Matam,0,1,Deuxième Session,NULL,0.34,NON ADMIS,1,2018,M,S2,LYCEE DE DOUNGA OURO ALPHA,O,Académie de Matam,NDOULOUMADJI,LYCEE DE NABADJI CIVOL,1,Pass,ADM,2,1997,11.3,6.63,9.82,9.94,7,13,8,9,12,7,0.0,0.0,0.0,242,9.31,10.81,11.41,21,159.0,448,0.34,1038,0,1,0,1,0,1,1,0,0,4,10.74148148148148,10.794,91,165,93,8,6
 Fatick,60,1,Deuxième Session,Passable,10.32,PASSE,1,2018,M,S2,LYCEE DE NIAKHAR,O,Académie de Fatick,NIAKHAR,LYCEE DE NIAKHAR,2,Pass,ADM,2,2006,12.6,12.17,12.91,11.43,12,11,5,8,9,6,0.0,0.0,0.0,226,8.69,10.04,10.88,23,162.45,368,10.32,294,0,1,0,1,0,1,1,2,0,0,10.526071428571429,10.063333333333333,101,228,111,2,2
 Saint-Louis,30,1,Deuxième Session,NULL,9.0,NON ADMIS,1,2018,M,S2,LYCEE DE RICHARD TOLL,O,Académie de Saint - Louis,RICHARD TOLL,CEM II DE RICHARD-TOLL,2,Pass,ADM,2,1998,11.37,9.49,8.89,10.45,9,10,6,9,6,6,0.0,0.0,0.0,209,8.04,11.88,12.24,20,136.79999999999998,899,9.0,505,0,1,0,1,0,1,1,0,0,4,10.754035087719299,11.052222222222222,118,245,6,11,7
 Dakar,9,1,Deuxième Session,NULL,4.29,NON ADMIS,1,2018,M,S2,ECOLE PRIVEE EL HADJI AMA COUMBA SECK,O,Académie de Pikine - Guédiawaye,MBAO,LYCEE DE MBAO,2,Pass,ADM,2,2016,11.05,9.96,11.3,9.21,10,10,11,4,9,6,0.0,0.0,0.0,231,8.88,10.04,9.65,20,142.5,790,4.29,879,0,1,0,1,0,1,1,0,0,4,10.529097744360902,10.765172413793103,74,57,88,9,0
 Kaolack,21,1,Deuxième Session,NULL,7.26,NON ADMIS,1,2018,F,S2,LYCEE IBRAHIMA DIOUF,O,Académie de Kaolack,KAOLACK,COLLEGE PIE XII,2,Pass,ADM,1,1997,10.22,11.45,13.72,12.51,8,14,10,10,8,9,0.0,0.0,0.0,263,10.12,10.12,10.47,21,165.29999999999998,316,7.26,712,0,1,0,0,1,1,0,0,0,4,10.556461538461537,10.403962264150943,52,289,16,4,3
 Thiès,21,1,Deuxième Session,NULL,8.75,NON ADMIS,1,2018,F,S2,LYCEE BLAISE DIAGNE,O,Académie de Dakar,DAKAR,LYCEE TECHNIQUE INDUSTRIEL DELAFOSSE,2,Pass,ADM,2,1998,11.66,11.93,11.24,11.69,9,10,10,10,6,4,0.0,0.0,0.0,208,8.0,10.38,10.41,21,136.79999999999998,899,8.75,533,0,1,0,0,1,1,0,0,0,4,10.570365853658537,10.612075471698114,17,122,177,0,9
 Thiès,35,1,Deuxième Session,NULL,8.28,NON ADMIS,1,2018,M,S2,ECOLE PRIVEE KOCC BARMA PROMO,O,Académie de Thiès,THIES,ECOLE ELEMENTAIRE GERMAINE LE GOFF DE THIES,2,Pass,ADM,2,2006,11.42,9.68,10.07,9.98,11,10,13,7,5,5,0.0,0.0,0.0,233,8.96,10.12,10.29,19,157.7,468,8.28,598,0,1,0,1,0,1,1,0,0,4,10.54970588235294,10.443461538461538,142,65,22,14,9
 Dakar,10,1,Deuxième Session,NULL,4.41,NON ADMIS,1,2018,M,S2,LYCEE SEYDINA LIMAMOULAYE,O,Académie de Pikine - Guédiawaye,GUEDIAWAYE,ECOLE NANSEN,2,Pass,ADM,1,2004,12.4,9.72,9.98,9.53,11,10,14,10,8,7,0.0,0.0,0.0,262,10.08,10.08,9.24,20,148.2,679,4.41,877,0,1,0,1,0,1,1,0,0,4,10.529097744360902,10.416290322580645,43,320,24,9,0
 Fatick,60,1,Première Session,Passable,11.25,PASSE,1,2018,M,S2,LYCEE DE THIARE NDIALGUI,O,Académie de Fatick,THIARE NDIALGUI,LYCEE DE THIARE NDIALGUI,1,Pass,ADM,1,2006,12.16,12.34,11.33,11.52,16,12,4,5,9,9,0.0,0.0,0.0,260,10.0,10.0,12.12,21,204.0,33,111.25,55,0,1,0,1,0,1,1,2,1,0,10.526071428571429,10.175,141,263,138,2,2
 Thiès,60,1,Deuxième Session,Passable,10.27,PASSE,1,2018,M,S2,LYCEE AHMADOU NDACK SECK THIES,O,Académie de Thiès,THIES,ECOLE ELEMENTAIRE GERMAINE LE GOFF DE THIES,2,Pass,ADM,1,2003,10.35,10.17,11.8,12.11,15,13,9,6,7,5,0.0,0.0,0.0,260,10.0,10.0,10.76,20,196.64999999999998,52,10.27,302,0,1,0,1,0,1,1,2,0,0,10.54970588235294,10.443461538461538,142,114,22,14,9
 Thiès,60,1,Première Session,Bien,14.14,PASSE,1,2018,M,S2,LYCEE DE NGOUNDIANE,O,Académie de Thiès,NGOUNDIANE,LYCEE DE NGOUNDIANE,1,Pass,ADM,2,2009,12.64,12.18,10.89,12.06,10,13,5,2,7,5,0.0,0.0,0.0,218,8.38,11.58,13.29,20,177.0,174,114.14,1,0,1,0,1,0,1,1,2,1,2,10.54970588235294,10.846363636363636,95,222,105,14,9
 Fatick,40,1,Deuxième Session,NULL,11.04,NON ADMIS,1,2018,M,S2,LYCEE LEOPOLD SEDAR SENGHOR,O,Académie de Thiès,JOAL,LYCEE LEOPOLD SEDAR SENGHOR,1,Pass,ADM,2,2011,13.4,9.82,9.51,10.48,9,12,10,8,9,7,0.0,0.0,0.0,237,9.12,10.0,10.35,19,172.0,222,11.04,186,0,1,0,1,0,1,1,0,0,4,10.54970588235294,10.558,47,294,155,14,2
 Louga,20,1,Deuxième Session,NULL,8.03,NON ADMIS,1,2018,F,S2,NOUVEAU LYCEE DE DAHRA ,O,Académie de Louga,DAHRA,LYCEE DE DAHRA,4,Pass,ADM,2,2004,11.53,9.82,12.35,11.16,11,11,8,9,8,5,0.0,0.0,0.0,233,8.96,11.42,12.06,22,140.25,850,8.03,621,0,1,0,0,1,1,0,0,0,4,10.600980392156861,10.696666666666665,16,325,52,7,5
 Kolda,30,1,Deuxième Session,NULL,9.21,NON ADMIS,1,2018,M,S2,LYCEE ALPHA MOLO BALDE,O,Académie de Kolda,KOLDA,LYCEE ALPHA MOLO BALDE,3,Pass,ADM,1,1996,12.61,13.07,12.98,11.89,10,11,12,11,10,6,0.0,0.0,0.0,260,10.0,10.0,8.94,22,143.1,768,9.21,479,0,1,0,1,0,1,1,0,0,4,10.615862068965518,10.507222222222222,60,118,29,5,4
 Diourbel,60,1,Deuxième Session,Passable,10.84,PASSE,1,2018,M,S2,LYCEE D'ENSEIGNEMENT GENERAL DE DIOURBEL,O,Académie de Diourbel,DIOURBEL,LYCEE D'ENSEIGNEMENT GENERAL DE DIOURBEL,1,Pass,ADM,2,1997,12.8,10.59,9.97,8.31,7,12,12,7,12,5,0.0,0.0,0.0,226,8.69,10.0,9.59,21,150.0,643,10.84,213,0,1,0,1,0,1,1,2,0,0,10.45184210526316,10.391739130434782,27,135,35,1,1
 Louga,40,1,Deuxième Session,NULL,8.98,NON ADMIS,1,2018,M,S2,LYCEE DE MATAM,O,Académie de Matam,MATAM,LYCEE DE MATAM,3,Pass,ADM,2,1995,11.33,10.17,9.75,10.23,10,11,12,6,5,4,0.0,0.0,0.0,217,8.35,10.81,11.41,23,143.1,768,8.98,507,0,1,0,1,0,1,1,0,0,4,10.74148148148148,11.118,72,198,86,8,5
 Diourbel,35,1,Deuxième Session,NULL,8.9,NON ADMIS,1,2018,F,S2,LYCEE MODERNE DE RUFISQUE,O,Académie de Rufisque,RUFISQUE,LYCEE MODERNE DE RUFISQUE,1,Pass,ADM,1,1999,12.59,10.25,10.63,10.14,9,12,11,6,8,9,0.0,0.0,0.0,265,10.19,10.19,10.06,19,172.0,222,8.9,516,0,1,0,0,1,1,0,0,0,4,10.276041666666666,10.287826086956523,120,308,165,10,1
 Matam,40,1,Deuxième Session,NULL,10.04,NON ADMIS,1,2018,M,S2,LYCEE DE KANEL,O,Académie de Matam,KANEL,LYCEE DE KANEL,2,Pass,ADM,1,1996,12.32,9.86,9.7,8.89,12,10,9,7,14,7,0.0,0.0,0.0,264,10.15,10.15,9.53,22,153.9,538,10.04,351,0,1,0,1,0,1,1,0,0,4,10.74148148148148,10.5175,51,179,73,8,6
 Kolda,36,1,Deuxième Session,NULL,6.34,NON ADMIS,1,2018,M,S2,LYCEE BOUNA KANE DE KOLDA,O,Académie de Kolda,KOLDA,LYCEE ALPHA MOLO BALDE,1,Pass,ADM,1,2010,15.4,13.94,11.09,10.52,9,10,7,11,9,11,0.0,0.0,0.0,260,10.0,10.0,10.06,18,154.0,523,6.34,788,0,1,0,1,0,1,1,0,0,4,10.615862068965518,10.507222222222222,60,124,29,5,4
 Dakar,21,1,Deuxième Session,NULL,7.72,NON ADMIS,1,2018,M,S2,LYCEE MIXTE MAURICE DELAFOSSE,O,Académie de Dakar,DAKAR,UNIVERSITE AMADOU HAMPATE BA,1,Pass,ADM,2,1997,11.08,10.99,10.05,9.76,8,12,13,8,6,4,0.0,0.0,0.0,208,8.0,10.04,10.06,21,156.0,514,7.72,656,0,1,0,1,0,1,1,0,0,4,10.570365853658537,10.612075471698114,17,306,181,0,0
 Dakar,16,1,Deuxième Session,NULL,5.79,NON ADMIS,1,2018,F,S2,LYCEE DE BOKIDIAWE,O,Académie de Matam,BOKIDIAWE,LYCEE DE BOKIDIAWE,2,Pass,ADM,2,1996,13.02,13.23,9.94,9.98,7,10,10,6,10,8,0.0,0.0,0.0,225,8.65,10.77,10.94,22,125.39999999999999,1013,5.79,821,0,1,0,0,1,1,0,0,0,4,10.74148148148148,10.9525,10,148,45,8,0
 Kaolack,60,1,Première Session,Assez-Bien,12.23,PASSE,1,2018,F,S2,LYCEE EL HADJI ABDOU HAMID KANE,O,Académie de Kaolack,KAOLACK,COLLEGE PIE XII,2,Pass,ADM,1,1998,11.48,9.72,10.08,10.89,15,15,8,8,6,4,0.0,0.0,0.0,260,10.0,10.0,11.12,20,213.75,18,112.23,22,0,1,0,0,1,1,0,2,1,1,10.556461538461537,10.403962264150943,52,281,16,4,3
 Thiès,40,1,Deuxième Session,NULL,8.79,NON ADMIS,1,2018,M,S2,"GROUPE SCOLAIRE ""PASTEEF""",O,Académie de Thiès,MBOUR,LYCEE DEMBA DIOP,2,Pass,ADM,2,2012,10.67,11.28,10.06,11.16,6,13,13,6,7,7,0.0,0.0,0.0,231,8.88,10.0,10.29,24,145.35,724,8.79,526,0,1,0,1,0,1,1,0,0,4,10.54970588235294,10.625599999999999,77,93,148,14,9
 Louga,10,1,Deuxième Session,NULL,3.61,NON ADMIS,1,2018,F,S2,LYCEE DE GUEOUL,O,Académie de Louga,GUEOUL,LYCEE DE GUEOUL,1,Pass,ADM,2,2010,12.03,11.61,10.94,9.88,12,9,7,9,8,5,0.0,0.0,0.0,215,8.27,10.0,9.88,19,163.0,345,3.61,915,0,1,0,0,1,1,0,0,0,4,10.600980392156861,10.14,44,175,70,7,5
 Dakar,60,1,Première Session,Assez-Bien,13.16,PASSE,1,2018,M,S2,LYCEE SEYDINA LIMAMOULAYE,O,Académie de Pikine - Guédiawaye,GUEDIAWAYE,LYCEE BANQUE ISLAMIQUE,2,ABien,ADM,1,1999,10.68,10.16,12.63,12.97,18,12,10,7,6,12,0.0,0.0,0.0,315,12.12,12.12,13.76,19,233.7,4,113.16,3,0,1,0,1,0,1,1,2,1,1,10.529097744360902,10.416290322580645,43,320,32,9,0
 Kolda,21,1,Deuxième Session,NULL,7.83,NON ADMIS,1,2018,M,S2,LYCEE DE KAFOUNTINE,O,Académie de Ziguinchor,KAFOUNTINE,LYCEE DE KAFOUNTINE,1,Pass,ADM,2,2011,13.96,10.67,11.05,10.5,8,11,9,10,8,6,0.0,0.0,0.0,225,8.65,10.85,11.0,19,157.0,474,7.83,645,0,1,0,1,0,1,1,0,0,4,10.648571428571428,11.446000000000002,49,177,71,15,4
 Kaolack,0,1,Deuxième Session,NULL,3.1,NON ADMIS,1,2018,M,S2,LYCEE DE NDIAFFATE,O,Académie de Kaolack,NDIAFFATE,LYCEE DE NDIAFFATE,2,Pass,ADM,1,1996,13.34,9.87,11.38,10.69,8,10,13,13,10,8,0.0,0.0,0.0,260,10.0,10.0,8.71,22,131.1,977,3.1,941,0,1,0,1,0,1,1,0,0,4,10.556461538461537,10.0,85,211,96,4,3
 Kaolack,60,1,Deuxième Session,Passable,10.86,PASSE,1,2018,M,S2,LYCEE VALDIODIO NDIAYE,O,Académie de Kaolack,KAOLACK,COLLEGE PIE XII,1,Pass,ADM,1,1999,11.64,11.78,10.64,12.32,10,11,13,10,9,6,0.0,0.0,0.0,260,10.0,10.0,8.94,19,169.0,257,10.86,208,0,1,0,1,0,1,1,2,0,0,10.556461538461537,10.403962264150943,52,322,16,4,3
 Dakar,60,1,Deuxième Session,Passable,10.96,PASSE,1,2018,M,S2,LYCEE DE PIKINE,O,Académie de Pikine - Guédiawaye,GUEDIAWAYE,CEM JOSEPH CORREA A,1,Pass,ADM,1,1999,12.08,10.28,11.09,9.74,11,12,11,6,12,7,0.0,0.0,0.0,260,10.0,10.0,9.94,19,184.0,120,10.96,195,0,1,0,1,0,1,1,2,0,0,10.529097744360902,10.416290322580645,43,242,8,9,0
 Dakar,40,1,Deuxième Session,NULL,9.37,NON ADMIS,1,2018,M,S2,"ECOLE PRIVEE ""COURS PRIVES DE LA ZAC MBAO""",O,Académie de Pikine - Guédiawaye,MBAO,ECOLE ELEMENTAIRE LGI MBAO,2,Pass,ADM,2,1995,10.97,9.07,11.26,10.68,5,13,5,7,12,4,0.0,0.0,0.0,208,8.0,10.38,10.53,23,139.65,852,9.37,450,0,1,0,1,0,1,1,0,0,4,10.529097744360902,10.765172413793103,74,46,23,9,0
 Dakar,26,1,Deuxième Session,NULL,8.42,NON ADMIS,1,2018,M,S2,LYCEE DE BARGNY,O,Académie de Rufisque,BARGNY,LYCEE DE BARGNY,2,Pass,ADM,1,1995,10.77,12.92,11.78,12.64,8,11,12,13,11,8,0.0,0.0,0.0,260,10.0,10.0,9.06,23,139.65,852,8.42,577,0,1,0,1,0,1,1,0,0,4,10.276041666666666,10.186,6,145,42,10,0
 Dakar,50,1,Deuxième Session,NULL,9.43,AUTORISE,1,2018,M,S2,LYCEE DE THIAROYE,O,Académie de Pikine - Guédiawaye,PIKINE,LYCEE DE THIAROYE,2,Pass,ADM,1,1995,10.72,12.74,11.21,11.34,10,12,10,5,9,9,0.0,0.0,0.0,260,10.0,10.0,10.35,23,159.6,429,9.43,441,0,1,0,1,0,1,1,1,0,4,10.529097744360902,10.27,113,264,139,9,0
 Dakar,60,1,Deuxième Session,Passable,10.28,PASSE,1,2018,M,S2,LYCEE ABABACAR SY,O,Académie de Thiès,TIVAOUANE,LYCEE ABABACAR SY,2,Pass,ADM,1,1996,10.55,0.0,12.1,12.91,10,16,8,10,9,9,0.0,0.0,0.0,290,11.15,11.15,11.76,22,193.79999999999998,64,10.28,300,0,1,0,1,0,1,1,2,0,0,10.54970588235294,10.565833333333332,145,112,26,14,0
 Dakar,20,1,Deuxième Session,NULL,7.52,NON ADMIS,1,2018,F,S2,LYCEE BLAISE DIAGNE,O,Académie de Dakar,DAKAR,INSTITUTION NOTRE DAME,3,Pass,ADM,1,1995,9.97,10.25,11.49,11.16,10,10,9,8,7,10,0.0,0.0,0.0,260,10.0,10.0,10.0,23,135.0,921,7.52,680,0,1,0,0,1,1,0,0,0,4,10.570365853658537,10.612075471698114,17,122,25,0,0
 Kaolack,20,1,Deuxième Session,NULL,9.04,NON ADMIS,1,2018,M,S2,LYCEE SAMBA DIONE DE GANDIAYE,O,Académie de Kaolack,GANDIAYE,LYCEE SAMBA DIONE DE GANDIAYE,1,Pass,ADM,2,2010,13.56,10.16,11.56,10.69,10,10,12,13,9,6,0.0,0.0,0.0,244,9.38,11.81,11.47,18,160.0,403,9.04,497,0,1,0,1,0,1,1,0,0,4,10.556461538461537,10.765,37,312,168,4,3
 Thiès,45,1,Deuxième Session,NULL,10.15,AUTORISE,1,2018,M,S2,LYCEE DE NGATHIE NAOUDE,O,Académie de Kaolack,KAHONE,LYCEE DE KAHONE,2,Pass,ADM,1,1994,10.74,8.46,11.88,13.03,8,14,11,9,8,11,0.0,0.0,0.0,278,10.69,10.69,11.18,24,165.29999999999998,316,10.15,325,0,1,0,1,0,1,1,1,0,4,10.556461538461537,10.892,50,221,72,4,9
 Kaolack,60,1,Deuxième Session,Passable,10.45,PASSE,1,2018,M,S2,LYCEE LEOPOLD SEDAR SENGHOR,O,Académie de Thiès,JOAL,LYCEE LEOPOLD SEDAR SENGHOR,1,Pass,ADM,2,2006,10.62,10.46,9.42,9.7,13,9,7,8,8,5,0.0,0.0,0.0,225,8.65,10.04,10.18,21,159.0,448,10.45,280,0,1,0,1,0,1,1,2,0,0,10.54970588235294,10.558,47,294,155,14,3
 Thiès,11,1,Deuxième Session,NULL,7.83,NON ADMIS,1,2018,F,S2,LYCEE DE TOUBA TOUL,O,Académie de Thiès,TOUBA TOUL,LYCEE DE TOUBA TOUL,1,Pass,ADM,1,2010,14.31,10.57,11.75,10.99,7,13,12,11,8,10,0.0,0.0,0.0,260,10.0,10.0,10.18,19,169.0,257,7.83,645,0,1,0,0,1,1,0,0,0,4,10.54970588235294,10.115,147,271,143,14,9
 Fatick,60,1,Deuxième Session,Passable,11.21,PASSE,1,2018,M,S2,LYCEE DE NIODIOR,O,Académie de Fatick,NIODIOR,LYCEE DE NIODIOR,1,Pass,ADM,1,1999,11.96,12.58,12.28,11.32,10,13,15,10,10,10,0.0,0.0,0.0,285,10.96,10.96,11.06,19,187.0,98,11.21,167,0,1,0,1,0,1,1,2,0,0,10.526071428571429,10.6725,103,230,112,2,2
 Tambacounda,40,1,Deuxième Session,NULL,9.71,NON ADMIS,1,2018,M,S2,COURS PRIVES LAMINE GUEYE,O,Académie de Tambacounda,TAMBACOUNDA,LYCEE MAME CHEIKH MBAYE,3,Pass,ADM,2,2003,11.45,10.23,13.5,12.91,10,9,6,14,7,3,0.0,0.0,0.0,208,8.0,10.08,9.65,23,126.9,1004,9.71,395,0,1,0,1,0,1,1,0,0,4,10.563333333333333,10.5975,136,31,162,13,8
 Dakar,60,1,Deuxième Session,Passable,11.23,PASSE,1,2018,F,S2,COURS PRIVE AINOUMADY EXCELLENCE,O,Académie de Pikine - Guédiawaye,KEUR MASSAR,LYCEE ZONE DE RECASEMENT DE KEUR MASSAR ,1,Pass,ADM,2,2001,11.75,12.71,9.4,11.98,10,10,7,8,9,8,0.0,0.0,0.0,231,8.88,10.69,11.06,17,160.0,403,11.23,164,0,1,0,0,1,1,0,2,0,0,10.529097744360902,10.795238095238094,57,26,179,9,0
 Saint-Louis,21,1,Deuxième Session,NULL,8.36,NON ADMIS,1,2018,M,S2,LYCEE DE NDIOUM,O,Académie de Saint - Louis,NDIOUM,LYCEE DE NDIOUM,2,Pass,ADM,1,1998,11.65,10.55,11.91,11.69,10,11,10,10,7,10,0.0,0.0,0.0,260,10.0,10.0,10.35,21,151.04999999999998,602,8.36,587,0,1,0,1,0,1,1,0,0,4,10.754035087719299,10.83,88,213,99,11,7
 Dakar,30,1,Deuxième Session,NULL,9.18,NON ADMIS,1,2018,M,S2,LYCEE DE SEBIKOTANE,O,Académie de Rufisque,SEBIKOTANE,LYCEE DE SEBIKOTANE,2,Pass,ADM,1,2010,11.89,9.71,12.56,11.42,12,13,10,12,9,6,0.0,0.0,0.0,260,10.0,10.0,10.24,20,179.54999999999998,161,9.18,483,0,1,0,1,0,1,1,0,0,4,10.276041666666666,10.062000000000001,128,254,130,10,0
 Thiès,35,1,Deuxième Session,NULL,8.97,NON ADMIS,1,2018,M,S2,LYCEE DE SANDIARA,O,Académie de Thiès,SANDIARA,LYCEE DE SANDIARA,1,Pass,ADM,1,2011,10.75,10.55,11.2,10.72,9,14,6,7,8,12,0.0,0.0,0.0,272,10.46,10.46,11.82,18,190.0,81,8.97,511,0,1,0,1,0,1,1,0,0,4,10.54970588235294,10.333333333333334,126,252,128,14,9
 Ziguinchor,0,1,Deuxième Session,NULL,1.96,NON ADMIS,1,2018,M,S2,LYCEE DE BALINGORE,O,Académie de Ziguinchor,BALINGORE,LYCEE DE BALINGORE,3,Pass,ADM,1,2006,10.01,12.22,10.62,12.16,11,11,9,11,11,7,0.0,0.0,0.0,261,10.04,10.04,9.59,20,148.5,670,1.96,974,0,1,0,1,0,1,1,0,0,4,10.648571428571428,10.04,3,141,39,15,10
 Fatick,25,1,Deuxième Session,NULL,8.54,NON ADMIS,1,2018,M,S2,LYCEE DE DIOHINE,O,Académie de Fatick,DIOHINE,LYCEE DE DIOHINE,2,Pass,ADM,2,2008,9.77,9.84,9.96,9.32,9,9,7,12,6,8,0.0,0.0,0.0,221,8.5,10.27,10.76,22,128.25,993,8.54,559,0,1,0,1,0,1,1,0,0,4,10.526071428571429,10.315999999999999,26,160,59,2,2
Sédhiou,5,1,Deuxième Session,NULL,3.17,NON ADMIS,1,2018,M,S2,LYCEE DE BOUNKILING,O,Académie de Sédhiou,BOUNKILING,LYCEE DE BOUNKILING,3,Pass,ADM,2,1995,11.9,10.75,10.06,9.08,5,12,6,6,8,7,0.0,0.0,0.0,208,8.0,10.19,11.35,23,124.2,1025,3.17,938,0,1,0,1,0,1,1,0,0,4,10.52925925925926,10.854,12,151,48,12,14
 Fatick,10,1,Deuxième Session,NULL,5.38,NON ADMIS,1,2018,M,S2,LYCEE DE DIOHINE,O,Académie de Fatick,DIOHINE,LYCEE DE DIOHINE,2,Pass,ADM,1,2005,10.41,8.29,10.25,9.38,8,11,8,12,13,11,0.0,0.0,0.0,260,10.0,10.0,10.12,25,139.65,852,5.38,840,0,1,0,1,0,1,1,0,0,4,10.526071428571429,10.315999999999999,26,160,59,2,2
Kaffrine,45,1,Deuxième Session,NULL,10.07,AUTORISE,1,2018,F,S2,LYCEE DE OUROSSOGUI,O,Académie de Matam,OUROSSOGUI,LYCEE DE OUROSSOGUI,1,Pass,ADM,1,2010,14.2,9.88,10.12,12.18,10,13,12,8,9,8,0.0,0.0,0.0,271,10.42,10.42,10.35,18,187.0,98,10.07,344,0,1,0,0,1,1,0,1,0,4,10.74148148148148,10.793333333333335,106,234,114,8,12
 Kaolack,5,1,Deuxième Session,NULL,3.09,NON ADMIS,1,2018,M,S2,LYCEE DE KEUR MADIABEL,O,Académie de Kaolack,KEUR MADIABEL,LYCEE DE KEUR MADIABEL,1,Pass,ADM,2,2011,12.08,11.72,10.09,9.84,9,11,9,5,7,4,0.0,0.0,0.0,208,8.0,10.23,11.18,18,163.0,345,3.09,942,0,1,0,1,0,1,1,0,0,4,10.556461538461537,10.666,56,183,76,4,3
 Louga,21,1,Deuxième Session,NULL,6.79,NON ADMIS,1,2018,M,S2,LYCEE DE MATAM,O,Académie de Matam,MATAM,LYCEE DE MATAM,1,Pass,ADM,2,2010,10.86,10.67,8.63,8.56,10,11,12,8,7,4,0.0,0.0,0.0,225,8.65,12.08,12.88,20,159.0,448,6.79,757,0,1,0,1,0,1,1,0,0,4,10.74148148148148,11.118,72,198,86,8,5
 Dakar,60,1,Deuxième Session,Passable,10.85,PASSE,1,2018,F,S2,ECOLE PRIVEE SEYDINA MANDIONE LAYE,O,Académie de Dakar,PARCELLES ASSAINIES,ECOLE CATHOLIQUE CARDINAL HYACINTHE THIANDOUM,1,Pass,ADM,1,1999,15.77,13.77,12.12,11.39,11,9,12,8,10,9,0.0,0.0,0.0,264,10.15,10.15,9.59,19,157.0,474,10.85,209,0,1,0,0,1,1,0,2,0,0,10.570365853658537,10.494137931034482,108,90,21,0,0
 Fatick,60,1,Deuxième Session,Passable,10.68,PASSE,1,2018,F,S2,LYCEE DE SOUM,O,Académie de Fatick,SOUM,LYCEE DE SOUM,1,Pass,ADM,1,1999,12.82,12.75,11.03,12.23,10,12,10,5,9,13,0.0,0.0,0.0,273,10.5,10.5,11.76,19,178.0,166,10.68,243,0,1,0,0,1,1,0,2,0,0,10.526071428571429,10.2875,132,256,132,2,2
 Kaolack,45,1,Deuxième Session,NULL,9.18,AUTORISE,1,2018,M,S2,LYCEE DE MALEM HODAR,O,Académie de Kaffrine,MALEM HODAR,LYCEE DE MALEM HODAR,1,Pass,ADM,1,2010,11.43,12.73,12.0,12.17,12,9,12,7,13,7,0.0,0.0,0.0,260,10.0,10.0,9.18,18,163.0,345,9.18,483,0,1,0,1,0,1,1,1,0,4,10.78076923076923,10.833333333333334,70,193,83,3,3
 Ziguinchor,26,1,Deuxième Session,NULL,7.94,NON ADMIS,1,2018,M,S2,LYCEE AHOUNE SANE,O,Académie de Ziguinchor,BIGNONA,CEM ARFANG BESIRE SONKO,1,Pass,ADM,1,2009,12.51,11.49,9.71,10.52,9,13,13,4,10,8,0.0,0.0,0.0,260,10.0,10.0,10.06,19,181.0,138,7.94,633,0,1,0,1,0,1,1,0,0,4,10.648571428571428,10.0,8,115,1,15,10
 Saint-Louis,60,1,Deuxième Session,Passable,10.06,PASSE,1,2018,F,S2,LYCEE CHARLES DEGAULLE,O,Académie de Saint - Louis,SAINT LOUIS,LYCEE TECHNIQUE ANDRE PEYTAVIN,2,Pass,ADM,2,2018,10.57,10.37,10.22,11.3,7,12,7,6,4,7,0.0,0.0,0.0,208,8.0,10.08,11.24,19,152.0,589,10.06,348,0,1,0,0,1,1,0,2,0,0,10.754035087719299,10.278,121,127,175,11,7
 Dakar,0,1,Deuxième Session,NULL,1.59,NON ADMIS,1,2018,M,S2,LYCEE DE TIVAOUANE PEULH,O,Académie de Rufisque,TIVAOUANE PEULH,LYCEE DE TIVAOUANE PEULH,1,Pass,ADM,1,1998,10.81,9.57,8.97,7.07,12,10,12,6,9,9,0.0,0.0,0.0,271,10.42,10.42,10.24,20,162.0,381,1.59,984,0,1,0,1,0,1,1,0,0,4,10.276041666666666,10.409999999999998,146,269,142,10,0
 Thiès,60,1,Première Session,Passable,11.81,PASSE,1,2018,M,S2,LYCEE ABABACAR SY,O,Académie de Thiès,TIVAOUANE,LYCEE ABABACAR SY,1,Pass,ADM,2,1996,11.03,9.27,9.33,12.65,10,11,7,4,9,4,0.0,0.0,0.0,219,8.42,11.77,12.82,22,159.0,448,111.81,33,0,1,0,1,0,1,1,2,1,0,10.54970588235294,10.565833333333332,145,112,26,14,9
 Louga,40,1,Deuxième Session,NULL,9.31,NON ADMIS,1,2018,M,S2,CANDIDAT INDIVIDUEL LOUGA (CAOSP),I,Académie de Louga,LOUGA,LYCEE MALICK SALL,2,Pass,ADM,1,1996,0.0,0.0,0.0,0.0,15,12,8,6,10,6,0.0,0.0,0.0,260,10.0,10.0,10.76,22,188.1,93,9.31,466,0,1,0,1,0,1,1,0,0,4,10.600980392156861,10.55,68,9,161,7,5
 Dakar,60,1,Deuxième Session,Passable,11.21,PASSE,1,2018,M,S2,COURS PRIVE INCHALA,O,Académie de Pikine - Guédiawaye,MBAO,ECOLE ELEMENTAIRE LGI MBAO,2,Pass,ADM,1,2017,11.0,11.43,11.19,13.22,16,10,5,7,4,9,0.0,0.0,0.0,260,10.0,10.0,11.41,23,176.7,182,11.21,167,0,1,0,1,0,1,1,2,0,0,10.529097744360902,10.765172413793103,74,28,23,9,0
 Thiès,45,1,Deuxième Session,NULL,9.13,AUTORISE,1,2018,F,S2,LYCEE SERIGNE AMADOU CISSE DE PIRE,O,Académie de Thiès,PIRE,LYCEE SERIGNE AMADOU CISSE DE PIRE,2,Pass,ADM,2,2010,10.01,11.43,9.95,10.73,7,11,8,7,5,8,0.0,0.0,0.0,221,8.5,10.0,10.71,19,143.45,766,9.13,491,0,1,0,0,1,1,0,1,0,4,10.54970588235294,10.473333333333334,114,314,170,14,9
 Fatick,35,1,Deuxième Session,NULL,8.57,NON ADMIS,1,2018,F,S2,LYCEE DE NIODIOR,O,Académie de Fatick,NIODIOR,LYCEE DE NIODIOR,1,Pass,ADM,1,2010,15.11,14.11,12.89,12.47,13,12,6,8,13,7,0.0,0.0,0.0,260,10.0,10.0,10.53,19,196.0,54,8.57,555,0,1,0,0,1,1,0,0,0,4,10.526071428571429,10.6725,103,230,112,2,2
 Kaolack,45,1,Deuxième Session,NULL,10.14,AUTORISE,1,2018,M,S2,LYCEE DE NDOFFANE,O,Académie de Kaolack,NDOFFANE,LYCEE DE NDOFFANE,1,Pass,ADM,2,2010,12.03,9.29,10.93,9.63,13,10,6,6,4,5,0.0,0.0,0.0,211,8.12,10.27,10.88,20,168.0,284,10.14,329,0,1,0,1,0,1,1,1,0,4,10.556461538461537,10.984,89,215,100,4,3
 Tambacounda,0,1,Deuxième Session,NULL,0.26,NON ADMIS,1,2018,M,S2,LYCEE MAME CHEIKH MBAYE,O,Académie de Tambacounda,TAMBACOUNDA,LYCEE MAME CHEIKH MBAYE,2,Pass,ADM,2,1999,10.51,11.56,9.38,10.07,7,12,9,13,7,3,0.0,0.0,0.0,219,8.42,10.88,10.59,19,152.0,589,0.26,1046,0,1,0,1,0,1,1,0,0,4,10.563333333333333,10.5975,136,302,162,13,8
 Kaolack,20,1,Deuxième Session,NULL,5.99,NON ADMIS,1,2018,F,S2,LYCEE VALDIODIO NDIAYE,O,Académie de Kaolack,KAOLACK,COLLEGE PIE XII,1,Pass,ADM,2,1998,13.54,11.97,10.29,11.3,6,11,10,12,9,6,0.0,0.0,0.0,221,8.5,10.92,10.41,20,135.0,921,5.99,808,0,1,0,0,1,1,0,0,0,4,10.556461538461537,10.403962264150943,52,322,16,4,3
 Dakar,30,1,Deuxième Session,NULL,8.71,NON ADMIS,1,2018,F,S2,LYCEE DE OUAKAM,O,Académie de Dakar,DAKAR,UNIVERSITE AMADOU HAMPATE BA,1,Pass,ADM,2,1999,11.49,11.91,12.65,12.67,9,14,8,5,5,8,0.0,0.0,0.0,245,9.42,11.62,12.88,19,190.0,81,8.71,539,0,1,0,0,1,1,0,0,0,4,10.570365853658537,10.612075471698114,17,233,181,0,0
 Thiès,10,1,Deuxième Session,NULL,3.75,NON ADMIS,1,2018,M,S2,LYCEE DE KIDIRA,O,Académie de Tambacounda,KIDIRA,LYCEE DE KIDIRA,2,Pass,ADM,2,2002,12.63,12.12,10.79,10.54,7,13,10,5,4,8,0.0,0.0,0.0,231,8.88,10.88,11.71,21,151.04999999999998,602,3.75,906,0,1,0,1,0,1,1,0,0,4,10.563333333333333,10.375,59,185,77,13,9
 Matam,41,1,Deuxième Session,NULL,7.97,NON ADMIS,1,2018,F,S2,LYCEE DE OREFONDE,O,Académie de Matam,LES AGNAM,LYCEE LES AGNAM,1,Pass,ADM,1,1999,14.21,15.7,12.99,13.47,10,11,11,3,9,10,0.0,0.0,0.0,262,10.08,10.08,10.35,19,169.0,257,7.97,630,0,1,0,0,1,1,0,0,0,4,10.74148148148148,10.08,66,232,156,8,6
 Dakar,31,1,Deuxième Session,NULL,7.85,NON ADMIS,1,2018,F,S2,COLLEGE PRIVE WILLIAM PONTY,O,Académie de Pikine - Guédiawaye,MBAO,CEM DIAMAGUENE (SICAP MBAO),1,Pass,ADM,1,2014,14.96,13.88,11.29,11.46,7,12,8,9,13,9,0.0,0.0,0.0,260,10.0,10.0,9.47,17,160.0,403,7.85,643,0,1,0,0,1,1,0,0,0,4,10.529097744360902,10.765172413793103,74,21,3,9,0
 Dakar,60,1,Deuxième Session,Passable,10.29,PASSE,1,2018,M,S2,LYCEE DE YENE,O,Académie de Rufisque,YENE,LYCEE DE YENE,1,Pass,ADM,2,2006,11.75,10.96,10.45,9.64,11,13,9,10,6,5,0.0,0.0,0.0,240,9.23,10.08,10.18,20,183.0,128,10.29,298,0,1,0,1,0,1,1,2,0,0,10.276041666666666,10.057500000000001,152,275,147,10,0
 Dakar,26,1,Deuxième Session,NULL,8.47,NON ADMIS,1,2018,M,S2,LYCEE MAME YELLI BADIANE,O,Académie de Pikine - Guédiawaye,GUEDIAWAYE,LYCEE SEYDINA LIMAMOULAYE,2,Pass,ADM,2,1996,12.82,12.59,11.3,11.59,6,11,16,8,3,6,0.0,0.0,0.0,229,8.81,11.19,11.18,22,128.25,993,8.47,569,0,1,0,1,0,1,1,0,0,4,10.529097744360902,10.416290322580645,43,304,173,9,0
 Ziguinchor,60,1,Deuxième Session,Passable,10.74,PASSE,1,2018,M,S2,LYCEE DE BAILA,O,Académie de Ziguinchor,BAILA,LYCEE DE BAILA,1,Pass,ADM,2,1997,13.86,13.37,11.55,10.91,9,11,8,7,6,8,0.0,0.0,0.0,230,8.85,10.62,12.06,21,153.0,575,10.74,232,0,1,0,1,0,1,1,2,0,0,10.648571428571428,10.329999999999998,1,139,38,15,10
 Thiès,60,1,Deuxième Session,Passable,10.17,PASSE,1,2018,F,S2,LYCEE SERIGNE AMADOU CISSE DE PIRE,O,Académie de Thiès,PIRE,LYCEE SERIGNE AMADOU CISSE DE PIRE,2,Pass,ADM,2,2002,0.0,0.0,0.0,0.0,10,11,6,11,7,10,0.0,0.0,0.0,256,9.85,11.38,11.65,22,151.04999999999998,602,10.17,321,0,1,0,0,1,1,0,2,0,0,10.54970588235294,10.473333333333334,114,314,170,14,9
 Ziguinchor,60,1,Deuxième Session,Passable,11.99,PASSE,1,2018,M,S2,LYCEE DJIGNABO,O,Académie de Ziguinchor,ZIGUINCHOR,COLLEGE SAINT CHARLES LWANGA,1,Pass,ADM,2,1999,10.9,12.15,10.02,11.42,5,14,6,6,6,6,0.0,0.0,0.0,208,8.0,10.23,10.88,19,166.0,300,11.99,118,0,1,0,1,0,1,1,2,0,0,10.648571428571428,10.55111111111111,153,280,18,15,10
 Ziguinchor,0,1,Deuxième Session,NULL,0.4,NON ADMIS,1,2018,F,S2,COURS PRIVE EXCELLENCE,O,Académie de Thiès,THIES,COLLEGE SAINT GABRIEL,2,Pass,ADM,2,1997,10.33,8.56,13.0,12.88,9,12,11,5,1,7,0.0,0.0,0.0,228,8.77,10.15,10.41,21,153.9,538,0.4,1026,0,1,0,0,1,1,0,0,0,4,10.54970588235294,10.443461538461538,142,27,19,14,10
 Kaolack,26,1,Deuxième Session,NULL,7.5,NON ADMIS,1,2018,M,S2,LYCEE DE MEDINA SABAKH,O,Académie de Kaolack,MEDINA SABAKH,LYCEE DE MEDINA SABAKH,1,Pass,ADM,1,2011,15.86,14.24,15.69,14.61,13,11,8,9,15,4,0.0,0.0,0.0,260,10.0,10.0,9.12,20,177.0,174,7.5,684,0,1,0,1,0,1,1,0,0,4,10.556461538461537,10.459999999999999,78,205,91,4,3
 Fatick,9,1,Deuxième Session,NULL,6.36,NON ADMIS,1,2018,M,S2,ECOLE PRIVEE ALLIANCE PEDAGOGIQUE LIMAMOULAYE,O,Académie de Pikine - Guédiawaye,KEUR MASSAR,LYCEE ZONE DE RECASEMENT DE KEUR MASSAR ,3,Pass,ADM,2,2005,12.75,10.66,10.92,11.45,6,12,8,7,7,6,0.0,0.0,0.0,211,8.12,10.04,10.53,25,129.6,985,6.36,783,0,1,0,1,0,1,1,0,0,4,10.529097744360902,10.795238095238094,57,52,179,9,2
 Dakar,5,1,Deuxième Session,NULL,1.52,NON ADMIS,1,2018,F,S2,LYCEE SEYDINA LIMAMOULAYE,O,Académie de Pikine - Guédiawaye,GUEDIAWAYE,ECOLE NANSEN,2,Pass,ADM,2,1998,10.81,9.52,10.13,11.31,6,12,10,8,7,9,0.0,0.0,0.0,245,9.42,10.62,10.65,20,136.79999999999998,899,1.52,985,0,1,0,0,1,1,0,0,0,4,10.529097744360902,10.416290322580645,43,320,24,9,0
 Thiès,50,1,Deuxième Session,NULL,9.58,AUTORISE,1,2018,F,S2,LYCEE DE NGOUNDIANE,O,Académie de Thiès,NGOUNDIANE,LYCEE DE NGOUNDIANE,3,Pass,ADM,2,2005,9.45,9.54,11.0,11.15,13,8,8,3,6,8,0.0,0.0,0.0,217,8.35,11.04,13.35,24,135.0,921,9.58,415,0,1,0,0,1,1,0,1,0,4,10.54970588235294,10.846363636363636,95,222,105,14,9
 Louga,60,1,Deuxième Session,Assez-Bien,12.33,PASSE,1,2018,F,S2,LYCEE MAME THIERNO BIRAHIM MBACKE,O,Académie de Louga,DAROU MOUSTY,LYCEE MAME THIERNO BIRAHIM MBACKE,1,Pass,ADM,2,2011,12.95,12.5,11.4,11.12,7,11,8,12,9,10,0.0,0.0,0.0,242,9.31,10.08,9.76,19,151.0,631,12.33,110,0,1,0,0,1,1,0,2,0,1,10.600980392156861,10.188571428571427,19,303,163,7,5
 Dakar,60,1,Deuxième Session,Passable,10.47,PASSE,1,2018,M,S2,LYCEE DE KEUR MASSAR ,O,Académie de Pikine - Guédiawaye,KEUR MASSAR,LYCEE ZONE DE RECASEMENT DE KEUR MASSAR ,1,Pass,ADM,2,2003,11.82,11.51,10.0,11.51,10,10,7,7,11,8,0.0,0.0,0.0,244,9.38,12.5,12.82,20,150.0,643,10.47,274,0,1,0,1,0,1,1,2,0,0,10.529097744360902,10.795238095238094,57,184,179,9,0
 Thiès,40,1,Deuxième Session,NULL,9.99,NON ADMIS,1,2018,M,S2,LYCEE DEMBA DIOP,O,Académie de Thiès,MBOUR,COMPLEXE SCOLAIRE INTERN-KEUR MADIOR,1,Pass,ADM,2,2012,11.34,14.19,12.47,11.19,13,8,12,11,9,8,0.0,0.0,0.0,241,9.27,12.19,12.65,20,150.0,643,9.99,366,0,1,0,1,0,1,1,0,0,4,10.54970588235294,10.625599999999999,77,277,20,14,9
 Dakar,60,1,Deuxième Session,Passable,11.96,PASSE,1,2018,M,S2,LYCEE DE KEUR MASSAR ,O,Académie de Pikine - Guédiawaye,KEUR MASSAR,LYCEE ZONE DE RECASEMENT DE KEUR MASSAR ,1,Pass,ADM,2,2013,13.86,13.15,11.9,12.23,10,10,10,11,10,5,0.0,0.0,0.0,226,8.69,12.08,12.82,19,160.0,403,11.96,120,0,1,0,1,0,1,1,2,0,0,10.529097744360902,10.795238095238094,57,184,179,9,0
 Dakar,36,1,Deuxième Session,NULL,9.24,NON ADMIS,1,2018,M,S2,LYCEE VALDIODIO NDIAYE,O,Académie de Kaolack,KAOLACK,COLLEGE PIE XII,2,Pass,ADM,2,1998,10.3,11.02,9.93,8.4,10,12,11,10,9,5,0.0,0.0,0.0,246,9.46,10.46,10.24,20,159.6,429,9.24,475,0,1,0,1,0,1,1,0,0,4,10.556461538461537,10.403962264150943,52,322,16,4,0
 Dakar,45,1,Deuxième Session,NULL,9.45,AUTORISE,1,2018,M,S2,LYCEE CAMP MARCHAND DE RUFISQUE,O,Académie de Rufisque,RUFISQUE,LYCEE MODERNE DE RUFISQUE,1,Pass,ADM,1,1999,9.34,12.0,11.35,11.59,11,16,7,7,11,4,0.0,0.0,0.0,260,10.0,10.0,10.29,20,210.0,23,9.45,436,0,1,0,1,0,1,1,1,0,4,10.276041666666666,10.287826086956523,120,126,165,10,0
 Thiès,45,1,Deuxième Session,NULL,8.88,AUTORISE,1,2018,M,S2,LYCEE CHEIKH AMADOU LAMINE DABO,O,Académie de Thiès,MBOUR,COMPLEXE SCOLAIRE INTERN-KEUR MADIOR,2,Pass,ADM,2,2006,10.53,9.49,8.89,10.71,10,9,8,4,8,7,0.0,0.0,0.0,218,8.38,11.85,12.82,20,133.95,946,8.88,518,0,1,0,1,0,1,1,1,0,4,10.54970588235294,10.625599999999999,77,128,20,14,9
 Thiès,60,1,Deuxième Session,Passable,10.99,PASSE,1,2018,M,S2,LYCEE DE FANDENE,O,Académie de Thiès,THIES,COLLEGE SAINT GABRIEL,2,Pass,ADM,2,2009,12.34,9.78,10.38,10.5,13,11,5,6,6,3,0.0,0.0,0.0,208,8.0,10.31,11.94,19,177.65,172,10.99,192,0,1,0,1,0,1,1,2,0,0,10.54970588235294,10.443461538461538,142,167,19,14,9
 Dakar,40,1,Deuxième Session,NULL,8.49,NON ADMIS,1,2018,M,S2,LYCEE MIXTE MAURICE DELAFOSSE,O,Académie de Dakar,DAKAR,UNIVERSITE AMADOU HAMPATE BA,1,Pass,ADM,2,1997,13.86,10.07,10.6,9.41,13,8,7,4,13,7,0.0,0.0,0.0,223,8.58,11.35,13.0,21,150.0,643,8.49,565,0,1,0,1,0,1,1,0,0,4,10.570365853658537,10.612075471698114,17,306,181,0,0
 Ziguinchor,46,1,Deuxième Session,NULL,9.89,AUTORISE,1,2018,M,S2,ECOLE PRIVEE  ACADEMIE PLATON,O,Académie de Ziguinchor,ZIGUINCHOR,COLLEGE SAINT CHARLES LWANGA,2,Pass,ADM,1,1997,10.1,10.07,11.81,10.0,8,14,7,8,3,12,0.0,0.0,0.0,260,10.0,10.0,11.53,21,165.29999999999998,316,9.89,380,0,1,0,1,0,1,1,1,0,4,10.648571428571428,10.55111111111111,153,44,18,15,10
 Louga,41,1,Deuxième Session,NULL,9.32,NON ADMIS,1,2018,M,S2,NOUVEAU LYCEE DE LOUGA,O,Académie de Louga,LOUGA,LYCEE MALICK SALL,2,Pass,ADM,2,2010,10.76,11.16,10.01,9.86,10,10,10,5,7,4,0.0,0.0,0.0,212,8.15,11.46,11.76,20,142.5,790,9.32,464,0,1,0,1,0,1,1,0,0,4,10.600980392156861,10.55,68,327,161,7,5
 Kolda,60,1,Deuxième Session,Passable,10.73,PASSE,1,2018,M,S2,GROUPE SCOLAIRE EMERGENCE DE DIAOBE,I,Académie de Kolda,DIAOBE,LYCEE DE DIAOBE,4,Pass,ADM,2,2006,0.0,0.0,0.0,0.0,13,8,8,8,5,7,0.0,0.0,0.0,223,8.58,11.81,13.71,23,127.5,1001,10.73,234,0,1,0,1,0,1,1,2,0,0,10.615862068965518,11.81,23,99,56,5,4
 Thiès,19,1,Deuxième Session,NULL,7.69,NON ADMIS,1,2018,M,S2,LYCEE DEMBA DIOP,O,Académie de Thiès,MBOUR,COMPLEXE SCOLAIRE INTERN-KEUR MADIOR,2,Pass,ADM,2,2010,9.63,10.74,9.75,10.77,8,11,11,6,6,3,0.0,0.0,0.0,208,8.0,10.04,9.94,20,139.65,852,7.69,658,0,1,0,1,0,1,1,0,0,4,10.54970588235294,10.625599999999999,77,277,20,14,9
 Kolda,16,1,Deuxième Session,NULL,7.81,NON ADMIS,1,2018,F,S2,LYCEE DE KOUNKANE,O,Académie de Kolda,KOUNKANE,LYCEE DE KOUNKANE,3,Pass,ADM,2,2007,10.05,10.81,8.56,9.63,10,9,6,6,6,7,0.0,0.0,0.0,215,8.27,11.27,12.47,23,126.9,1004,7.81,647,0,1,0,0,1,1,0,0,0,4,10.615862068965518,11.0,63,186,79,5,4
 Fatick,60,1,Deuxième Session,Passable,10.94,PASSE,1,2018,F,S2,LYCEE DE SOUM,O,Académie de Fatick,SOUM,LYCEE DE SOUM,1,Pass,ADM,1,2010,11.4,12.7,10.26,11.61,10,11,7,4,7,13,0.0,0.0,0.0,260,10.0,10.0,11.41,19,169.0,257,10.94,198,0,1,0,0,1,1,0,2,0,0,10.526071428571429,10.2875,132,256,132,2,2
 Fatick,60,1,Deuxième Session,Assez-Bien,12.54,PASSE,1,2018,M,S2,LYCEE DE PASSY,O,Académie de Fatick,PASSY,LYCEE DE PASSY,2,Pass,ADM,1,2010,11.06,9.33,9.51,11.0,15,8,8,8,5,10,0.0,0.0,0.0,260,10.0,10.0,10.76,21,153.9,538,12.54,104,0,1,0,1,0,1,1,2,0,1,10.526071428571429,10.546000000000001,109,237,116,2,2
Sédhiou,60,1,Deuxième Session,Passable,10.44,PASSE,1,2018,F,S2,LYCEE DE GOUDOMP,O,Académie de Sédhiou,GOUDOMP ,LYCEE DE GOUDOMP,3,Pass,ADM,2,2006,10.41,10.52,10.87,11.22,10,10,6,7,7,8,0.0,0.0,0.0,231,8.88,10.38,10.71,20,135.0,921,10.44,281,0,1,0,0,1,1,0,2,0,0,10.52925925925926,10.190000000000001,42,173,69,12,14
 Thiès,50,1,Deuxième Session,NULL,9.8,AUTORISE,1,2018,M,S2,LYCEE NDIOUMA COR FAYE DE NDIAGANIAO,O,Académie de Thiès,NDIAGANIAO,LYCEE DE NDIAGANIAO,1,Pass,ADM,2,1996,11.12,8.35,9.99,11.2,7,11,9,6,8,6,0.0,0.0,0.0,211,8.12,10.19,11.0,22,141.0,830,9.8,386,0,1,0,1,0,1,1,1,0,4,10.54970588235294,10.236666666666666,86,309,97,14,9
 Dakar,0,1,Deuxième Session,NULL,0.42,NON ADMIS,1,2018,F,S2,LYCEE LAMINE GUEYE,O,Académie de Dakar,DAKAR,UNIVERSITE AMADOU HAMPATE BA,2,Pass,ADM,2,2014,12.35,11.97,12.02,12.65,15,7,7,6,7,6,0.0,0.0,0.0,215,8.27,10.92,11.82,22,145.35,724,0.42,1022,0,1,0,0,1,1,0,0,0,4,10.570365853658537,10.612075471698114,17,293,181,0,0
 Kaolack,16,1,Deuxième Session,NULL,6.29,NON ADMIS,1,2018,M,S2,LYCEE VALDIODIO NDIAYE,O,Académie de Kaolack,KAOLACK,COLLEGE PIE XII,2,Pass,ADM,1,1998,11.12,10.23,11.79,11.36,10,10,12,7,14,7,0.0,0.0,0.0,263,10.12,10.12,8.94,21,142.5,790,6.29,794,0,1,0,1,0,1,1,0,0,4,10.556461538461537,10.403962264150943,52,322,16,4,3
 Dakar,30,1,Deuxième Session,NULL,6.84,NON ADMIS,1,2018,F,S2,LYCEE SERGENT MALAMINE CAMARA,O,Académie de Dakar,PARCELLES ASSAINIES,CEM UNITE 19,2,Pass,ADM,2,1997,11.77,10.55,12.9,12.36,14,9,7,7,6,6,0.0,0.0,0.0,236,9.08,11.15,12.24,21,156.75,491,6.84,749,0,1,0,0,1,1,0,0,0,4,10.570365853658537,10.494137931034482,108,313,15,0,0
 Diourbel,41,1,Deuxième Session,NULL,10.14,NON ADMIS,1,2018,M,S2,LYCEE SEYDINA ISSA ROHOU LAHI,O,Académie de Pikine - Guédiawaye,GUEDIAWAYE,CEM JOSEPH CORREA B,2,Pass,ADM,2,2000,12.35,11.73,11.35,11.69,11,13,10,7,7,4,0.0,0.0,0.0,231,8.88,10.0,10.76,21,173.85,207,10.14,329,0,1,0,1,0,1,1,0,0,4,10.529097744360902,10.416290322580645,43,319,9,9,1
 Thiès,5,1,Deuxième Session,NULL,1.18,NON ADMIS,1,2018,F,S2,LYCEE AHMADOU NDACK SECK THIES,O,Académie de Thiès,THIES,ECOLE ELEMENTAIRE GERMAINE LE GOFF DE THIES,1,Pass,ADM,2,1998,14.59,9.16,10.79,10.65,6,14,8,11,8,3,0.0,0.0,0.0,208,8.0,10.08,10.59,20,162.0,381,1.18,1000,0,1,0,0,1,1,0,0,0,4,10.54970588235294,10.443461538461538,142,114,22,14,9
 Dakar,40,1,Deuxième Session,NULL,8.71,NON ADMIS,1,2018,M,S2,LYCEE CAMP MARCHAND DE RUFISQUE,O,Académie de Rufisque,RUFISQUE,LYCEE MODERNE DE RUFISQUE,1,Pass,ADM,1,2015,11.72,11.11,10.55,9.81,11,14,6,6,18,7,0.0,0.0,0.0,266,10.23,10.23,10.65,18,202.0,36,8.71,539,0,1,0,1,0,1,1,0,0,4,10.276041666666666,10.287826086956523,120,126,165,10,0
 Tambacounda,60,1,Deuxième Session,Passable,11.05,PASSE,1,2018,M,S2,LYCEE MAME CHEIKH MBAYE,O,Académie de Tambacounda,TAMBACOUNDA,LYCEE MAME CHEIKH MBAYE,1,Pass,ADM,1,2004,13.7,10.5,12.84,11.28,6,12,12,14,12,9,0.0,0.0,0.0,265,10.19,10.19,9.18,18,154.0,523,11.05,183,0,1,0,1,0,1,1,2,0,0,10.563333333333333,10.5975,136,302,162,13,8
 Louga,34,1,Deuxième Session,NULL,6.6,NON ADMIS,1,2018,F,S2,LYCEE MALICK SALL,O,Académie de Louga,LOUGA,LYCEE MALICK SALL,2,Pass,ADM,1,1997,9.48,12.61,13.43,13.8,11,12,11,7,7,11,0.0,0.0,0.0,283,10.88,10.88,11.35,21,165.29999999999998,316,6.6,771,0,1,0,0,1,1,0,0,0,4,10.600980392156861,10.55,68,300,161,7,5
Sédhiou,0,1,Deuxième Session,NULL,4.94,NON ADMIS,1,2018,F,S2,LYCEE DE KARANTABA,O,Académie de Sédhiou,TANAFF,LYCEE DE TANAFF,3,Pass,ADM,2,2002,11.0,9.5,11.52,11.07,13,8,5,4,6,9,0.0,0.0,0.0,219,8.42,10.15,11.94,21,135.0,921,4.94,856,0,1,0,0,1,1,0,0,0,4,10.52925925925926,10.862,137,181,135,12,14
 Matam,25,1,Deuxième Session,NULL,7.48,NON ADMIS,1,2018,F,S2,LYCEE BLAISE DIAGNE,O,Académie de Dakar,DAKAR,LYCEE LAMINE GUEYE,2,Pass,ADM,2,1995,11.59,10.73,10.83,10.2,10,13,7,5,3,5,0.0,0.0,0.0,215,8.27,10.04,11.47,23,168.15,272,7.48,686,0,1,0,0,1,1,0,0,0,4,10.570365853658537,10.612075471698114,17,122,154,0,6
 Dakar,20,1,Deuxième Session,NULL,7.07,NON ADMIS,1,2018,F,S2,LYCEE MODERNE DE RUFISQUE,O,Académie de Rufisque,RUFISQUE,LYCEE MODERNE DE RUFISQUE,2,Pass,ADM,1,1997,9.97,10.59,12.14,12.15,10,12,5,7,12,10,0.0,0.0,0.0,260,10.0,10.0,10.71,21,159.6,429,7.07,730,0,1,0,0,1,1,0,0,0,4,10.276041666666666,10.287826086956523,120,308,165,10,0
 Dakar,34,1,Deuxième Session,NULL,8.67,NON ADMIS,1,2018,M,S2,ECOLE PRIVEE MAME BOUSSO,O,Académie de Pikine - Guédiawaye,MBAO,LYCEE DE MBAO,1,Pass,ADM,1,2001,15.23,14.65,13.73,13.23,9,13,11,7,11,7,0.0,0.0,0.0,261,10.04,10.04,9.71,17,181.0,138,8.67,548,0,1,0,1,0,1,1,0,0,4,10.529097744360902,10.765172413793103,74,81,88,9,0
 Saint-Louis,60,1,Deuxième Session,Passable,11.61,PASSE,1,2018,M,S2,LYCEE DE NIANDANE,O,Académie de Saint - Louis,PODOR,LYCEE BABA DIONGUE,1,Pass,ADM,2,2010,13.44,12.91,9.82,10.09,13,8,11,7,8,3,0.0,0.0,0.0,218,8.38,11.35,11.59,19,160.0,403,11.61,139,0,1,0,1,0,1,1,2,0,0,10.754035087719299,10.542857142857143,115,229,30,11,7
 Tambacounda,19,1,Deuxième Session,NULL,7.16,NON ADMIS,1,2018,M,S2,LYCEE MAME CHEIKH MBAYE,O,Académie de Tambacounda,TAMBACOUNDA,LYCEE MAME CHEIKH MBAYE,2,Pass,ADM,2,2008,12.81,11.68,11.36,9.33,13,12,7,12,6,3,0.0,0.0,0.0,231,8.88,10.5,11.24,21,176.7,182,7.16,720,0,1,0,1,0,1,1,0,0,4,10.563333333333333,10.5975,136,302,162,13,8
 Thiès,20,1,Deuxième Session,NULL,5.32,NON ADMIS,1,2018,M,S2,CANDIDAT INDIVIDUEL THIES (CAOSP),I,Académie de Thiès,THIES,ECOLE ELEMENTAIRE GERMAINE LE GOFF DE THIES,3,Pass,ADM,2,1994,0.0,0.0,0.0,0.0,14,11,7,1,5,3,0.0,0.0,0.0,210,8.08,12.38,14.71,25,164.70000000000002,340,5.32,844,0,1,0,1,0,1,1,0,0,4,10.54970588235294,10.443461538461538,142,14,22,14,9
 Diourbel,60,1,Deuxième Session,Passable,11.57,PASSE,1,2018,M,S2,GROUPE SCOLAIRE XAADIMUL RASSUL DIOURBEL,O,Académie de Diourbel,DIOURBEL,LYCEE D'ENSEIGNEMENT GENERAL DE DIOURBEL,1,Pass,ADM,2,1998,11.36,12.57,10.1,10.74,9,11,7,7,5,6,0.0,0.0,0.0,210,8.08,10.0,11.59,20,153.0,575,11.57,142,0,1,0,1,0,1,1,2,0,0,10.45184210526316,10.391739130434782,27,107,35,1,1
 Dakar,0,1,Deuxième Session,NULL,3.86,NON ADMIS,1,2018,M,S2,COLLEGE MODERNE TROISIEME MILLENAIRE,O,Académie de Dakar,DAKAR,UNIVERSITE AMADOU HAMPATE BA,1,Pass,ADM,2,1997,12.16,9.17,10.83,9.27,9,9,7,10,11,5,0.0,0.0,0.0,214,8.23,10.0,10.29,21,135.0,921,3.86,902,0,1,0,1,0,1,1,0,0,4,10.570365853658537,10.612075471698114,17,17,181,0,0
 Thiès,0,1,Deuxième Session,NULL,0.86,NON ADMIS,1,2018,M,S2,ECOLE PRIVEE ACADEMICA,O,Académie de Thiès,MBOUR,COMPLEXE SCOLAIRE INTERN-KEUR MADIOR,2,Pass,ADM,1,2011,11.15,11.04,12.42,10.0,8,11,15,7,10,7,0.0,0.0,0.0,260,10.0,10.0,8.71,20,139.65,852,0.86,1004,0,1,0,1,0,1,1,0,0,4,10.54970588235294,10.625599999999999,77,51,20,14,9
 Diourbel,40,1,Deuxième Session,NULL,9.53,NON ADMIS,1,2018,M,S2,LYCEE DE MBACKE,O,Académie de Diourbel,MBACKE,LYCEE DE MBACKE,1,Pass,ADM,2,1994,10.32,11.74,11.71,11.82,10,11,10,6,10,3,0.0,0.0,0.0,208,8.0,10.46,10.94,24,159.0,448,9.53,422,0,1,0,1,0,1,1,0,0,4,10.45184210526316,10.248947368421051,73,199,87,1,1
 Dakar,60,1,Deuxième Session,Assez-Bien,12.31,PASSE,1,2018,M,S2,LYCEE GALANDOU DIOUF,O,Académie de Dakar,DAKAR,INSTITUTION NOTRE DAME,1,Pass,ADM,2,2000,0.0,0.0,0.0,0.0,10,8,13,4,14,9,0.0,0.0,0.0,253,9.73,12.73,12.47,18,142.0,820,12.31,111,0,1,0,1,0,1,1,2,0,1,10.570365853658537,10.612075471698114,17,287,25,0,0
 Dakar,31,1,Deuxième Session,NULL,8.69,NON ADMIS,1,2018,M,S2,LYCEE DE DIAWARA,O,Académie de Tambacounda,BAKEL,LYCEE WAOUNDE NDIAYE,1,Pass,ADM,1,1998,13.46,12.46,9.75,10.03,8,12,9,13,7,10,0.0,0.0,0.0,260,10.0,10.0,10.12,21,156.0,514,8.69,543,0,1,0,1,0,1,1,0,0,4,10.563333333333333,10.241428571428571,2,158,178,13,0
 Fatick,60,1,Deuxième Session,Passable,11.22,PASSE,1,2018,M,S2,LYCEE DE THIADIAYE,O,Académie de Thiès,THIADIAYE,CEM I DE THIADIAYE,2,Pass,ADM,2,2007,11.58,10.45,10.8,11.31,11,12,6,8,5,5,0.0,0.0,0.0,222,8.54,10.04,10.65,20,165.29999999999998,316,11.22,166,0,1,0,1,0,1,1,2,0,0,10.54970588235294,10.738,140,262,5,14,2
 Tambacounda,60,1,Deuxième Session,Passable,10.6,PASSE,1,2018,F,S2,LYCEE MAME CHEIKH MBAYE,O,Académie de Tambacounda,TAMBACOUNDA,LYCEE MAME CHEIKH MBAYE,1,Pass,ADM,2,1999,11.16,11.27,8.86,11.56,7,11,4,9,10,5,0.0,0.0,0.0,208,8.0,11.38,10.94,19,151.0,631,10.6,254,0,1,0,0,1,1,0,2,0,0,10.563333333333333,10.5975,136,302,162,13,8
 Dakar,5,1,Deuxième Session,NULL,3.68,NON ADMIS,1,2018,F,S2,LYCEE SERGENT MALAMINE CAMARA,O,Académie de Dakar,PARCELLES ASSAINIES,LYCEE SERGENT MALAMINE CAMARA,1,Pass,ADM,1,2000,12.04,12.47,12.84,11.59,9,10,11,10,8,11,0.0,0.0,0.0,260,10.0,10.0,10.06,18,154.0,523,3.68,910,0,1,0,0,1,1,0,0,0,4,10.570365853658537,10.494137931034482,108,313,169,0,0
 Thiès,60,1,Deuxième Session,Passable,10.94,PASSE,1,2018,M,S2,LYCEE DE MALICOUNDA II,O,Académie de Thiès,NIANING,LYCEE DE MALICOUNDA II,1,ABien,ADM,1,1999,13.17,12.41,12.06,14.21,14,11,12,11,14,11,0.0,0.0,0.0,317,12.19,12.19,11.88,19,213.0,19,10.94,198,0,1,0,1,0,1,1,2,0,0,10.54970588235294,11.283333333333331,102,195,84,14,9
 Kaolack,60,1,Deuxième Session,Passable,10.66,PASSE,1,2018,M,S2,LYCEE DE WACK NGOUNA,O,Académie de Kaolack,WACK NGOUNA,LYCEE DE WACK NGOUNA,1,Pass,ADM,2,2010,12.17,11.63,9.72,9.39,10,12,5,4,7,4,0.0,0.0,0.0,208,8.0,10.54,11.41,19,178.0,166,10.66,245,0,1,0,1,0,1,1,2,0,0,10.556461538461537,10.333333333333334,151,274,146,4,3
 Thiès,60,1,Deuxième Session,Passable,11.16,PASSE,1,2018,M,S2,LYCEE ABABACAR SY,O,Académie de Thiès,TIVAOUANE,LYCEE ABABACAR SY,1,Pass,ADM,2,1997,11.6,11.9,10.22,9.81,7,12,10,5,7,6,0.0,0.0,0.0,226,8.69,10.69,11.24,21,150.0,643,11.16,174,0,1,0,1,0,1,1,2,0,0,10.54970588235294,10.565833333333332,145,112,26,14,9
 Kaolack,21,1,Deuxième Session,NULL,5.69,NON ADMIS,1,2018,M,S2,LYCEE MABA DIAKHOU BA,O,Académie de Kaolack,NIORO,LYCEE MABA DIAKHOU BA,2,Pass,ADM,1,2010,10.01,9.81,9.89,11.04,9,12,13,8,8,9,0.0,0.0,0.0,271,10.42,10.42,10.06,20,153.9,538,5.69,830,0,1,0,1,0,1,1,0,0,4,10.556461538461537,10.768888888888888,104,295,157,4,3
 Thiès,60,1,Deuxième Session,Passable,10.2,PASSE,1,2018,M,S2,LYCEE DE KELLE,O,Académie de Thiès,MEKHE,CEM  CHEIKH MOURATH NDAO DE MEKHE,2,Pass,ADM,1,2007,12.14,10.26,12.34,12.97,11,13,7,7,5,9,0.0,0.0,0.0,260,10.0,10.0,11.0,20,173.85,207,10.2,316,0,1,0,1,0,1,1,2,0,0,10.54970588235294,10.262727272727274,80,182,0,14,9
 Kaolack,5,1,Deuxième Session,NULL,1.32,NON ADMIS,1,2018,F,S2,LYCEE VALDIODIO NDIAYE,O,Académie de Kaolack,KAOLACK,COLLEGE PIE XII,1,Pass,ADM,1,2009,12.74,12.74,10.53,11.64,11,11,14,15,10,8,0.0,0.0,0.0,289,11.12,11.12,9.94,18,175.0,192,1.32,994,0,1,0,0,1,1,0,0,0,4,10.556461538461537,10.403962264150943,52,322,16,4,3
 Diourbel,36,1,Deuxième Session,NULL,6.55,NON ADMIS,1,2018,F,S2,LYCEE DE MBACKE,O,Académie de Diourbel,MBACKE,LYCEE DE MBACKE,1,Pass,ADM,2,2005,11.41,11.42,10.93,10.37,6,10,7,6,8,9,0.0,0.0,0.0,220,8.46,10.31,9.53,20,126.0,1012,6.55,773,0,1,0,0,1,1,0,0,0,4,10.45184210526316,10.248947368421051,73,199,87,1,1
 Fatick,21,1,Deuxième Session,NULL,6.64,NON ADMIS,1,2018,M,S2,LYCEE DE TATTAGUINE,O,Académie de Fatick,TATTAGUINE,LYCEE DE TATTAGUINE,1,Pass,ADM,2,2010,12.06,10.27,9.61,10.0,6,14,8,8,5,5,0.0,0.0,0.0,208,8.0,10.5,12.18,20,162.0,381,6.64,768,0,1,0,1,0,1,1,0,0,4,10.526071428571429,10.4525,139,261,137,2,2
 Kaolack,16,1,Deuxième Session,NULL,7.68,NON ADMIS,1,2018,M,S2,ECOLE PRIVEE ELITES PLUS,O,Académie de Fatick,FATICK,LYCEE COUMBA NDOFFENE DIOUF,3,Pass,ADM,1,1994,13.73,10.82,10.76,10.44,10,11,9,13,11,8,0.0,0.0,0.0,260,10.0,10.0,9.65,25,143.1,768,7.68,662,0,1,0,1,0,1,1,0,0,4,10.526071428571429,10.443,32,59,33,2,3
Kaffrine,45,1,Deuxième Session,NULL,10.69,AUTORISE,1,2018,M,S2,LYCEE BABACAR COBAR NDAW,O,Académie de Kaffrine,KAFFRINE,LYCEE BABACAR COBAR NDAW,2,Pass,ADM,2,2010,11.54,10.66,10.37,11.78,9,12,8,7,5,7,0.0,0.0,0.0,227,8.73,10.0,10.94,20,153.9,538,10.69,241,0,1,0,1,0,1,1,1,0,4,10.78076923076923,10.305,48,120,31,3,12
 Kaolack,15,1,Deuxième Session,NULL,4.86,NON ADMIS,1,2018,M,S2,LYCEE VALDIODIO NDIAYE,O,Académie de Kaolack,KAOLACK,COLLEGE PIE XII,1,Pass,ADM,2,2010,11.77,11.85,10.53,10.16,9,11,11,4,6,7,0.0,0.0,0.0,229,8.81,10.0,10.06,19,163.0,345,4.86,862,0,1,0,1,0,1,1,0,0,4,10.556461538461537,10.403962264150943,52,322,16,4,3
 Kaolack,6,1,Deuxième Session,NULL,6.14,NON ADMIS,1,2018,F,S2,LYCEE DE SIBASSOR,O,Académie de Kaolack,SIBASSOR,LYCEE DE SIBASSOR,2,Pass,ADM,2,1998,10.92,9.55,9.2,8.77,12,9,5,5,3,10,0.0,0.0,0.0,221,8.5,10.92,13.06,20,145.35,724,6.14,803,0,1,0,0,1,1,0,0,0,4,10.556461538461537,10.92,130,255,131,4,3
 Dakar,26,1,Deuxième Session,NULL,8.81,NON ADMIS,1,2018,F,S2,LYCEE JOHN F KENNEDY,O,Académie de Dakar,DAKAR,LYCEE LAMINE GUEYE,1,Pass,ADM,2,1999,11.72,10.3,10.7,8.23,8,12,10,10,5,8,0.0,0.0,0.0,240,9.23,10.0,10.59,19,166.0,300,8.81,523,0,1,0,0,1,1,0,0,0,4,10.570365853658537,10.612075471698114,17,290,154,0,0
 Ziguinchor,60,1,Première Session,Assez-Bien,12.46,PASSE,1,2018,M,S2,LYCEE EL HADJI OMAR LAMINE BADJI DE DJIBOCK,O,Académie de Ziguinchor,ZIGUINCHOR,COLLEGE SAINT CHARLES LWANGA,1,Pass,ADM,2,2009,12.83,10.97,10.95,10.75,14,11,8,11,4,3,0.0,0.0,0.0,223,8.58,10.65,12.24,18,193.0,67,112.46000000000001,19,0,1,0,1,0,1,1,2,1,1,10.648571428571428,10.55111111111111,153,284,18,15,10
 Fatick,60,1,Deuxième Session,Passable,10.69,PASSE,1,2018,M,S2,LYCEE DE TOUCAR,O,Académie de Fatick,TOUCAR,LYCEE DE TOUCAR,2,Pass,ADM,2,2010,14.17,11.92,11.15,11.41,6,10,10,7,5,8,0.0,0.0,0.0,218,8.38,10.38,10.12,19,129.2,990,10.69,241,0,1,0,1,0,1,1,2,0,0,10.526071428571429,10.38,149,273,145,2,2
 Dakar,5,1,Deuxième Session,NULL,1.19,NON ADMIS,1,2018,M,S2,LYCEE DE THIAROYE,O,Académie de Pikine - Guédiawaye,PIKINE,LYCEE DE THIAROYE,1,Pass,ADM,1,2011,12.62,11.68,12.68,11.87,14,12,11,7,9,5,0.0,0.0,0.0,260,10.0,10.0,10.12,18,202.0,36,1.19,999,0,1,0,1,0,1,1,0,0,4,10.529097744360902,10.27,113,264,139,9,0
 Thiès,10,1,Deuxième Session,NULL,6.33,NON ADMIS,1,2018,M,S2,GROUPE SCOLAIRE MAMADOU DIAGNE DE POUT,O,Académie de Thiès,POUT,LYCEE DE POUT,2,Pass,ADM,1,2007,12.14,6.69,11.68,12.38,8,12,12,7,4,9,0.0,0.0,0.0,260,10.0,10.0,9.76,22,148.2,679,6.33,789,0,1,0,1,0,1,1,0,0,4,10.54970588235294,10.49,117,105,121,14,9
 Ziguinchor,45,1,Deuxième Session,NULL,9.77,AUTORISE,1,2018,M,S2,LYCEE ALINE SITOE DIATTA,O,Académie de Ziguinchor,OUSSOUYE,LYCEE ALINE SITOE DIATTA,2,Pass,ADM,2,1998,12.32,12.46,11.21,10.69,7,12,10,11,10,7,0.0,0.0,0.0,241,9.27,11.31,11.88,20,142.5,790,9.77,389,0,1,0,1,0,1,1,1,0,4,10.648571428571428,10.831999999999999,107,117,28,15,10
 Dakar,39,1,Deuxième Session,NULL,9.43,NON ADMIS,1,2018,F,S2,ECOLE PRIVEE PAPA DJIBRIL DIOUF,O,Académie de Rufisque,SEBIKOTANE,LYCEE DE SEBIKOTANE,2,Pass,ADM,2,1994,10.57,11.03,10.59,11.25,9,14,8,8,5,6,0.0,0.0,0.0,241,9.27,10.31,10.76,24,171.0,236,9.43,441,0,1,0,0,1,1,0,0,0,4,10.276041666666666,10.062000000000001,128,86,130,10,0
 Fatick,40,1,Deuxième Session,NULL,9.31,NON ADMIS,1,2018,M,S2,LYCEE DE LOUL SESSENE,O,Académie de Fatick,LOUL SESSENE,LYCEE DE LOUL SESSENE,2,Pass,ADM,2,1996,10.17,10.67,10.22,10.92,9,13,8,5,9,9,0.0,0.0,0.0,246,9.46,10.08,11.12,22,162.45,368,9.31,466,0,1,0,1,0,1,1,0,0,4,10.526071428571429,10.53,69,191,82,2,2
 Kaolack,60,1,Deuxième Session,Passable,11.1,PASSE,1,2018,M,S2,LYCEE SERIGNE KHASSIM MBACKE GUINGUINEO,O,Académie de Kaolack,GUINGUINEO,LYCEE SERIGNE KHASSIM MBACKE GUINGUINEO,2,Pass,ADM,2,2006,10.06,9.45,10.67,11.02,4,12,8,6,8,11,0.0,0.0,0.0,232,8.92,10.69,10.94,22,125.39999999999999,1013,11.1,179,0,1,0,1,0,1,1,2,0,0,10.556461538461537,10.5475,45,315,171,4,3
 Thiès,45,1,Deuxième Session,NULL,9.32,AUTORISE,1,2018,M,S2,COURS PRIVE EXCELLENCE,O,Académie de Thiès,THIES,COLLEGE SAINT GABRIEL,4,Pass,ADM,2,2007,12.29,11.26,10.83,12.37,12,13,7,5,7,6,0.0,0.0,0.0,237,9.12,10.85,12.35,23,160.65,402,9.32,464,0,1,0,1,0,1,1,1,0,4,10.54970588235294,10.443461538461538,142,27,19,14,9
 Kaolack,0,1,Deuxième Session,NULL,3.2,NON ADMIS,1,2018,M,S2,LYCEE MIXTE NGANE SAER ,O,Académie de Kaolack,NGANE SAER,LYCEE MIXTE NGANE SAER ,1,Pass,ADM,1,1998,12.86,12.54,12.84,12.19,10,10,16,11,10,9,0.0,0.0,0.0,284,10.92,10.92,9.65,21,150.0,643,3.2,934,0,1,0,1,0,1,1,0,0,4,10.556461538461537,10.562000000000001,93,307,164,4,3
 Fatick,26,1,Deuxième Session,NULL,8.42,NON ADMIS,1,2018,M,S2,GROUPE SCOLAIRE GASTON BERGER,O,Académie de Pikine - Guédiawaye,GUEDIAWAYE,CEM OGO DIOP,2,Pass,ADM,1,1997,9.55,10.09,10.11,10.83,11,14,12,3,6,8,0.0,0.0,0.0,275,10.58,10.58,11.0,21,182.39999999999998,131,8.42,577,0,1,0,1,0,1,1,0,0,4,10.529097744360902,10.416290322580645,43,101,13,9,2
Kaffrine,0,1,Deuxième Session,NULL,0.24,NON ADMIS,1,2018,F,S2,LYCEE DE NGANDA,O,Académie de Kaffrine,KAFFRINE,LYCEE BABACAR COBAR NDAW,2,Pass,ADM,1,2008,10.91,12.58,12.78,12.19,11,15,10,8,7,6,0.0,0.0,0.0,262,10.08,10.08,10.65,19,200.45,42,0.24,1048,0,1,0,0,1,1,0,0,0,4,10.78076923076923,10.305,48,219,31,3,12
 Louga,60,1,Deuxième Session,Passable,11.39,PASSE,1,2018,M,S2,NOUVEAU LYCEE DE DAHRA ,O,Académie de Louga,DAHRA,LYCEE DE DAHRA,1,Pass,ADM,2,2010,14.87,13.77,11.78,11.67,13,7,8,11,7,7,0.0,0.0,0.0,228,8.77,12.46,13.71,18,151.0,631,11.39,155,0,1,0,1,0,1,1,2,0,0,10.600980392156861,10.696666666666665,16,325,52,7,5
 Diourbel,5,1,Deuxième Session,NULL,4.26,NON ADMIS,1,2018,M,S2,LYCEE DE THIAROYE,O,Académie de Pikine - Guédiawaye,PIKINE,CEM THIAROYE 44,2,Pass,ADM,2,2006,0.0,0.0,0.0,0.0,13,13,5,6,4,6,0.0,0.0,0.0,240,9.23,10.15,11.59,20,185.25,114,4.26,881,0,1,0,1,0,1,1,0,0,4,10.529097744360902,10.27,113,264,14,9,1
 Kaolack,60,1,Première Session,Passable,11.22,PASSE,1,2018,M,S2,NOUVEAU LYCEE DE KAOLACK,O,Académie de Kaolack,KAOLACK,COLLEGE PIE XII,2,Pass,ADM,2,1996,12.42,7.73,8.27,9.86,12,12,10,5,10,7,0.0,0.0,0.0,251,9.65,13.12,15.53,22,171.0,236,111.22,56,0,1,0,1,0,1,1,2,1,0,10.556461538461537,10.403962264150943,52,326,16,4,3
 Thiès,40,1,Deuxième Session,NULL,9.04,NON ADMIS,1,2018,F,S2,LYCEE DE NGUEKOKH,O,Académie de Thiès,NGUEKOKH,LYCEE DE NGUEKOKH,2,Pass,ADM,2,1998,11.78,10.34,12.18,11.91,9,11,10,11,9,4,0.0,0.0,0.0,239,9.19,11.92,11.76,20,145.35,724,9.04,497,0,1,0,0,1,1,0,0,0,4,10.54970588235294,10.48,97,224,107,14,9
 Fatick,0,1,Deuxième Session,NULL,3.19,NON ADMIS,1,2018,M,S2,LYCEE KHAR KANE,O,Académie de Fatick,GOSSAS,LYCEE KHAR KANE,1,Pass,ADM,2,2000,12.67,11.04,10.65,8.81,11,10,10,8,9,4,0.0,0.0,0.0,221,8.5,10.0,9.94,18,166.0,300,3.19,935,0,1,0,1,0,1,1,0,0,4,10.526071428571429,10.618888888888888,40,292,153,2,2
 Dakar,60,1,Deuxième Session,Passable,10.0,PASSE,1,2018,M,S2,LYCEE DE PIKINE,O,Académie de Pikine - Guédiawaye,GUEDIAWAYE,LYCEE SEYDINA LIMAMOULAYE,1,Pass,ADM,2,1998,11.28,10.36,10.03,11.37,13,10,8,7,9,2,0.0,0.0,0.0,217,8.35,10.73,11.71,20,168.0,284,10.0,359,0,1,0,1,0,1,1,2,0,0,10.529097744360902,10.416290322580645,43,242,173,9,0
 Dakar,60,1,Deuxième Session,Assez-Bien,13.53,PASSE,1,2018,M,S2,LYCEE SEYDINA LIMAMOULAYE,O,Académie de Pikine - Guédiawaye,GUEDIAWAYE,ECOLE NANSEN,1,Pass,ADM,1,2000,10.45,13.03,10.62,13.46,6,15,7,12,12,14,0.0,0.0,0.0,299,11.5,11.5,12.0,18,181.0,138,13.53,100,0,1,0,1,0,1,1,2,0,1,10.529097744360902,10.416290322580645,43,320,24,9,0
 Saint-Louis,60,1,Deuxième Session,Passable,10.0,PASSE,1,2018,M,S2,LYCEE DE YOFF,O,Académie de Dakar,PARCELLES ASSAINIES,CEM UNITE 19,1,Pass,ADM,1,2004,10.38,10.38,12.84,10.76,13,8,11,12,5,8,0.0,0.0,0.0,260,10.0,10.0,9.47,21,150.0,643,10.0,359,0,1,0,1,0,1,1,2,0,0,10.570365853658537,10.494137931034482,108,276,15,0,7
 Thiès,20,1,Deuxième Session,NULL,8.29,NON ADMIS,1,2018,F,S2,LYCEE DES PARCELLES ASSAINIES U13,O,Académie de Dakar,PARCELLES ASSAINIES,ECOLE CATHOLIQUE CARDINAL HYACINTHE THIANDOUM,2,Pass,ADM,2,1997,12.83,10.93,9.81,8.64,11,11,7,8,6,6,0.0,0.0,0.0,222,8.54,11.77,13.47,21,156.75,491,8.29,595,0,1,0,0,1,1,0,0,0,4,10.570365853658537,10.494137931034482,108,278,21,0,9
 Thiès,10,1,Deuxième Session,NULL,2.26,NON ADMIS,1,2018,M,S2,LYCEE DE NIODIOR,O,Académie de Fatick,NIODIOR,LYCEE DE NIODIOR,2,Pass,ADM,1,1998,11.02,11.03,10.12,11.63,14,13,12,5,7,12,0.0,0.0,0.0,305,11.73,11.73,12.94,20,190.95,77,2.26,967,0,1,0,1,0,1,1,0,0,4,10.526071428571429,10.6725,103,230,112,2,9
 Dakar,45,1,Deuxième Session,NULL,9.63,AUTORISE,1,2018,M,S2,ECOLE KHADIM RASSOUL,O,Académie de Dakar,DAKAR,UNIVERSITE AMADOU HAMPATE BA,2,Pass,ADM,2,1996,12.12,8.82,12.04,12.7,12,10,7,9,5,9,0.0,0.0,0.0,244,9.38,11.96,13.76,22,153.9,538,9.63,409,0,1,0,1,0,1,1,1,0,4,10.570365853658537,10.612075471698114,17,43,181,0,0
 Saint-Louis,35,1,Deuxième Session,NULL,8.25,NON ADMIS,1,2018,F,S2,LYCEE DE PETE,O,Académie de Saint - Louis,PETE,LYCEE DE PETE,2,Pass,ADM,2,1997,11.02,11.98,10.79,10.74,11,10,8,9,5,3,0.0,0.0,0.0,211,8.12,10.88,12.06,21,148.2,679,8.25,599,0,1,0,0,1,1,0,0,0,4,10.754035087719299,10.716666666666669,112,240,119,11,7
Sédhiou,25,1,Deuxième Session,NULL,8.14,NON ADMIS,1,2018,F,S2,LYCEE DE TANAFF,O,Académie de Sédhiou,TANAFF,LYCEE DE TANAFF,1,Pass,ADM,2,2000,14.01,13.68,12.46,12.46,4,12,10,4,11,11,0.0,0.0,0.0,240,9.23,11.35,12.06,18,142.0,820,8.14,612,0,1,0,0,1,1,0,0,0,4,10.52925925925926,10.862,137,259,135,12,14
 Kaolack,60,1,Première Session,Passable,11.22,PASSE,1,2018,M,S2,LYCEE DE KEUR MADIABEL,O,Académie de Kaolack,KEUR MADIABEL,LYCEE DE KEUR MADIABEL,1,Pass,ADM,2,1997,12.08,13.44,11.51,12.67,11,10,8,7,7,4,0.0,0.0,0.0,208,8.0,10.62,11.71,21,156.0,514,111.22,56,0,1,0,1,0,1,1,2,1,0,10.556461538461537,10.666,56,183,76,4,3
 Ziguinchor,31,1,Deuxième Session,NULL,9.38,NON ADMIS,1,2018,F,S2,LYCEE DE TOUBACOUTA,O,Académie de Fatick,TOUBACOUTA,LYCEE DE TOUBACOUTA,1,Pass,ADM,1,2000,11.76,11.33,10.77,10.98,5,13,14,7,8,10,0.0,0.0,0.0,260,10.0,10.0,9.59,18,157.0,474,9.38,448,0,1,0,0,1,1,0,0,0,4,10.526071428571429,10.776,148,272,144,2,10
 Fatick,5,1,Deuxième Session,NULL,6.53,NON ADMIS,1,2018,M,S2,LYCEE MABA DIAKHOU BA,O,Académie de Kaolack,NIORO,LYCEE MABA DIAKHOU BA,2,Pass,ADM,2,1995,10.76,10.58,10.51,8.81,14,9,7,5,9,5,0.0,0.0,0.0,221,8.5,10.73,11.53,23,156.75,491,6.53,775,0,1,0,1,0,1,1,0,0,4,10.556461538461537,10.768888888888888,104,295,157,4,2
 Fatick,16,1,Deuxième Session,NULL,4.91,NON ADMIS,1,2018,M,S2,LYCEE ELHADJ MAMADOU DIOUF,O,Académie de Fatick,FOUNDIOUGNE,LYCEE ELHADJ MAMADOU DIOUF,2,Pass,ADM,2,2006,11.86,10.29,8.38,9.5,7,11,7,5,7,7,0.0,0.0,0.0,209,8.04,10.65,11.88,21,133.95,946,4.91,859,0,1,0,1,0,1,1,0,0,4,10.526071428571429,10.325,34,285,151,2,2
 Dakar,20,1,Deuxième Session,NULL,8.03,NON ADMIS,1,2018,F,S2,COURS PRIVE AINOUMADY EXCELLENCE,O,Académie de Pikine - Guédiawaye,KEUR MASSAR,LYCEE ZONE DE RECASEMENT DE KEUR MASSAR ,2,Pass,ADM,2,1996,12.24,11.14,11.5,11.41,7,11,8,7,12,5,0.0,0.0,0.0,215,8.27,10.08,9.82,22,133.95,946,8.03,621,0,1,0,0,1,1,0,0,0,4,10.529097744360902,10.795238095238094,57,26,179,9,0
 Fatick,24,1,Deuxième Session,NULL,8.39,NON ADMIS,1,2018,F,S2,LYCEE DE DIOUROUP,O,Académie de Fatick,DIOUROUP,LYCEE DE DIOUROUP,1,Pass,ADM,1,2006,13.91,12.58,10.91,10.57,8,12,12,14,8,11,0.0,0.0,0.0,284,10.92,10.92,10.47,19,166.0,300,8.39,584,0,1,0,0,1,1,0,0,0,4,10.526071428571429,11.410000000000002,28,162,60,2,2
 Dakar,30,1,Deuxième Session,NULL,9.23,NON ADMIS,1,2018,M,S2,LYCEE DE THIAROYE,O,Académie de Pikine - Guédiawaye,PIKINE,LYCEE DE THIAROYE,2,Pass,ADM,2,1997,10.25,9.04,11.77,10.86,8,11,7,10,6,5,0.0,0.0,0.0,213,8.19,11.42,11.88,21,139.65,852,9.23,476,0,1,0,1,0,1,1,0,0,4,10.529097744360902,10.27,113,264,139,9,0
Kédougou,60,1,Deuxième Session,Passable,11.34,PASSE,1,2018,M,S2,LYCEE MACIRE BA DE KEDOUGOU,O,Académie de Kédougou,KEDOUGOU,LYCEE TECHNIQUE INDUSTRIEL DE KEDOUGOU,2,Pass,ADM,2,1998,9.46,10.51,11.35,11.56,10,11,7,6,6,7,0.0,0.0,0.0,237,9.12,11.15,11.06,20,151.04999999999998,602,11.34,158,0,1,0,1,0,1,1,2,0,0,10.698333333333332,10.668000000000001,55,296,176,6,13
 Fatick,60,1,Deuxième Session,Assez-Bien,12.39,PASSE,1,2018,M,S2,NOUVEAU LYCEE DE KAOLACK,O,Académie de Kaolack,KAOLACK,COLLEGE PIE XII,1,Pass,ADM,1,2017,11.27,12.73,10.03,12.5,13,13,11,11,6,11,0.0,0.0,0.0,302,11.62,11.62,12.29,19,205.0,31,12.39,108,0,1,0,1,0,1,1,2,0,1,10.556461538461537,10.403962264150943,52,326,16,4,2
 Dakar,60,1,Première Session,Passable,11.58,PASSE,1,2018,F,S2,LYCEE ZONE DE RECASEMENT DE KEUR MASSAR ,O,Académie de Pikine - Guédiawaye,KEUR MASSAR,LYCEE ZONE DE RECASEMENT DE KEUR MASSAR ,1,Pass,ADM,1,1998,13.6,13.39,12.38,14.31,10,10,13,11,11,10,0.0,0.0,0.0,271,10.42,10.42,10.0,20,150.0,643,111.58,42,0,1,0,0,1,1,0,2,1,0,10.529097744360902,10.795238095238094,57,324,179,9,0
 Dakar,10,1,Deuxième Session,NULL,2.82,NON ADMIS,1,2018,M,S2,COURS SECONDAIRE LEOPOLD SEDAR SENGHOR,O,Académie de Dakar,PARCELLES ASSAINIES,CEM UNITE 19,2,Pass,ADM,1,2015,12.73,12.15,12.05,13.13,7,13,9,11,9,8,0.0,0.0,0.0,260,10.0,10.0,9.47,20,151.04999999999998,602,2.82,950,0,1,0,1,0,1,1,0,0,4,10.570365853658537,10.494137931034482,108,38,15,0,0
 Dakar,36,1,Deuxième Session,NULL,8.4,NON ADMIS,1,2018,M,S2,LYCEE DE THILOGNE,O,Académie de Matam,THILOGNE,LYCEE DE THILOGNE,1,Pass,ADM,2,2015,12.52,12.06,10.51,11.4,6,10,7,5,8,10,0.0,0.0,0.0,209,8.04,10.15,11.88,18,136.0,914,8.4,580,0,1,0,1,0,1,1,0,0,4,10.74148148148148,10.385,143,267,140,8,0
 Dakar,0,1,Deuxième Session,NULL,0.54,NON ADMIS,1,2018,F,S2,LYCEE DE MBORO,O,Académie de Thiès,MBORO,LYCEE DE MBORO,2,Pass,ADM,1,1997,12.16,12.69,9.88,10.3,11,12,10,7,8,8,0.0,0.0,0.0,263,10.12,10.12,10.29,21,165.29999999999998,316,0.54,1008,0,1,0,0,1,1,0,0,0,4,10.54970588235294,10.43,75,202,89,14,0
 Louga,5,1,Deuxième Session,NULL,4.71,NON ADMIS,1,2018,M,S2,"ECOLE PRIVEE ""EUREKA LIMAMOULAYE""",O,Académie de Pikine - Guédiawaye,GUEDIAWAYE,CEM OGO DIOP,3,Pass,ADM,2,2002,10.84,9.19,10.41,12.56,6,14,13,7,4,8,0.0,0.0,0.0,243,9.35,10.04,10.24,22,145.8,717,4.71,868,0,1,0,1,0,1,1,0,0,4,10.529097744360902,10.416290322580645,43,47,13,9,5
Sédhiou,25,1,Deuxième Session,NULL,9.48,NON ADMIS,1,2018,M,S2,LYCEE DE SAMINE,O,Académie de Sédhiou,SAMINE,LYCEE DE SAMINE,2,Pass,ADM,2,2008,11.42,11.11,9.17,8.94,8,11,5,6,6,10,0.0,0.0,0.0,239,9.19,10.0,10.12,20,139.65,852,9.48,432,0,1,0,1,0,1,1,0,0,4,10.52925925925926,10.0,125,251,127,12,14
 Thiès,60,1,Première Session,Assez-Bien,12.13,PASSE,1,2018,M,S2,LYCEE DE NGOUNDIANE,O,Académie de Thiès,NGOUNDIANE,LYCEE DE NGOUNDIANE,1,Pass,ADM,2,2010,12.28,11.28,9.1,9.68,10,11,8,3,6,8,0.0,0.0,0.0,218,8.38,10.38,12.35,20,159.0,448,112.13,26,0,1,0,1,0,1,1,2,1,1,10.54970588235294,10.846363636363636,95,222,105,14,9
Kaffrine,60,1,Première Session,Assez-Bien,12.9,PASSE,1,2018,M,S2,LYCEE EL HADJI IBRAHIMA BA KOUNGHEUL,O,Académie de Kaffrine,KOUNGHEUL,LYCEE EL HADJI IBRAHIMA BA KOUNGHEUL,1,Pass,ADM,1,2008,12.61,12.01,10.94,11.57,14,14,12,7,6,5,0.0,0.0,0.0,262,10.08,10.08,10.82,18,220.0,10,112.9,7,0,1,0,1,0,1,1,2,1,1,10.78076923076923,11.001999999999999,62,282,150,3,12
 Dakar,60,1,Deuxième Session,Passable,10.25,PASSE,1,2018,F,S2,LYCEE MODERNE DE RUFISQUE,O,Académie de Rufisque,RUFISQUE,CEM MOMAR SENE WALY,1,Pass,ADM,1,1999,12.76,10.36,11.71,11.39,7,12,12,10,9,10,0.0,0.0,0.0,260,10.0,10.0,9.82,19,160.0,403,10.25,306,0,1,0,0,1,1,0,2,0,0,10.276041666666666,10.287826086956523,120,308,11,10,0
 Thiès,60,1,Deuxième Session,Passable,10.76,PASSE,1,2018,M,S2,LYCEE DAROU KHOUDOSS ,O,Académie de Thiès,DAROU KHOUDOSS,LYCEE DAROU KHOUDOSS ,1,Pass,ADM,2,2004,12.24,9.54,9.14,9.42,7,11,10,5,3,9,0.0,0.0,0.0,216,8.31,10.0,10.18,21,141.0,830,10.76,227,0,1,0,1,0,1,1,2,0,0,10.54970588235294,10.01,18,136,36,14,9
 Fatick,60,1,Deuxième Session,Passable,11.23,PASSE,1,2018,M,S2,LYCEE DE KARANG,O,Académie de Fatick,KARANG,LYCEE DE KARANG,2,Pass,ADM,2,2004,11.0,11.0,11.0,10.0,7,11,12,11,5,5,0.0,0.0,0.0,223,8.58,10.5,10.65,22,133.95,946,11.23,164,0,1,0,1,0,1,1,2,0,0,10.526071428571429,10.29,53,180,74,2,2
 Diourbel,60,1,Deuxième Session,Passable,11.11,PASSE,1,2018,M,S2,LYCEE CHEIKH MOURATH NDAO,O,Académie de Thiès,MEKHE,CEM  CHEIKH MOURATH NDAO DE MEKHE,1,Pass,ADM,2,2010,11.83,10.9,9.24,8.49,13,10,7,7,6,3,0.0,0.0,0.0,208,8.0,10.08,10.88,20,168.0,284,11.11,177,0,1,0,1,0,1,1,2,0,0,10.54970588235294,10.262727272727274,80,130,0,14,1
 Kolda,60,1,Deuxième Session,Passable,11.09,PASSE,1,2018,F,S2,LYCEE ALPHA MOLO BALDE,O,Académie de Kolda,KOLDA,LYCEE ALPHA MOLO BALDE,4,Pass,ADM,2,2004,10.58,9.45,11.42,11.54,5,13,9,7,6,9,0.0,0.0,0.0,240,9.23,10.58,11.29,23,124.95,1021,11.09,180,0,1,0,0,1,1,0,2,0,0,10.615862068965518,10.507222222222222,60,118,29,5,4
 Ziguinchor,5,1,Deuxième Session,NULL,1.48,NON ADMIS,1,2018,F,S2,ECOLE PRIVEE KARL JASPERS,O,Académie de Pikine - Guédiawaye,GUEDIAWAYE,LYCEE SEYDINA LIMAMOULAYE,3,Pass,ADM,2,2007,0.0,0.0,0.0,0.0,13,10,5,7,5,5,0.0,0.0,0.0,225,8.65,12.12,12.65,22,151.20000000000002,594,1.48,986,0,1,0,0,1,1,0,0,0,4,10.529097744360902,10.416290322580645,43,64,173,9,10
 Thiès,30,1,Deuxième Session,NULL,8.18,NON ADMIS,1,2018,F,S2,GROUPE SCOLAIRE MAMADOU DIAGNE DE POUT,O,Académie de Thiès,POUT,LYCEE DE POUT,3,Pass,ADM,1,1995,10.74,9.62,13.16,12.91,12,13,10,6,6,8,0.0,0.0,0.0,264,10.15,10.15,10.94,23,170.1,256,8.18,606,0,1,0,0,1,1,0,0,0,4,10.54970588235294,10.49,117,105,121,14,9
 Thiès,34,1,Deuxième Session,NULL,7.81,NON ADMIS,1,2018,M,S2,LYCEE CHEIKH AMADOU LAMINE DABO,O,Académie de Thiès,MBOUR,COMPLEXE SCOLAIRE INTERN-KEUR MADIOR,2,Pass,ADM,2,2010,11.37,8.75,10.35,11.77,12,10,11,6,9,4,0.0,0.0,0.0,232,8.92,10.62,10.24,20,153.9,538,7.81,647,0,1,0,1,0,1,1,0,0,4,10.54970588235294,10.625599999999999,77,128,20,14,9
 Diourbel,5,1,Deuxième Session,NULL,3.43,NON ADMIS,1,2018,F,S2,LYCEE DE MBACKE,O,Académie de Diourbel,MBACKE,LYCEE DE MBACKE,1,Pass,ADM,2,1999,9.7,12.04,11.3,10.2,7,12,8,7,8,5,0.0,0.0,0.0,208,8.0,10.08,10.88,19,160.0,403,3.43,925,0,1,0,0,1,1,0,0,0,4,10.45184210526316,10.248947368421051,73,199,87,1,1
 Dakar,15,1,Deuxième Session,NULL,3.13,NON ADMIS,1,2018,M,S2,LYCEE DE BARGNY,O,Académie de Rufisque,BARGNY,LYCEE DE BARGNY,3,Pass,ADM,1,1994,11.01,9.41,11.83,12.73,8,14,8,10,10,9,0.0,0.0,0.0,260,10.0,10.0,10.47,24,156.6,508,3.13,939,0,1,0,1,0,1,1,0,0,4,10.276041666666666,10.186,6,145,42,10,0
 Fatick,60,1,Première Session,Assez-Bien,12.15,PASSE,1,2018,M,S2,LYCEE DE TOUBACOUTA,O,Académie de Fatick,TOUBACOUTA,LYCEE DE TOUBACOUTA,2,Pass,ADM,1,2006,13.69,11.25,11.5,11.84,10,14,10,5,9,7,0.0,0.0,0.0,260,10.0,10.0,10.35,18,186.2,110,112.15,25,0,1,0,1,0,1,1,2,1,1,10.526071428571429,10.776,148,272,144,2,2
 Kolda,26,1,Deuxième Session,NULL,8.98,NON ADMIS,1,2018,M,S2,LYCEE DJIGNABO,O,Académie de Ziguinchor,ZIGUINCHOR,COLLEGE SAINT CHARLES LWANGA,1,Pass,ADM,2,1999,12.27,11.94,11.39,12.48,11,11,5,6,6,8,0.0,0.0,0.0,234,9.0,10.85,12.06,19,175.0,192,8.98,507,0,1,0,1,0,1,1,0,0,4,10.648571428571428,10.55111111111111,153,280,18,15,4
 Tambacounda,60,1,Deuxième Session,Passable,11.95,PASSE,1,2018,M,S2,LYCEE DJIGNABO,O,Académie de Ziguinchor,ZIGUINCHOR,COLLEGE SAINT CHARLES LWANGA,1,Pass,ADM,2,2010,11.44,10.59,10.12,11.74,7,10,6,10,6,7,0.0,0.0,0.0,214,8.23,10.0,10.41,18,142.0,820,11.95,122,0,1,0,1,0,1,1,2,0,0,10.648571428571428,10.55111111111111,153,280,18,15,8
 Matam,60,1,Première Session,Passable,11.47,PASSE,1,2018,F,S2,LYCEE DE ODOBERE,O,Académie de Matam,ODOBERE,LYCEE DE ODOBERE,2,Pass,ADM,2,2008,11.98,12.71,11.0,10.91,7,13,6,7,10,6,0.0,0.0,0.0,233,8.96,10.27,10.53,20,151.04999999999998,602,111.47,45,0,1,0,0,1,1,0,2,1,0,10.74148148148148,10.27,105,231,113,8,6
 Fatick,60,1,Deuxième Session,Assez-Bien,12.38,PASSE,1,2018,F,S2,LYCEE COUMBA NDOFFENE DIOUF,O,Académie de Fatick,FATICK,LYCEE COUMBA NDOFFENE DIOUF,2,Pass,ADM,2,1997,10.91,10.95,11.86,11.98,7,15,8,12,4,7,0.0,0.0,0.0,245,9.42,11.19,12.53,21,168.15,272,12.38,109,0,1,0,0,1,1,0,2,0,1,10.526071428571429,10.443,32,134,33,2,2
 Thiès,60,1,Deuxième Session,Passable,11.78,PASSE,1,2018,M,S2,LYCEE DE TOUBA TOUL,O,Académie de Thiès,TOUBA TOUL,LYCEE DE TOUBA TOUL,1,Pass,ADM,1,1999,13.46,14.23,11.78,11.81,9,12,8,11,8,9,0.0,0.0,0.0,260,10.0,10.0,10.06,19,172.0,222,11.78,127,0,1,0,1,0,1,1,2,0,0,10.54970588235294,10.115,147,271,143,14,9
 Fatick,60,1,Deuxième Session,Passable,10.95,PASSE,1,2018,M,S2,LYCEE KHAR KANE,O,Académie de Fatick,GOSSAS,LYCEE KHAR KANE,2,Pass,ADM,1,2001,9.61,10.13,11.53,12.03,16,12,10,6,8,4,0.0,0.0,0.0,260,10.0,10.0,10.35,24,193.79999999999998,64,10.95,196,0,1,0,1,0,1,1,2,0,0,10.526071428571429,10.618888888888888,40,292,153,2,2
 Kaolack,25,1,Deuxième Session,NULL,7.18,NON ADMIS,1,2018,F,S2,LYCEE MACODOU NDIAYE DE SOKONE,O,Académie de Fatick,SOKONE,LYCEE MACODOU NDIAYE DE SOKONE,1,Pass,ADM,2,2010,10.04,13.33,10.21,11.33,9,11,12,13,7,7,0.0,0.0,0.0,241,9.27,11.27,10.76,20,153.0,575,7.18,718,0,1,0,0,1,1,0,0,0,4,10.526071428571429,10.645,131,298,159,2,3
 Louga,26,1,Deuxième Session,NULL,7.08,NON ADMIS,1,2018,M,S2,NOUVEAU LYCEE DE LOUGA,O,Académie de Louga,LOUGA,LYCEE MALICK SALL,1,Pass,ADM,1,2005,13.18,13.45,11.55,9.25,9,12,11,11,11,7,0.0,0.0,0.0,260,10.0,10.0,9.35,20,162.0,381,7.08,729,0,1,0,1,0,1,1,0,0,4,10.600980392156861,10.55,68,327,161,7,5
 Thiès,35,1,Deuxième Session,NULL,9.33,NON ADMIS,1,2018,M,S2,LYCEE DE TAIBA  NDIAYE,O,Académie de Thiès,TAIBA NDIAYE,LYCEE DE TAIBA  NDIAYE,2,Pass,ADM,2,2007,13.75,10.97,10.06,9.63,10,11,10,8,8,9,0.0,0.0,0.0,245,9.42,11.46,12.65,21,151.04999999999998,602,9.33,460,0,1,0,1,0,1,1,0,0,4,10.54970588235294,10.575,133,257,133,14,9
 Dakar,45,1,Deuxième Session,NULL,9.29,AUTORISE,1,2018,F,S2,LYCEE DE PIKINE,O,Académie de Pikine - Guédiawaye,GUEDIAWAYE,LYCEE BANQUE ISLAMIQUE,1,Pass,ADM,2,1998,12.28,11.98,11.14,11.74,9,10,11,6,6,8,0.0,0.0,0.0,238,9.15,10.77,11.47,20,144.0,760,9.29,471,0,1,0,0,1,1,0,1,0,4,10.529097744360902,10.416290322580645,43,242,32,9,0
 Thiès,14,1,Deuxième Session,NULL,6.51,NON ADMIS,1,2018,M,S2,LYCEE NDIOUMA COR FAYE DE NDIAGANIAO,O,Académie de Thiès,NDIAGANIAO,LYCEE DE NDIAGANIAO,4,Pass,ADM,1,2007,10.13,9.78,11.59,11.77,8,12,11,6,13,10,0.0,0.0,0.0,268,10.31,10.31,10.12,22,132.6,960,6.51,776,0,1,0,1,0,1,1,0,0,4,10.54970588235294,10.236666666666666,86,309,97,14,9
 Thiès,15,1,Deuxième Session,NULL,6.84,NON ADMIS,1,2018,M,S2,LYCEE DE KELLE,O,Académie de Thiès,MEKHE,CEM  CHEIKH MOURATH NDAO DE MEKHE,2,Pass,ADM,1,2007,10.74,11.86,10.59,9.21,8,13,7,13,5,9,0.0,0.0,0.0,260,10.0,10.0,10.12,22,156.75,491,6.84,749,0,1,0,1,0,1,1,0,0,4,10.54970588235294,10.262727272727274,80,182,0,14,9
Sédhiou,60,1,Deuxième Session,Passable,10.8,PASSE,1,2018,M,S2,LYCEE DE SAMINE,O,Académie de Sédhiou,SAMINE,LYCEE DE SAMINE,2,Pass,ADM,2,2008,13.74,10.82,11.18,10.67,9,11,13,6,7,7,0.0,0.0,0.0,242,9.31,10.0,9.35,21,145.35,724,10.8,222,0,1,0,1,0,1,1,2,0,0,10.52925925925926,10.0,125,251,127,12,14
 Kaolack,46,1,Deuxième Session,NULL,9.67,AUTORISE,1,2018,M,S2,LYCEE VALDIODIO NDIAYE,O,Académie de Kaolack,KAOLACK,COLLEGE PRIVE MBOUTOU SOW,2,Pass,ADM,1,2006,13.5,10.92,11.39,11.64,14,11,13,10,10,5,0.0,0.0,0.0,260,10.0,10.0,9.76,19,183.35,127,9.67,402,0,1,0,1,0,1,1,1,0,4,10.556461538461537,10.403962264150943,52,322,17,4,3
 Kaolack,21,1,Deuxième Session,NULL,7.54,NON ADMIS,1,2018,M,S2,LYCEE DE TAIBA NIASSENE,O,Académie de Kaolack,TAIBA NIASSENE,LYCEE DE TAIBA NIASSENE,3,Pass,ADM,1,2008,11.52,11.79,11.29,11.33,11,12,12,6,7,8,0.0,0.0,0.0,261,10.04,10.04,10.29,22,156.6,508,7.54,676,0,1,0,1,0,1,1,0,0,4,10.556461538461537,10.432222222222222,134,258,134,4,3
 Thiès,60,1,Première Session,Passable,11.04,PASSE,1,2018,M,S2,COURS PRIVES SALMANE AL FARICI,O,Académie de Thiès,MBOUR,COMPLEXE SCOLAIRE INTERN-KEUR MADIOR,2,Pass,ADM,1,1995,12.56,11.15,12.19,13.02,12,12,10,8,7,8,0.0,0.0,0.0,266,10.23,10.23,10.59,23,171.0,236,111.03999999999999,63,0,1,0,1,0,1,1,2,1,0,10.54970588235294,10.625599999999999,77,33,20,14,9
 Fatick,5,1,Deuxième Session,NULL,3.73,NON ADMIS,1,2018,F,S2,LYCEE COUMBA NDOFFENE DIOUF,O,Académie de Fatick,FATICK,LYCEE COUMBA NDOFFENE DIOUF,1,Pass,ADM,1,1999,14.33,11.32,12.83,12.61,14,13,14,12,9,4,0.0,0.0,0.0,275,10.58,10.58,10.12,19,211.0,21,3.73,907,0,1,0,0,1,1,0,0,0,4,10.526071428571429,10.443,32,134,33,2,2
Sédhiou,50,1,Deuxième Session,NULL,10.8,AUTORISE,1,2018,M,S2,LYCEE DE DJIREDJI,O,Académie de Sédhiou,DJIREDJI,LYCEE DE DJIREDJI,2,Pass,ADM,1,2005,12.07,11.46,11.74,11.07,8,11,11,10,8,9,0.0,0.0,0.0,260,10.0,10.0,9.41,20,139.65,852,10.8,222,0,1,0,1,0,1,1,1,0,4,10.52925925925926,10.190000000000001,29,163,61,12,14
 Diourbel,60,1,Deuxième Session,Passable,11.3,PASSE,1,2018,M,S2,LYCEE DE MBACKE,O,Académie de Diourbel,MBACKE,LYCEE DE MBACKE,2,Pass,ADM,2,2004,11.46,9.82,11.49,10.39,7,9,8,7,10,6,0.0,0.0,0.0,208,8.0,10.04,9.41,21,116.85,1050,11.3,161,0,1,0,1,0,1,1,2,0,0,10.45184210526316,10.248947368421051,73,199,87,1,1
 Diourbel,45,1,Deuxième Session,NULL,9.14,AUTORISE,1,2018,M,S2,LYCEE D'ENSEIGNEMENT GENERAL DE DIOURBEL,O,Académie de Diourbel,DIOURBEL,LYCEE TECHNIQUE AMADOU BAMBA,1,Pass,ADM,1,1998,14.18,12.64,15.8,11.56,10,10,15,7,12,10,0.0,0.0,0.0,284,10.92,10.92,10.0,20,150.0,643,9.14,490,0,1,0,1,0,1,1,1,0,4,10.45184210526316,10.391739130434782,27,135,174,1,1
 Diourbel,24,1,Deuxième Session,NULL,8.98,NON ADMIS,1,2018,F,S2,LYCEE DE BAMBEY,O,Académie de Diourbel,BAMBEY,LYCEE DE BAMBEY,2,Pass,ADM,2,1995,10.53,9.36,10.89,10.01,9,9,8,8,6,7,0.0,0.0,0.0,212,8.15,10.0,10.76,23,128.25,993,8.98,507,0,1,0,0,1,1,0,0,0,4,10.45184210526316,10.1625,4,143,40,1,1
 Thiès,24,1,Deuxième Session,NULL,8.72,NON ADMIS,1,2018,M,S2,ECOLE PRIVEE ACADEMICA,O,Académie de Thiès,MBOUR,COMPLEXE SCOLAIRE INTERN-KEUR MADIOR,5,Pass,ADM,1,1994,12.34,11.35,13.49,13.94,13,11,14,11,9,7,0.0,0.0,0.0,275,10.58,10.58,10.18,24,150.45,640,8.72,538,0,1,0,1,0,1,1,0,0,4,10.54970588235294,10.625599999999999,77,51,20,14,9
 Thiès,60,1,Deuxième Session,Passable,10.51,PASSE,1,2018,M,S2,LYCEE ABABACAR SY,O,Académie de Thiès,TIVAOUANE,LYCEE ABABACAR SY,3,Pass,ADM,2,2008,11.0,10.21,11.49,11.85,11,14,7,5,7,5,0.0,0.0,0.0,231,8.88,10.23,12.0,20,172.8,219,10.51,269,0,1,0,1,0,1,1,2,0,0,10.54970588235294,10.565833333333332,145,112,26,14,9
 Kaolack,0,1,Deuxième Session,NULL,0.47,NON ADMIS,1,2018,F,S2,LYCEE EL HADJI ABDOU HAMID KANE,O,Académie de Kaolack,KAOLACK,COLLEGE PIE XII,1,Pass,ADM,2,1999,12.04,10.57,10.08,9.59,2,15,13,5,12,4,0.0,0.0,0.0,208,8.0,10.08,10.0,20,147.0,700,0.47,1015,0,1,0,0,1,1,0,0,0,4,10.556461538461537,10.403962264150943,52,281,16,4,3
 Louga,40,1,Deuxième Session,NULL,9.91,NON ADMIS,1,2018,M,S2,LYCEE MAME THIERNO BIRAHIM MBACKE,O,Académie de Louga,DAROU MOUSTY,LYCEE MAME THIERNO BIRAHIM MBACKE,2,Pass,ADM,2,2008,10.73,10.38,10.61,9.71,11,10,6,13,7,8,0.0,0.0,0.0,241,9.27,10.08,10.65,21,148.2,679,9.91,375,0,1,0,1,0,1,1,0,0,4,10.600980392156861,10.188571428571427,19,303,163,7,5
 Diourbel,60,1,Deuxième Session,Passable,10.07,PASSE,1,2018,M,S2,LYCEE DE NDONDOL,O,Académie de Diourbel,NDONDOL,LYCEE DE NDONDOL,1,Pass,ADM,2,2013,9.15,12.88,10.71,11.5,9,11,10,5,10,4,0.0,0.0,0.0,208,8.0,10.38,11.59,20,153.0,575,10.07,344,0,1,0,1,0,1,1,2,0,0,10.45184210526316,10.852,90,216,101,1,1
 Thiès,0,1,Deuxième Session,NULL,0.79,NON ADMIS,1,2018,F,S2,COLLEGE SAINT GABRIEL,O,Académie de Thiès,THIES,LYCEE D' ENSEIGNEMENT TECHNIQUE ET DE FORMATION PR,2,Pass,ADM,2,1998,11.07,11.92,10.91,9.16,6,15,11,10,10,5,0.0,0.0,0.0,245,9.42,10.12,9.41,20,162.45,368,0.79,1005,0,1,0,0,1,1,0,0,0,4,10.54970588235294,10.443461538461538,142,23,34,14,9
 Diourbel,60,1,Deuxième Session,Passable,10.82,PASSE,1,2018,F,S2,LYCEE DE PIKINE,O,Académie de Pikine - Guédiawaye,GUEDIAWAYE,CEM OGO DIOP,3,Pass,ADM,2,2002,10.3,10.64,12.04,10.76,6,12,13,6,6,6,0.0,0.0,0.0,231,8.88,10.88,11.18,21,129.6,985,10.82,218,0,1,0,0,1,1,0,2,0,0,10.529097744360902,10.416290322580645,43,242,13,9,1
 Tambacounda,26,1,Deuxième Session,NULL,8.84,NON ADMIS,1,2018,F,S2,LYCEE DE MALEME NIANI,O,Académie de Tambacounda,KOUMPENTOUM,LYCEE DE KOUMPENTOUM,3,Pass,ADM,2,1996,11.56,9.97,11.92,11.29,8,11,12,9,8,4,0.0,0.0,0.0,230,8.85,10.38,9.76,23,132.3,964,8.84,521,0,1,0,0,1,1,0,0,0,4,10.563333333333333,10.85,61,194,78,13,8
Kédougou,46,1,Deuxième Session,NULL,10.01,AUTORISE,1,2018,M,S2,"ECOLE PRIVEE LAIQUE ""LYCEE D'ELITE""",O,Académie de Tambacounda,TAMBACOUNDA,LYCEE MAME CHEIKH MBAYE,2,Pass,ADM,1,1997,10.36,11.08,11.85,10.85,14,10,12,14,9,4,0.0,0.0,0.0,260,10.0,10.0,9.06,21,165.29999999999998,316,10.01,356,0,1,0,1,0,1,1,1,0,4,10.563333333333333,10.5975,136,74,162,13,13
 Dakar,60,1,Deuxième Session,Passable,10.83,PASSE,1,2018,M,S2,LYCEE DE SANGALCAM,O,Académie de Rufisque,SANGALCAM,LYCEE DE SANGALCAM,2,Pass,ADM,2,1998,10.24,10.1,9.74,9.29,11,9,11,11,7,4,0.0,0.0,0.0,224,8.62,10.81,10.59,20,139.65,852,10.83,217,0,1,0,1,0,1,1,2,0,0,10.276041666666666,11.25,127,253,129,10,0
Sédhiou,14,1,Deuxième Session,NULL,7.36,NON ADMIS,1,2018,F,S2,LYCEE IBOU DIALLO,O,Académie de Sédhiou,SEDHIOU,LYCEE IBOU DIALLO,2,Pass,ADM,2,2010,10.95,10.88,9.33,9.06,6,10,8,10,10,6,0.0,0.0,0.0,210,8.08,10.0,10.0,20,119.69999999999999,1042,7.36,702,0,1,0,0,1,1,0,0,0,4,10.52925925925926,10.50375,129,288,152,12,14
 Tambacounda,25,1,Deuxième Session,NULL,7.39,NON ADMIS,1,2018,M,S2,LYCEE WAOUNDE NDIAYE,O,Académie de Tambacounda,BAKEL,LYCEE WAOUNDE NDIAYE,2,Pass,ADM,2,1998,9.58,11.5,10.18,10.4,7,15,9,5,7,4,0.0,0.0,0.0,218,8.38,10.65,11.29,20,168.15,272,7.39,697,0,1,0,1,0,1,1,0,0,4,10.563333333333333,10.241428571428571,2,323,178,13,8
 Thiès,50,1,Deuxième Session,NULL,10.08,AUTORISE,1,2018,M,S2,ECOLE PRIVEE SAHAD,O,Académie de Thiès,NGOUNDIANE,LYCEE DE NGOUNDIANE,3,Pass,ADM,2,1993,9.23,9.63,10.38,11.41,12,12,7,9,7,7,0.0,0.0,0.0,243,9.35,10.31,11.18,25,162.0,381,10.08,340,0,1,0,1,0,1,1,1,0,4,10.54970588235294,10.846363636363636,95,88,105,14,9
 Thiès,31,1,Deuxième Session,NULL,7.99,NON ADMIS,1,2018,F,S2,LYCEE MALICK SY,O,Académie de Thiès,THIES,COLLEGE SAINT GABRIEL,1,Pass,ADM,1,2006,11.23,12.01,10.7,11.09,9,11,8,11,12,8,0.0,0.0,0.0,260,10.0,10.0,9.35,19,163.0,345,7.99,628,0,1,0,0,1,1,0,0,0,4,10.54970588235294,10.443461538461538,142,301,19,14,9
 Diourbel,19,1,Deuxième Session,NULL,7.42,NON ADMIS,1,2018,F,S2,LYCEE AHMADOU NDACK SECK THIES,O,Académie de Thiès,THIES,CEM MAMADOU DIAW THIES,2,Pass,ADM,2,2010,10.7,10.37,9.62,10.73,11,10,8,5,10,5,0.0,0.0,0.0,218,8.38,10.58,11.35,20,148.2,679,7.42,691,0,1,0,0,1,1,0,0,0,4,10.54970588235294,10.443461538461538,142,114,10,14,1
 Fatick,30,1,Deuxième Session,NULL,9.64,NON ADMIS,1,2018,M,S2,LYCEE DE SOUM,O,Académie de Fatick,SOUM,LYCEE DE SOUM,1,Pass,ADM,1,2011,12.02,13.01,11.19,12.03,13,12,7,10,9,9,0.0,0.0,0.0,272,10.46,10.46,11.24,19,196.0,54,9.64,407,0,1,0,1,0,1,1,0,0,4,10.526071428571429,10.2875,132,256,132,2,2
 Kaolack,60,1,Première Session,Passable,10.84,PASSE,1,2018,M,S2,LYCEE EL HADJI IBRAHIMA BA KOUNGHEUL,O,Académie de Kaffrine,KOUNGHEUL,LYCEE EL HADJI IBRAHIMA BA KOUNGHEUL,1,Pass,ADM,1,1999,14.52,12.53,12.4,11.91,12,11,13,7,16,6,0.0,0.0,0.0,269,10.35,10.35,9.53,19,181.0,138,110.84,72,0,1,0,1,0,1,1,2,1,0,10.78076923076923,11.001999999999999,62,282,150,3,3
 Tambacounda,40,1,Deuxième Session,NULL,8.43,NON ADMIS,1,2018,F,S2,LYCEE DES PARCELLES ASSAINIES U13,O,Académie de Dakar,PARCELLES ASSAINIES,LYCEE SERGENT MALAMINE CAMARA,3,Pass,ADM,2,2007,10.85,11.4,10.17,9.53,10,11,5,5,5,10,0.0,0.0,0.0,230,8.85,10.35,11.82,22,143.1,768,8.43,575,0,1,0,0,1,1,0,0,0,4,10.570365853658537,10.494137931034482,108,278,169,0,8
 Dakar,0,1,Deuxième Session,NULL,2.24,NON ADMIS,1,2018,M,S2,LYCEE DE ROSS - BETHIO,O,Académie de Saint - Louis,ROSS BETHIO,LYCEE DE ROSS - BETHIO,2,Pass,ADM,1,2000,9.75,10.34,10.36,11.33,12,8,11,6,16,14,0.0,0.0,0.0,286,11.0,11.0,11.29,18,146.29999999999998,716,2.24,968,0,1,0,1,0,1,1,0,0,4,10.754035087719299,10.5,119,246,122,11,0
 Diourbel,60,1,Première Session,Passable,11.18,PASSE,1,2018,M,S1,LYCEE DE NDANGALMA,O,Académie de Diourbel,NDANGALMA,LYCEE DE NDANGALMA,1,Pass,ADM,1,2011,14.51,12.91,10.59,11.14,13,12,9,5,6,7,0.0,0.0,0.0,287,10.63,10.63,12.5,19,196.0,54,111.18,58,1,0,0,1,0,0,1,2,1,0,10.45184210526316,11.025,84,210,95,1,1
 Fatick,40,1,Deuxième Session,NULL,8.32,NON ADMIS,1,2018,M,S2,LYCEE DE TOUBACOUTA,O,Académie de Fatick,TOUBACOUTA,LYCEE DE TOUBACOUTA,2,Pass,ADM,2,1995,10.85,7.66,7.28,10.89,12,8,7,7,8,4,0.0,0.0,0.0,210,8.08,12.46,13.76,23,136.79999999999998,899,8.32,592,0,1,0,1,0,1,1,0,0,4,10.526071428571429,10.776,148,272,144,2,2
 Dakar,31,1,Deuxième Session,NULL,9.38,NON ADMIS,1,2018,F,S2,LYCEE BLAISE DIAGNE,O,Académie de Dakar,DAKAR,INSTITUTION NOTRE DAME,3,Pass,ADM,2,1995,10.74,9.09,10.61,11.46,15,8,7,7,4,5,0.0,0.0,0.0,213,8.19,10.81,12.88,23,145.8,717,9.38,448,0,1,0,0,1,1,0,0,0,4,10.570365853658537,10.612075471698114,17,122,25,0,0
 Kaolack,14,1,Deuxième Session,NULL,5.79,NON ADMIS,1,2018,F,S2,CANDIDAT INDIVIDUEL DE PIKINE (CAOSP),I,Académie de Pikine - Guédiawaye,GUEDIAWAYE,CEM UNITE 19,5,Pass,ADM,2,2006,0.0,0.0,0.0,0.0,9,10,5,5,9,6,0.0,0.0,0.0,209,8.04,10.12,10.41,23,122.39999999999999,1034,5.79,821,0,1,0,0,1,1,0,0,0,4,10.529097744360902,10.416290322580645,43,4,15,9,3
 Diourbel,45,1,Deuxième Session,NULL,9.66,AUTORISE,1,2018,M,S2,LYCEE EL HADJI IBRAHIMA DIOP DE YEUMBEUL,O,Académie de Pikine - Guédiawaye,PIKINE,LYCEE DE THIAROYE,1,Pass,ADM,1,1998,13.62,13.01,13.09,11.45,12,11,11,9,14,4,0.0,0.0,0.0,260,10.0,10.0,8.82,20,171.0,236,9.66,404,0,1,0,1,0,1,1,1,0,4,10.529097744360902,10.27,113,283,139,9,1
 Kaolack,40,1,Deuxième Session,NULL,8.78,NON ADMIS,1,2018,M,S2,LYCEE DE KOUTAL,O,Académie de Kaolack,KOUTAL,LYCEE DE KOUTAL,2,Pass,ADM,2,1996,10.2,10.68,10.19,11.02,11,10,8,5,11,6,0.0,0.0,0.0,227,8.73,10.73,11.0,22,148.2,679,8.78,528,0,1,0,1,0,1,1,0,0,4,10.556461538461537,10.692857142857141,64,188,80,4,3
 Diourbel,25,1,Deuxième Session,NULL,8.35,NON ADMIS,1,2018,M,S2,LYCEE DE NGOYE,O,Académie de Diourbel,NGOYE,LYCEE DE NGOYE,3,Pass,ADM,2,2008,10.07,11.68,9.14,10.0,10,11,7,8,7,9,0.0,0.0,0.0,245,9.42,11.27,12.12,21,143.1,768,8.35,588,0,1,0,1,0,1,1,0,0,4,10.45184210526316,10.527142857142858,96,223,106,1,1
 Saint-Louis,60,1,Deuxième Session,Passable,10.59,PASSE,1,2018,F,S2,LYCEE MAITRE ABDOULAYE WADE,O,Académie de Saint - Louis,DAGANA,LYCEE MAITRE ABDOULAYE WADE,1,Pass,ADM,2,1998,9.72,12.01,9.19,8.84,10,10,7,8,9,13,0.0,0.0,0.0,252,9.69,12.77,14.82,20,150.0,643,10.59,256,0,1,0,0,1,1,0,2,0,0,10.754035087719299,11.115,15,299,160,11,7
 Diourbel,44,1,Deuxième Session,NULL,9.64,AUTORISE,1,2018,M,S2,LYCEE DE NDONDOL,O,Académie de Diourbel,NDONDOL,LYCEE DE NDONDOL,1,Pass,ADM,2,2010,9.42,13.31,9.34,10.54,9,10,7,4,10,6,0.0,0.0,0.0,210,8.08,10.35,11.24,20,144.0,760,9.64,407,0,1,0,1,0,1,1,1,0,4,10.45184210526316,10.852,90,216,101,1,1
 Dakar,60,1,Deuxième Session,Passable,10.52,PASSE,1,2018,M,S2,LYCEE DE PIKINE,O,Académie de Pikine - Guédiawaye,GUEDIAWAYE,LYCEE SEYDINA LIMAMOULAYE,1,Pass,ADM,1,1997,14.92,12.0,11.91,12.35,14,9,12,7,11,7,0.0,0.0,0.0,260,10.0,10.0,9.76,21,165.0,329,10.52,265,0,1,0,1,0,1,1,2,0,0,10.529097744360902,10.416290322580645,43,242,173,9,0
 Diourbel,15,1,Deuxième Session,NULL,7.4,NON ADMIS,1,2018,M,S2,LYCEE DE BAMBEY SERERE,O,Académie de Diourbel,BAMBEY SERERE,LYCEE DE BAMBEY SERERE,1,Pass,ADM,2,2010,11.54,9.85,9.08,9.82,9,9,6,9,8,4,0.0,0.0,0.0,208,8.0,12.04,12.88,19,145.0,753,7.4,693,0,1,0,1,0,1,1,0,0,4,10.45184210526316,10.831999999999999,5,144,41,1,1
 Kolda,60,1,Première Session,Assez-Bien,12.89,PASSE,1,2018,M,S2,LYCEE CHERIF SAMSIDINE AIDARA,O,Académie de Kolda,VELINGARA,CEM IV DE VELINGARA,1,Pass,ADM,1,2010,14.11,10.93,12.11,13.13,11,14,7,6,7,9,0.0,0.0,0.0,260,10.0,10.0,11.35,19,202.0,36,112.89,11,0,1,0,1,0,1,1,2,1,1,10.615862068965518,10.844999999999999,150,131,7,5,4
Kaffrine,16,1,Deuxième Session,NULL,7.0,NON ADMIS,1,2018,M,S2,LYCEE DE KOUTAL,O,Académie de Kaolack,KOUTAL,LYCEE DE KOUTAL,3,Pass,ADM,1,1994,11.4,10.87,11.22,13.15,11,11,9,10,10,8,0.0,0.0,0.0,260,10.0,10.0,9.94,24,148.5,670,7.0,739,0,1,0,1,0,1,1,0,0,4,10.556461538461537,10.692857142857141,64,188,80,4,12
Kaffrine,60,1,Deuxième Session,Passable,11.4,PASSE,1,2018,M,S2,LYCEE MODERNE DE RUFISQUE,O,Académie de Rufisque,RUFISQUE,LYCEE MODERNE DE RUFISQUE,1,Pass,ADM,1,2000,12.87,13.9,11.55,10.34,8,12,10,5,12,10,0.0,0.0,0.0,260,10.0,10.0,10.12,19,166.0,300,11.4,154,0,1,0,1,0,1,1,2,0,0,10.276041666666666,10.287826086956523,120,308,165,10,12
 Thiès,60,1,Deuxième Session,Passable,10.1,PASSE,1,2018,M,S2,LYCEE CHEIKH MOURATH NDAO,O,Académie de Thiès,MEKHE,CEM  CHEIKH MOURATH NDAO DE MEKHE,1,Pass,ADM,1,2009,11.67,11.05,9.85,10.22,13,14,9,4,3,10,0.0,0.0,0.0,273,10.5,10.5,12.29,19,214.0,16,10.1,334,0,1,0,1,0,1,1,2,0,0,10.54970588235294,10.262727272727274,80,130,0,14,9
 Kaolack,0,1,Deuxième Session,NULL,0.34,NON ADMIS,1,2018,F,S2,LYCEE VALDIODIO NDIAYE,O,Académie de Kaolack,KAOLACK,COLLEGE PIE XII,2,Pass,ADM,1,1997,10.48,10.0,8.59,9.79,12,14,10,7,10,6,0.0,0.0,0.0,264,10.15,10.15,10.59,21,188.1,93,0.34,1038,0,1,0,0,1,1,0,0,0,4,10.556461538461537,10.403962264150943,52,322,16,4,3
 Thiès,0,1,Deuxième Session,NULL,0.41,NON ADMIS,1,2018,M,S2,CANDIDAT INDIVIDUEL DE DAKAR (CAOSP),I,Académie de Dakar,DAKAR,UNIVERSITE AMADOU HAMPATE BA,4,Pass,ADM,2,2004,0.0,0.0,0.0,0.0,8,11,8,12,9,6,0.0,0.0,0.0,225,8.65,10.0,10.06,23,124.95,1021,0.41,1025,0,1,0,1,0,1,1,0,0,4,10.570365853658537,10.612075471698114,17,3,181,0,9
 Dakar,60,1,Deuxième Session,Passable,11.8,PASSE,1,2018,M,S2,LYCEE DE KOUNOUNE,O,Académie de Rufisque,JAXAAY,LYCEE PLAN JAXAAY,1,Pass,ADM,1,1999,11.81,11.32,10.19,12.09,9,11,8,6,8,13,0.0,0.0,0.0,260,10.0,10.0,11.12,19,163.0,345,11.8,126,0,1,0,1,0,1,1,2,0,0,10.276041666666666,10.262,46,187,166,10,0
Sédhiou,15,1,Deuxième Session,NULL,3.91,NON ADMIS,1,2018,M,S2,LYCEE DE TANAFF,O,Académie de Sédhiou,TANAFF,LYCEE DE TANAFF,1,Pass,ADM,2,2010,15.16,13.64,11.74,11.28,7,11,9,6,5,7,0.0,0.0,0.0,214,8.23,10.81,11.76,19,151.0,631,3.91,898,0,1,0,1,0,1,1,0,0,4,10.52925925925926,10.862,137,259,135,12,14
 Diourbel,0,1,Deuxième Session,NULL,0.23,NON ADMIS,1,2018,M,S2,LYCEE DE BAMBEY SERERE,O,Académie de Diourbel,BAMBEY SERERE,LYCEE DE BAMBEY SERERE,2,Pass,ADM,2,2008,10.52,11.27,10.47,9.83,7,12,8,9,6,4,0.0,0.0,0.0,209,8.04,10.12,10.88,21,142.5,790,0.23,1049,0,1,0,1,0,1,1,0,0,4,10.45184210526316,10.831999999999999,5,144,41,1,1
 Thiès,16,1,Deuxième Session,NULL,6.27,NON ADMIS,1,2018,F,S2,LYCEE DE SALY,O,Académie de Thiès,SALY,LYCEE DE SALY,3,Pass,ADM,2,2001,11.45,9.73,7.09,8.33,11,9,9,5,7,9,0.0,0.0,0.0,235,9.04,12.04,13.47,22,132.3,964,6.27,795,0,1,0,0,1,1,0,0,0,4,10.54970588235294,11.376666666666667,124,250,126,14,9
 Dakar,20,1,Deuxième Session,NULL,5.2,NON ADMIS,1,2018,M,S2,ECOLE PRIVEE CHERIF ABDOULAYE THIAW LAYE,O,Académie de Pikine - Guédiawaye,KEUR MASSAR,LYCEE ZONE DE RECASEMENT DE KEUR MASSAR ,2,Pass,ADM,2,1995,0.0,0.0,0.0,0.0,7,10,7,10,10,6,0.0,0.0,0.0,209,8.04,10.08,10.53,23,125.39999999999999,1013,5.2,850,0,1,0,1,0,1,1,0,0,4,10.529097744360902,10.795238095238094,57,54,179,9,0
 Louga,20,1,Deuxième Session,NULL,6.14,NON ADMIS,1,2018,M,S2,ECOLE PRIVEE MAME ABDOU DABAKH ,O,Académie de Dakar,PARCELLES ASSAINIES,CEM UNITE 19,1,Pass,ADM,2,2000,12.35,10.05,10.56,11.59,10,10,13,9,7,5,0.0,0.0,0.0,227,8.73,10.38,10.29,18,160.0,403,6.14,803,0,1,0,1,0,1,1,0,0,4,10.570365853658537,10.494137931034482,108,80,15,0,5
 Thiès,20,1,Deuxième Session,NULL,5.66,NON ADMIS,1,2018,F,S2,LYCEE CHEIKH MOUHAMADOU MOUSTAPHA MBACKE,O,Académie de Diourbel,DIOURBEL,LYCEE D'ENSEIGNEMENT GENERAL DE DIOURBEL,1,Pass,ADM,2,1998,11.57,10.84,10.73,12.53,9,13,11,8,9,4,0.0,0.0,0.0,241,9.27,10.42,10.41,20,171.0,236,5.66,832,0,1,0,0,1,1,0,0,0,4,10.45184210526316,10.391739130434782,27,129,35,1,9
 Fatick,60,1,Deuxième Session,Passable,10.47,PASSE,1,2018,F,S2,LYCEE DE PASSY,O,Académie de Fatick,PASSY,LYCEE DE PASSY,2,Pass,ADM,2,2010,10.7,10.71,8.87,8.42,8,10,7,5,8,9,0.0,0.0,0.0,221,8.5,10.35,11.18,19,140.6,839,10.47,274,0,1,0,0,1,1,0,2,0,0,10.526071428571429,10.546000000000001,109,237,116,2,2
 Fatick,16,1,Deuxième Session,NULL,6.83,NON ADMIS,1,2018,F,S2,LYCEE COUMBA NDOFFENE DIOUF,O,Académie de Fatick,FATICK,LYCEE COUMBA NDOFFENE DIOUF,2,Pass,ADM,2,1997,9.55,9.72,10.35,10.7,7,13,11,8,6,8,0.0,0.0,0.0,246,9.46,10.15,9.82,21,151.04999999999998,602,6.83,751,0,1,0,0,1,1,0,0,0,4,10.526071428571429,10.443,32,134,33,2,2
 Kaolack,24,1,Deuxième Session,NULL,8.61,NON ADMIS,1,2018,M,S2,LYCEE SAMBA DIONE DE GANDIAYE,O,Académie de Kaolack,GANDIAYE,LYCEE SAMBA DIONE DE GANDIAYE,2,Pass,ADM,1,2008,10.11,10.74,10.92,11.56,14,12,7,12,7,7,0.0,0.0,0.0,260,10.0,10.0,10.82,21,182.39999999999998,131,8.61,551,0,1,0,1,0,1,1,0,0,4,10.556461538461537,10.765,37,312,168,4,3
 Kaolack,41,1,Deuxième Session,NULL,9.03,NON ADMIS,1,2018,M,S2,LYCEE DE TAIBA NIASSENE,O,Académie de Kaolack,TAIBA NIASSENE,LYCEE DE TAIBA NIASSENE,2,Pass,ADM,1,1998,11.86,9.99,10.35,10.53,12,11,6,5,8,11,0.0,0.0,0.0,260,10.0,10.0,11.29,20,162.45,368,9.03,501,0,1,0,1,0,1,1,0,0,4,10.556461538461537,10.432222222222222,134,258,134,4,3
 Thiès,60,1,Première Session,Assez-Bien,12.52,PASSE,1,2018,M,S2,LYCEE COUMBA DIACK GUEYE KHOMBOLE,O,Académie de Thiès,KHOMBOLE,CEM COUMBA DIACK GUEYE DE KHOMBOLE,1,Pass,ADM,1,2010,10.89,11.57,11.32,11.88,6,16,9,11,8,8,0.0,0.0,0.0,265,10.19,10.19,10.24,19,190.0,81,112.52,17,0,1,0,1,0,1,1,2,1,1,10.54970588235294,10.27,58,133,2,14,9
 Dakar,60,1,Deuxième Session,Assez-Bien,12.11,PASSE,1,2018,M,S2,ECOLE PRIVEE LA  FAMILIALE,O,Académie de Pikine - Guédiawaye,KEUR MASSAR,LYCEE ZONE DE RECASEMENT DE KEUR MASSAR ,1,Pass,ADM,1,1999,13.01,13.03,13.07,13.18,14,13,11,8,8,4,0.0,0.0,0.0,260,10.0,10.0,10.12,19,211.0,21,12.11,115,0,1,0,1,0,1,1,2,0,1,10.529097744360902,10.795238095238094,57,66,179,9,0
 Louga,60,1,Première Session,Passable,11.66,PASSE,1,2018,M,S2,NOUVEAU LYCEE DE LOUGA,O,Académie de Louga,LOUGA,LYCEE MALICK SALL,1,Pass,ADM,1,2011,12.94,11.07,12.17,13.12,13,10,13,7,10,7,0.0,0.0,0.0,260,10.0,10.0,9.82,19,178.0,166,111.66,39,0,1,0,1,0,1,1,2,1,0,10.600980392156861,10.55,68,327,161,7,5
 Tambacounda,25,1,Deuxième Session,NULL,8.0,NON ADMIS,1,2018,M,S2,LYCEE BOUNA SEMOU NIANG DE KOUMPENTOUM,O,Académie de Tambacounda,KOUMPENTOUM,LYCEE DE KOUMPENTOUM,2,Pass,ADM,2,1994,10.67,10.79,10.09,10.09,8,11,8,7,5,5,0.0,0.0,0.0,210,8.08,10.15,11.0,24,139.65,852,8.0,626,0,1,0,1,0,1,1,0,0,4,10.563333333333333,10.85,61,125,78,13,8
 Kaolack,60,1,Deuxième Session,Passable,10.51,PASSE,1,2018,F,S2,LYCEE VALDIODIO NDIAYE,O,Académie de Kaolack,KAOLACK,COLLEGE PRIVE MBOUTOU SOW,1,Pass,ADM,2,2000,11.22,12.24,10.21,11.46,9,13,8,5,7,5,0.0,0.0,0.0,215,8.27,10.08,11.06,18,181.0,138,10.51,269,0,1,0,0,1,1,0,2,0,0,10.556461538461537,10.403962264150943,52,322,17,4,3
 Dakar,24,1,Deuxième Session,NULL,5.45,NON ADMIS,1,2018,M,S2,LYCEE SEYDINA ISSA ROHOU LAHI,O,Académie de Pikine - Guédiawaye,GUEDIAWAYE,ECOLE NANSEN,1,Pass,ADM,1,1999,13.73,11.9,11.39,10.82,9,12,13,5,10,8,0.0,0.0,0.0,260,10.0,10.0,9.71,19,172.0,222,5.45,838,0,1,0,1,0,1,1,0,0,4,10.529097744360902,10.416290322580645,43,319,24,9,0
 Saint-Louis,60,1,Deuxième Session,Passable,10.1,PASSE,1,2018,M,S2,CANDIDAT INDIVIDUEL SAINT - LOUIS (CAOSP),I,Académie de Saint - Louis,SAINT LOUIS,LYCEE DE CAS CAS,3,Pass,ADM,1,2007,0.0,0.0,0.0,0.0,16,11,8,6,11,6,0.0,0.0,0.0,260,10.0,10.0,10.71,23,175.5,189,10.1,334,0,1,0,1,0,1,1,2,0,0,10.754035087719299,10.278,121,11,49,11,7
 Kaolack,21,1,Deuxième Session,NULL,6.77,NON ADMIS,1,2018,M,S2,LYCEE DE GOUDOMP,O,Académie de Sédhiou,GOUDOMP ,LYCEE DE GOUDOMP,3,Pass,ADM,1,1997,10.29,10.0,11.98,11.26,9,12,10,6,8,8,0.0,0.0,0.0,260,10.0,10.0,9.71,21,145.8,717,6.77,761,0,1,0,1,0,1,1,0,0,4,10.52925925925926,10.190000000000001,42,173,69,12,3
 Thiès,0,1,Deuxième Session,NULL,0.4,NON ADMIS,1,2018,M,S2,LYCEE DE MBORO,O,Académie de Thiès,MBORO,LYCEE DE MBORO,3,Pass,ADM,2,2002,10.42,10.13,9.43,10.0,10,11,7,8,6,8,0.0,0.0,0.0,232,8.92,10.77,11.76,23,143.1,768,0.4,1026,0,1,0,1,0,1,1,0,0,4,10.54970588235294,10.43,75,202,89,14,9
 Thiès,35,1,Deuxième Session,NULL,9.15,NON ADMIS,1,2018,M,S2,LYCEE DE NGOUNDIANE,O,Académie de Thiès,NGOUNDIANE,LYCEE DE NGOUNDIANE,1,Pass,ADM,2,1998,11.97,10.86,10.13,10.25,11,9,7,3,9,7,0.0,0.0,0.0,234,9.0,13.23,14.18,20,147.0,700,9.15,485,0,1,0,1,0,1,1,0,0,4,10.54970588235294,10.846363636363636,95,222,105,14,9
 Dakar,10,1,Deuxième Session,NULL,4.15,NON ADMIS,1,2018,M,S2,INSTITUTION SCOLAIRE REMINISCENCE,I,Académie de Pikine - Guédiawaye,GUEDIAWAYE,CEM JOSEPH CORREA A,2,Pass,ADM,2,2007,0.0,0.0,0.0,0.0,10,10,7,8,11,4,0.0,0.0,0.0,208,8.0,10.08,11.06,20,142.5,790,4.15,889,0,1,0,1,0,1,1,0,0,4,10.529097744360902,10.416290322580645,43,110,8,9,0
 Thiès,50,1,Deuxième Session,NULL,10.01,AUTORISE,1,2018,M,S2,LYCEE ABABACAR SY,O,Académie de Thiès,TIVAOUANE,LYCEE ABABACAR SY,2,Pass,ADM,2,1996,12.34,10.89,11.71,11.02,9,9,7,10,5,7,0.0,0.0,0.0,219,8.42,10.0,10.71,22,128.25,993,10.01,356,0,1,0,1,0,1,1,1,0,4,10.54970588235294,10.565833333333332,145,112,26,14,9
 Fatick,45,1,Deuxième Session,NULL,9.65,AUTORISE,1,2018,M,S2,LYCEE DE LOUL SESSENE,O,Académie de Fatick,LOUL SESSENE,LYCEE DE LOUL SESSENE,1,Pass,ADM,2,2009,12.38,14.22,11.48,9.85,13,10,6,5,5,6,0.0,0.0,0.0,214,8.23,11.23,13.35,20,168.0,284,9.65,405,0,1,0,1,0,1,1,1,0,4,10.526071428571429,10.53,69,191,82,2,2
 Kolda,60,1,Première Session,Passable,11.15,PASSE,1,2018,M,S2,LYCEE ALPHA MOLO BALDE,O,Académie de Kolda,KOLDA,LYCEE ALPHA MOLO BALDE,1,Pass,ADM,2,2010,12.9,13.7,11.55,12.14,13,12,9,7,6,3,0.0,0.0,0.0,230,8.85,10.58,11.59,19,196.0,54,111.15,59,0,1,0,1,0,1,1,2,1,0,10.615862068965518,10.507222222222222,60,118,29,5,4
 Saint-Louis,60,1,Deuxième Session,Passable,11.56,PASSE,1,2018,M,S2,LYCEE DE NDOULOUMADJI,O,Académie de Matam,NDOULOUMADJI,LYCEE DE NDOULOUMADJI,1,Pass,ADM,1,2006,12.54,11.77,8.33,9.04,11,13,13,10,7,10,0.0,0.0,0.0,289,11.12,11.12,11.35,19,193.0,67,11.56,144,0,1,0,1,0,1,1,2,0,0,10.74148148148148,10.794,91,217,102,8,7
 Fatick,60,1,Première Session,Passable,10.46,PASSE,1,2018,M,S2,LYCEE ELHADJ MAMADOU DIOUF,O,Académie de Fatick,FOUNDIOUGNE,LYCEE ELHADJ MAMADOU DIOUF,1,Pass,ADM,1,2008,15.93,14.16,12.79,13.31,14,12,8,5,12,8,0.0,0.0,0.0,260,10.0,10.0,11.18,20,192.0,74,110.46000000000001,87,0,1,0,1,0,1,1,2,1,0,10.526071428571429,10.325,34,285,151,2,2
 Saint-Louis,60,1,Deuxième Session,Passable,11.17,PASSE,1,2018,M,S2,LYCEE DE DEMETTE,O,Académie de Saint - Louis,DEMETTE,LYCEE DE DEMETTE,1,Pass,ADM,2,2006,12.22,12.52,8.84,11.35,11,9,12,8,8,5,0.0,0.0,0.0,222,8.54,10.23,10.65,19,157.0,474,11.17,172,0,1,0,1,0,1,1,2,0,0,10.754035087719299,10.115,20,154,53,11,7
 Kolda,60,1,Deuxième Session,Passable,11.02,PASSE,1,2018,F,S2,LYCEE DE BOUNKILING,O,Académie de Sédhiou,BOUNKILING,LYCEE DE BOUNKILING,2,Pass,ADM,1,2009,10.85,11.58,13.55,13.15,13,10,10,7,7,8,0.0,0.0,0.0,260,10.0,10.0,10.18,22,159.6,429,11.02,188,0,1,0,0,1,1,0,2,0,0,10.52925925925926,10.854,12,151,48,12,4
 Kaolack,11,1,Deuxième Session,NULL,7.09,NON ADMIS,1,2018,F,S2,LYCEE SAMBA DIONE DE GANDIAYE,O,Académie de Kaolack,GANDIAYE,LYCEE SAMBA DIONE DE GANDIAYE,2,Pass,ADM,2,1995,11.0,11.61,10.22,10.52,6,12,14,10,10,5,0.0,0.0,0.0,231,8.88,10.35,9.76,23,136.79999999999998,899,7.09,726,0,1,0,0,1,1,0,0,0,4,10.556461538461537,10.765,37,312,168,4,3
 Diourbel,5,1,Deuxième Session,NULL,2.89,NON ADMIS,1,2018,F,S2,"ECOLE PRIVEE FRANCO ARABE ""CHEIKH AHMADOU BAMBA MBACKE""",O,Académie de Diourbel,MBACKE,LYCEE DE MBACKE,3,Pass,ADM,2,1997,9.98,10.59,11.02,11.22,7,10,10,4,5,8,0.0,0.0,0.0,208,8.0,10.08,11.41,21,118.8,1043,2.89,949,0,1,0,0,1,1,0,0,0,4,10.45184210526316,10.248947368421051,73,61,87,1,1
 Thiès,46,1,Deuxième Session,NULL,9.8,AUTORISE,1,2018,F,S2,LYCEE AHMADOU NDACK SECK THIES,O,Académie de Thiès,THIES,ECOLE ELEMENTAIRE GERMAINE LE GOFF DE THIES,2,Pass,ADM,1,2009,12.42,12.66,10.53,11.67,8,13,10,10,4,12,0.0,0.0,0.0,260,10.0,10.0,11.18,19,166.25,294,9.8,386,0,1,0,0,1,1,0,1,0,4,10.54970588235294,10.443461538461538,142,114,22,14,9
Kaffrine,60,1,Deuxième Session,Passable,10.0,PASSE,1,2018,M,S2,LYCEE DE BOULEL,O,Académie de Kaffrine,BOULEL,LYCEE DE BOULEL,1,Pass,ADM,2,2011,12.3,11.51,10.15,10.25,7,11,7,10,8,4,0.0,0.0,0.0,208,8.0,11.58,12.29,18,151.0,631,10.0,359,0,1,0,1,0,1,1,2,0,0,10.78076923076923,11.553333333333333,11,150,47,3,12
 Louga,25,1,Deuxième Session,NULL,8.29,NON ADMIS,1,2018,M,S2,LYCEE DE DAHRA,O,Académie de Louga,DAHRA,LYCEE DE DAHRA,3,Pass,ADM,2,1996,0.0,10.89,10.99,10.69,8,10,8,8,7,6,0.0,0.0,0.0,219,8.42,10.15,9.76,22,124.2,1025,8.29,595,0,1,0,1,0,1,1,0,0,4,10.600980392156861,10.696666666666665,16,153,52,7,5
Kaffrine,60,1,Première Session,Passable,11.45,PASSE,1,2018,M,S2,NOUVEAU LYCEE DE KAOLACK,O,Académie de Kaolack,KAOLACK,COLLEGE PRIVE MBOUTOU SOW,1,Pass,ADM,2,2010,12.96,12.7,9.13,10.38,7,12,13,8,10,4,0.0,0.0,0.0,221,8.5,10.08,10.12,20,150.0,643,111.45,47,0,1,0,1,0,1,1,2,1,0,10.556461538461537,10.403962264150943,52,326,17,4,12
 Dakar,60,1,Deuxième Session,Passable,11.18,PASSE,1,2018,M,S2,LYCEE DE PIKINE EST,O,Académie de Pikine - Guédiawaye,GUEDIAWAYE,LYCEE BANQUE ISLAMIQUE,2,Pass,ADM,1,1998,11.12,10.85,12.1,12.42,6,15,8,5,7,11,0.0,0.0,0.0,262,10.08,10.08,10.94,20,162.45,368,11.18,170,0,1,0,1,0,1,1,2,0,0,10.529097744360902,10.416290322580645,43,243,32,9,0
 Kaolack,5,1,Deuxième Session,NULL,1.65,NON ADMIS,1,2018,M,S2,LYCEE DE KEUR MADIABEL,O,Académie de Kaolack,KEUR MADIABEL,LYCEE DE KEUR MADIABEL,1,Pass,ADM,2,2005,11.71,12.87,11.2,11.38,10,10,8,6,9,5,0.0,0.0,0.0,221,8.5,10.35,10.71,20,150.0,643,1.65,982,0,1,0,1,0,1,1,0,0,4,10.556461538461537,10.666,56,183,76,4,3
 Thiès,10,1,Deuxième Session,NULL,2.31,NON ADMIS,1,2018,F,S2,COURS PRIVES SYNERGIES,O,Académie de Rufisque,RUFISQUE,LYCEE MODERNE DE RUFISQUE,4,Pass,ADM,2,2007,11.37,9.97,8.3,8.73,7,13,5,11,7,6,0.0,0.0,0.0,227,8.73,10.12,9.82,23,135.15,915,2.31,965,0,1,0,0,1,1,0,0,0,4,10.276041666666666,10.287826086956523,120,36,165,10,9
 Thiès,60,1,Deuxième Session,Assez-Bien,12.82,PASSE,1,2018,F,S2,LYCEE DE NGUENIENE,O,Académie de Thiès,NGUENIENE,LYCEE DE NGUENIENE,1,Pass,ADM,1,1998,12.14,12.32,10.63,11.17,8,12,11,6,9,11,0.0,0.0,0.0,260,10.0,10.0,10.47,20,156.0,514,12.82,101,0,1,0,0,1,1,0,2,0,1,10.54970588235294,10.0,98,225,108,14,9
 Thiès,60,1,Deuxième Session,Passable,10.61,PASSE,1,2018,M,S2,LYCEE DAROU KHOUDOSS ,O,Académie de Thiès,DAROU KHOUDOSS,LYCEE DAROU KHOUDOSS ,1,Pass,ADM,1,2011,12.17,11.32,11.1,11.1,11,13,10,6,4,11,0.0,0.0,0.0,260,10.0,10.0,11.71,20,183.0,128,10.61,253,0,1,0,1,0,1,1,2,0,0,10.54970588235294,10.01,18,136,36,14,9
 Dakar,26,1,Deuxième Session,NULL,8.0,NON ADMIS,1,2018,M,S2,LYCEE EL HADJI IBRAHIMA DIOP DE YEUMBEUL,O,Académie de Pikine - Guédiawaye,PIKINE,CEM THIAROYE 44,1,Pass,ADM,2,2007,10.87,10.83,12.26,10.56,8,13,8,12,3,7,0.0,0.0,0.0,234,9.0,10.04,9.76,20,165.0,329,8.0,626,0,1,0,1,0,1,1,0,0,4,10.529097744360902,10.27,113,283,14,9,0
 Dakar,14,1,Deuxième Session,NULL,6.32,NON ADMIS,1,2018,F,S2,LYCEE DE SALDE,O,Académie de Saint - Louis,PETE,LYCEE DE PETE,3,Pass,ADM,1,1994,10.28,10.49,13.55,12.24,10,10,14,13,8,7,0.0,0.0,0.0,268,10.31,10.31,8.94,24,135.0,921,6.32,791,0,1,0,0,1,1,0,0,0,4,10.754035087719299,10.716666666666669,112,247,119,11,0
 Louga,60,1,Deuxième Session,Passable,10.23,PASSE,1,2018,M,S2,LYCEE DE BARKEDJI,O,Académie de Louga,LINGUERE,LYCEE ALBOURY NDIAYE,1,Pass,ADM,1,2011,13.96,13.74,12.5,12.68,9,10,13,12,13,7,0.0,0.0,0.0,260,10.0,10.0,8.65,19,154.0,523,10.23,310,0,1,0,1,0,1,1,2,0,0,10.600980392156861,10.0,67,146,27,7,5
 Dakar,25,1,Deuxième Session,NULL,7.9,NON ADMIS,1,2018,F,S2,LYCEE SERGENT MALAMINE CAMARA,O,Académie de Dakar,PARCELLES ASSAINIES,LYCEE SERGENT MALAMINE CAMARA,1,Pass,ADM,2,1997,13.38,9.87,11.44,10.09,10,12,6,7,5,7,0.0,0.0,0.0,227,8.73,10.23,10.71,21,168.0,284,7.9,638,0,1,0,0,1,1,0,0,0,4,10.570365853658537,10.494137931034482,108,313,169,0,0
 Kolda,60,1,Deuxième Session,Passable,10.32,PASSE,1,2018,M,S2,LYCEE DE  SARE YOBA DIEGA,O,Académie de Kolda,KOLDA,LYCEE ALPHA MOLO BALDE,1,Pass,ADM,2,2010,14.97,14.1,12.34,9.25,5,13,13,8,9,3,0.0,0.0,0.0,208,8.0,10.85,11.0,18,157.0,474,10.32,294,0,1,0,1,0,1,1,2,0,0,10.615862068965518,10.507222222222222,60,137,29,5,4
 Diourbel,0,1,Deuxième Session,NULL,0.27,NON ADMIS,1,2018,F,S2,LYCEE SEYDINA LIMAMOULAYE,O,Académie de Pikine - Guédiawaye,GUEDIAWAYE,CEM OGO DIOP,1,Pass,ADM,2,2000,10.84,9.88,9.15,10.69,6,11,8,7,9,8,0.0,0.0,0.0,229,8.81,10.35,9.94,19,145.0,753,0.27,1045,0,1,0,0,1,1,0,0,0,4,10.529097744360902,10.416290322580645,43,320,13,9,1
 Louga,25,1,Deuxième Session,NULL,7.66,NON ADMIS,1,2018,M,S2,NOUVEAU LYCEE DE DAHRA ,O,Académie de Louga,DAHRA,LYCEE DE DAHRA,2,Pass,ADM,2,2006,9.08,10.2,10.86,11.02,10,10,12,11,6,7,0.0,0.0,0.0,245,9.42,10.0,9.65,21,142.5,790,7.66,666,0,1,0,1,0,1,1,0,0,4,10.600980392156861,10.696666666666665,16,325,52,7,5
 Louga,60,1,Deuxième Session,Passable,11.02,PASSE,1,2018,M,S2,NOUVEAU LYCEE DE LOUGA,O,Académie de Louga,LOUGA,LYCEE MALICK SALL,1,Pass,ADM,2,1998,11.76,11.23,10.49,11.78,12,12,8,5,4,9,0.0,0.0,0.0,244,9.38,10.0,11.29,20,180.0,155,11.02,188,0,1,0,1,0,1,1,2,0,0,10.600980392156861,10.55,68,327,161,7,5
 Thiès,40,1,Deuxième Session,NULL,9.31,NON ADMIS,1,2018,M,S2,"GROUPE SCOLAIRE ""PASTEEF""",O,Académie de Thiès,MBOUR,LYCEE DEMBA DIOP,4,Pass,ADM,2,2006,10.89,9.84,12.09,14.05,11,9,10,6,11,4,0.0,0.0,0.0,224,8.62,12.58,13.12,24,124.95,1021,9.31,466,0,1,0,1,0,1,1,0,0,4,10.54970588235294,10.625599999999999,77,93,148,14,9
 Fatick,15,1,Deuxième Session,NULL,7.58,NON ADMIS,1,2018,F,S2,LYCEE MACODOU NDIAYE DE SOKONE,O,Académie de Fatick,SOKONE,LYCEE MACODOU NDIAYE DE SOKONE,3,Pass,ADM,2,2017,12.72,9.76,11.32,10.79,10,12,6,9,7,4,0.0,0.0,0.0,218,8.38,10.81,11.76,23,151.20000000000002,594,7.58,672,0,1,0,0,1,1,0,0,0,4,10.526071428571429,10.645,131,298,159,2,2
 Matam,10,1,Deuxième Session,NULL,3.9,NON ADMIS,1,2018,M,S2,LYCEE DE DOUNGA OURO ALPHA,O,Académie de Matam,NDOULOUMADJI,LYCEE DE NABADJI CIVOL,2,Pass,ADM,2,2006,9.97,9.67,9.62,9.07,8,12,11,7,9,8,0.0,0.0,0.0,250,9.62,10.62,10.12,19,157.7,468,3.9,899,0,1,0,1,0,1,1,0,0,4,10.74148148148148,10.794,91,165,93,8,6
 Thiès,26,1,Deuxième Session,NULL,7.33,NON ADMIS,1,2018,F,S2,LYCEE DE FAHU II,O,Académie de Thiès,THIES,CEM MAMADOU DIAW THIES,2,Pass,ADM,2,2006,11.44,10.06,9.41,11.8,8,11,6,8,3,10,0.0,0.0,0.0,225,8.65,10.04,10.82,20,139.65,852,7.33,706,0,1,0,0,1,1,0,0,0,4,10.54970588235294,10.443461538461538,142,166,10,14,9
 Dakar,60,1,Deuxième Session,Passable,11.37,PASSE,1,2018,M,S2,LYCEE SERGENT MALAMINE CAMARA,O,Académie de Dakar,PARCELLES ASSAINIES,CEM UNITE 19,1,Pass,ADM,2,1998,11.48,11.61,9.46,10.0,12,9,8,12,8,3,0.0,0.0,0.0,220,8.46,11.35,11.29,20,153.0,575,11.37,156,0,1,0,1,0,1,1,2,0,0,10.570365853658537,10.494137931034482,108,313,15,0,0
Sédhiou,5,1,Deuxième Session,NULL,3.04,NON ADMIS,1,2018,F,S2,LYCEE IBOU DIALLO,O,Académie de Sédhiou,SEDHIOU,LYCEE IBOU DIALLO,3,Pass,ADM,1,1998,11.41,10.9,10.46,10.55,9,13,11,11,6,7,0.0,0.0,0.0,260,10.0,10.0,9.71,20,153.9,538,3.04,943,0,1,0,0,1,1,0,0,0,4,10.52925925925926,10.50375,129,288,152,12,14
 Fatick,60,1,Deuxième Session,Passable,10.82,PASSE,1,2018,M,S2,NOUVEAU LYCEE DE KAOLACK,O,Académie de Kaolack,KAOLACK,COLLEGE PIE XII,2,Pass,ADM,1,2009,10.13,10.54,11.31,12.77,8,15,12,7,11,7,0.0,0.0,0.0,267,10.27,10.27,10.12,20,173.85,207,10.82,218,0,1,0,1,0,1,1,2,0,0,10.556461538461537,10.403962264150943,52,326,16,4,2
 Kaolack,10,1,Deuxième Session,NULL,6.77,NON ADMIS,1,2018,M,S2,"ECOLE PRIVEE LAIQUE ""EUREKA  ACADEMIA""",O,Académie de Kaolack,KAOLACK,COLLEGE PIE XII,3,Pass,ADM,1,2010,10.36,7.04,10.68,10.08,9,11,14,12,7,10,0.0,0.0,0.0,266,10.23,10.23,10.06,20,137.70000000000002,888,6.77,761,0,1,0,1,0,1,1,0,0,4,10.556461538461537,10.403962264150943,52,72,16,4,3
 Dakar,0,1,Deuxième Session,NULL,0.23,NON ADMIS,1,2018,M,S2,SALDIA,O,Académie de Dakar,DAKAR,LYCEE TECHNIQUE INDUSTRIEL DELAFOSSE,1,Pass,ADM,1,1998,12.92,13.01,10.44,9.91,16,13,9,7,9,6,0.0,0.0,0.0,273,10.5,10.5,11.41,20,213.0,19,0.23,1049,0,1,0,1,0,1,1,0,0,4,10.570365853658537,10.612075471698114,17,328,177,0,0
 Kolda,40,1,Deuxième Session,NULL,8.96,NON ADMIS,1,2018,M,S2,LYCEE DE SALIKEGNE,O,Académie de Kolda,SALIKEGNE,LYCEE DE SALIKEGNE,3,Pass,ADM,2,2007,11.19,10.38,11.61,12.02,9,9,6,4,9,8,0.0,0.0,0.0,215,8.27,10.92,12.0,21,121.5,1037,8.96,513,0,1,0,1,0,1,1,0,0,4,10.615862068965518,10.92,123,249,125,5,4
 Kaolack,25,1,Deuxième Session,NULL,7.39,NON ADMIS,1,2018,M,S2,LYCEE DE KEUR MADIABEL,O,Académie de Kaolack,KEUR MADIABEL,LYCEE DE KEUR MADIABEL,2,Pass,ADM,2,2009,9.91,10.48,10.21,10.63,11,9,10,5,6,4,0.0,0.0,0.0,208,8.0,11.23,12.41,21,139.65,852,7.39,697,0,1,0,1,0,1,1,0,0,4,10.556461538461537,10.666,56,183,76,4,3
Sédhiou,0,1,Deuxième Session,NULL,1.7,NON ADMIS,1,2018,M,S2,"ECOLE PRIVEE ""LA SAGESSE""",O,Académie de Rufisque,RUFISQUE,LYCEE MODERNE DE RUFISQUE,2,Pass,ADM,1,1997,10.42,10.96,9.82,7.59,11,10,10,11,10,9,0.0,0.0,0.0,265,10.19,10.19,9.94,21,148.2,679,1.7,980,0,1,0,1,0,1,1,0,0,4,10.276041666666666,10.287826086956523,120,49,165,10,14
 Louga,60,1,Première Session,Passable,11.71,PASSE,1,2018,F,S2,LYCEE DE DAHRA,O,Académie de Louga,DAHRA,LYCEE DE DAHRA,1,Pass,ADM,1,2006,14.94,15.74,13.54,13.75,8,12,13,12,10,10,0.0,0.0,0.0,280,10.77,10.77,10.12,19,166.0,300,111.71000000000001,35,0,1,0,0,1,1,0,2,1,0,10.600980392156861,10.696666666666665,16,153,52,7,5
 Diourbel,5,1,Deuxième Session,NULL,1.41,NON ADMIS,1,2018,F,S2,LYCEE COUMBA DIACK GUEYE KHOMBOLE,O,Académie de Thiès,KHOMBOLE,CEM COUMBA DIACK GUEYE DE KHOMBOLE,1,Pass,ADM,1,1998,11.21,12.58,10.59,9.25,11,11,10,6,9,10,0.0,0.0,0.0,263,10.12,10.12,10.65,20,165.0,329,1.41,991,0,1,0,0,1,1,0,0,0,4,10.54970588235294,10.27,58,133,2,14,1
Kédougou,5,1,Deuxième Session,NULL,5.26,NON ADMIS,1,2018,F,S2,LYCEE COMMUNAL DE KEDOUGOU,O,Académie de Kédougou,KEDOUGOU,LYCEE TECHNIQUE INDUSTRIEL DE KEDOUGOU,4,Pass,ADM,2,2001,0.0,0.0,0.0,0.0,5,12,7,8,8,10,0.0,0.0,0.0,235,9.04,11.27,12.18,23,117.3,1047,5.26,846,0,1,0,0,1,1,0,0,0,4,10.698333333333332,10.668000000000001,55,132,176,6,13
 Dakar,30,1,Deuxième Session,NULL,8.73,NON ADMIS,1,2018,M,S2,LYCEE DE YENE,O,Académie de Rufisque,YENE,LYCEE DE YENE,1,Pass,ADM,2,1997,10.16,10.98,10.15,10.59,13,10,11,3,5,5,0.0,0.0,0.0,218,8.38,10.15,11.24,21,168.0,284,8.73,536,0,1,0,1,0,1,1,0,0,4,10.276041666666666,10.057500000000001,152,275,147,10,0
 Dakar,60,1,Première Session,Passable,11.28,PASSE,1,2018,M,S2,LYCEE SEYDINA LIMAMOULAYE,O,Académie de Pikine - Guédiawaye,GUEDIAWAYE,CEM JOSEPH CORREA A,1,Pass,ADM,2,1997,13.19,14.18,12.36,11.1,9,12,7,11,7,3,0.0,0.0,0.0,208,8.0,11.38,12.06,21,162.0,381,111.28,52,0,1,0,1,0,1,1,2,1,0,10.529097744360902,10.416290322580645,43,320,8,9,0
 Thiès,34,1,Deuxième Session,NULL,8.5,NON ADMIS,1,2018,M,S2,GROUPE SCOLAIRE LE BENTENIER DE KHOMBOLE,O,Académie de Thiès,KHOMBOLE,CEM COUMBA DIACK GUEYE DE KHOMBOLE,3,Pass,ADM,2,2008,10.01,10.7,11.3,10.56,9,12,8,8,10,6,0.0,0.0,0.0,242,9.31,10.81,10.76,22,145.8,717,8.5,564,0,1,0,1,0,1,1,0,0,4,10.54970588235294,10.27,58,102,2,14,9
 Kaolack,35,1,Deuxième Session,NULL,8.76,NON ADMIS,1,2018,M,S2,LYCEE DEMBA DIOP,O,Académie de Thiès,MBOUR,COMPLEXE SCOLAIRE INTERN-KEUR MADIOR,1,Pass,ADM,2,2010,10.35,13.03,12.44,12.18,7,11,8,5,8,9,0.0,0.0,0.0,233,8.96,11.12,10.53,20,141.0,830,8.76,531,0,1,0,1,0,1,1,0,0,4,10.54970588235294,10.625599999999999,77,277,20,14,3
 Thiès,41,1,Deuxième Session,NULL,9.47,NON ADMIS,1,2018,M,S2,CANDIDAT INDIVIDUEL THIES (CAOSP),I,Académie de Thiès,THIES,LYCEE ABABACAR SY,3,Pass,ADM,2,2004,0.0,0.0,0.0,0.0,14,9,6,3,7,5,0.0,0.0,0.0,216,8.31,11.08,12.24,21,148.5,670,9.47,434,0,1,0,1,0,1,1,0,0,4,10.54970588235294,10.443461538461538,142,14,26,14,9
 Dakar,16,1,Deuxième Session,NULL,4.88,NON ADMIS,1,2018,F,S2,LYCEE DE SEBIKOTANE,O,Académie de Rufisque,SEBIKOTANE,LYCEE DE SEBIKOTANE,1,Pass,ADM,1,1998,12.87,10.67,11.27,11.36,13,14,11,6,7,5,0.0,0.0,0.0,260,10.0,10.0,10.53,20,204.0,33,4.88,861,0,1,0,0,1,1,0,0,0,4,10.276041666666666,10.062000000000001,128,254,130,10,0
 Matam,0,1,Deuxième Session,NULL,0.42,NON ADMIS,1,2018,M,S2,LYCEE BLAISE DIAGNE,O,Académie de Dakar,DAKAR,INSTITUTION NOTRE DAME,2,Pass,ADM,2,1998,12.0,12.41,10.25,9.31,10,11,8,10,11,5,0.0,0.0,0.0,228,8.77,10.62,11.41,20,151.04999999999998,602,0.42,1022,0,1,0,1,0,1,1,0,0,4,10.570365853658537,10.612075471698114,17,122,25,0,6
 Diourbel,25,1,Deuxième Session,NULL,8.07,NON ADMIS,1,2018,M,S2,LYCEE EX CEM MBACKE 2,O,Académie de Diourbel,MBACKE,LYCEE DE MBACKE,1,Pass,ADM,1,1997,0.0,0.0,0.0,0.0,9,12,12,3,10,11,0.0,0.0,0.0,265,10.19,10.19,10.76,21,162.0,381,8.07,618,0,1,0,1,0,1,1,0,0,4,10.45184210526316,10.248947368421051,73,286,87,1,1
 Kolda,36,1,Deuxième Session,NULL,9.04,NON ADMIS,1,2018,M,S2,ECOLE PRIVEE  ESPOIR DU FOULADOU,O,Académie de Kolda,KOLDA,LYCEE ALPHA MOLO BALDE,4,Pass,ADM,2,1993,0.0,0.0,0.0,0.0,13,10,5,9,7,6,0.0,0.0,0.0,231,8.88,10.73,11.94,25,142.79999999999998,783,9.04,497,0,1,0,1,0,1,1,0,0,4,10.615862068965518,10.507222222222222,60,45,29,5,4
 Thiès,40,1,Deuxième Session,NULL,9.5,NON ADMIS,1,2018,F,S2,LYCEE ABABACAR SY,O,Académie de Thiès,TIVAOUANE,LYCEE ABABACAR SY,3,Pass,ADM,1,2009,12.11,10.31,11.55,12.62,10,15,7,6,10,7,0.0,0.0,0.0,260,10.0,10.0,10.71,21,175.5,189,9.5,429,0,1,0,0,1,1,0,0,0,4,10.54970588235294,10.565833333333332,145,112,26,14,9
 Thiès,10,1,Deuxième Session,NULL,2.44,NON ADMIS,1,2018,F,S2,LYCEE AHMADOU NDACK SECK THIES,O,Académie de Thiès,THIES,CEM MAMADOU DIAW THIES,1,Pass,ADM,2,1998,12.71,11.48,10.41,10.03,7,11,7,6,10,6,0.0,0.0,0.0,208,8.0,10.08,9.82,20,141.0,830,2.44,958,0,1,0,0,1,1,0,0,0,4,10.54970588235294,10.443461538461538,142,114,10,14,9
 Saint-Louis,21,1,Deuxième Session,NULL,7.93,NON ADMIS,1,2018,F,S2,LYCEE DE ROSS - BETHIO,O,Académie de Saint - Louis,ROSS BETHIO,LYCEE DE ROSS - BETHIO,1,Pass,ADM,1,2000,12.43,11.1,9.82,12.02,9,10,13,10,11,8,0.0,0.0,0.0,260,10.0,10.0,9.0,18,154.0,523,7.93,635,0,1,0,0,1,1,0,0,0,4,10.754035087719299,10.5,119,246,122,11,7
 Ziguinchor,11,1,Deuxième Session,NULL,3.44,NON ADMIS,1,2018,F,S2,LYCEE DE BONA,O,Académie de Sédhiou,BOUNKILING,LYCEE DE BONA,1,Pass,ADM,2,2006,13.68,11.66,10.13,10.27,8,11,11,3,6,5,0.0,0.0,0.0,212,8.15,11.58,11.94,20,147.0,700,3.44,924,0,1,0,0,1,1,0,0,0,4,10.52925925925926,10.854,12,149,46,12,10
 Dakar,60,1,Deuxième Session,Passable,11.32,PASSE,1,2018,M,S2,LYCEE DE DOUNGA OURO ALPHA,O,Académie de Matam,NDOULOUMADJI,LYCEE DE NABADJI CIVOL,2,Pass,ADM,2,1996,9.64,11.12,9.88,9.94,10,12,7,6,8,7,0.0,0.0,0.0,231,8.88,11.42,13.53,22,159.6,429,11.32,160,0,1,0,1,0,1,1,2,0,0,10.74148148148148,10.794,91,165,93,8,0
 Kaolack,60,1,Deuxième Session,Passable,10.25,PASSE,1,2018,F,S2,LYCEE DE KEUR MADIABEL,O,Académie de Kaolack,KEUR MADIABEL,LYCEE DE KEUR MADIABEL,1,Pass,ADM,1,2003,14.18,13.91,13.29,14.04,16,14,7,7,4,6,0.0,0.0,0.0,260,10.0,10.0,11.76,19,232.0,5,10.25,306,0,1,0,0,1,1,0,2,0,0,10.556461538461537,10.666,56,183,76,4,3
Kaffrine,15,1,Deuxième Session,NULL,6.9,NON ADMIS,1,2018,M,S2,LYCEE DE MALEM HODAR,O,Académie de Kaffrine,MALEM HODAR,LYCEE DE MALEM HODAR,2,Pass,ADM,2,2010,10.31,10.35,11.23,10.55,9,12,6,8,3,7,0.0,0.0,0.0,227,8.73,12.5,13.94,20,153.9,538,6.9,746,0,1,0,1,0,1,1,0,0,4,10.78076923076923,10.833333333333334,70,193,83,3,12
Sédhiou,0,1,Deuxième Session,NULL,0.94,NON ADMIS,1,2018,F,S2,LYCEE DE MARSASSOUM,O,Académie de Sédhiou,MARSASSOUM,LYCEE DE MARSSASSOUM,1,Pass,ADM,2,2010,11.71,13.02,10.5,11.52,4,12,10,11,13,9,0.0,0.0,0.0,245,9.42,10.92,10.18,19,142.0,820,0.94,1003,0,1,0,0,1,1,0,0,0,4,10.52925925925926,10.92,71,197,85,12,14
 Kaolack,50,1,Deuxième Session,NULL,10.08,AUTORISE,1,2018,M,S2,LYCEE VALDIODIO NDIAYE,O,Académie de Kaolack,KAOLACK,COLLEGE PIE XII,2,Pass,ADM,2,1996,9.49,9.79,10.07,10.22,14,12,8,5,3,7,0.0,0.0,0.0,239,9.19,11.27,13.65,22,182.39999999999998,131,10.08,340,0,1,0,1,0,1,1,1,0,4,10.556461538461537,10.403962264150943,52,322,16,4,3
 Thiès,60,1,Première Session,Assez-Bien,13.02,PASSE,1,2018,M,S2,LYCEE DE NGOUNDIANE,O,Académie de Thiès,NGOUNDIANE,LYCEE DE NGOUNDIANE,1,Pass,ADM,1,1997,13.57,12.92,12.06,12.27,14,10,9,5,8,11,0.0,0.0,0.0,264,10.15,10.15,11.53,21,174.0,203,113.02,5,0,1,0,1,0,1,1,2,1,1,10.54970588235294,10.846363636363636,95,222,105,14,9
 Dakar,40,1,Deuxième Session,NULL,9.59,NON ADMIS,1,2018,M,S2,LYCEE DE MBAO,O,Académie de Pikine - Guédiawaye,MBAO,CEM DIAMAGUENE (SICAP MBAO),1,Pass,ADM,1,1997,10.61,11.38,11.91,12.76,12,9,15,7,5,9,0.0,0.0,0.0,260,10.0,10.0,9.88,21,153.0,575,9.59,413,0,1,0,1,0,1,1,0,0,4,10.529097744360902,10.765172413793103,74,200,3,9,0
 Saint-Louis,40,1,Deuxième Session,NULL,9.37,NON ADMIS,1,2018,M,S2,LYCEE MAITRE ABDOULAYE WADE,O,Académie de Saint - Louis,DAGANA,LYCEE MAITRE ABDOULAYE WADE,3,Pass,ADM,2,1994,9.97,12.7,9.25,8.1,10,13,7,5,7,5,0.0,0.0,0.0,221,8.5,11.42,13.41,24,159.3,445,9.37,450,0,1,0,1,0,1,1,0,0,4,10.754035087719299,11.115,15,299,160,11,7
 Fatick,60,1,Première Session,Passable,10.46,PASSE,1,2018,M,S2,LYCEE MACODOU NDIAYE DE SOKONE,O,Académie de Fatick,SOKONE,LYCEE MACODOU NDIAYE DE SOKONE,1,Pass,ADM,2,2006,11.87,12.04,9.02,10.33,12,12,6,7,9,3,0.0,0.0,0.0,208,8.0,10.08,10.94,18,190.0,81,110.46000000000001,87,0,1,0,1,0,1,1,2,1,0,10.526071428571429,10.645,131,298,159,2,2
 Diourbel,20,1,Deuxième Session,NULL,7.87,NON ADMIS,1,2018,M,S2,ECOLE PRIVEE FALLOU GALASS,O,Académie de Diourbel,MBACKE,CEM GAINDE FATMA MBACKE,3,Pass,ADM,1,2007,10.32,12.32,13.36,13.95,14,10,11,6,8,8,0.0,0.0,0.0,260,10.0,10.0,10.47,23,156.6,508,7.87,640,0,1,0,1,0,1,1,0,0,4,10.45184210526316,10.248947368421051,73,60,4,1,1
 Thiès,30,1,Deuxième Session,NULL,9.4,NON ADMIS,1,2018,M,S2,ECOLE PRIVEE LES ETOILES,O,Académie de Thiès,TIVAOUANE,LYCEE ABABACAR SY,3,Pass,ADM,2,2007,10.24,10.1,11.27,12.04,8,10,9,11,10,4,0.0,0.0,0.0,208,8.0,10.23,10.47,21,124.2,1025,9.4,444,0,1,0,1,0,1,1,0,0,4,10.54970588235294,10.565833333333332,145,77,26,14,9
 Dakar,0,1,Deuxième Session,NULL,2.73,NON ADMIS,1,2018,M,S2,LYCEE MIXTE MAURICE DELAFOSSE,O,Académie de Dakar,DAKAR,UNIVERSITE AMADOU HAMPATE BA,2,Pass,ADM,2,1997,11.23,10.76,10.99,11.77,9,11,9,7,7,9,0.0,0.0,0.0,243,9.35,10.04,10.06,21,145.35,724,2.73,952,0,1,0,1,0,1,1,0,0,4,10.570365853658537,10.612075471698114,17,306,181,0,0
 Ziguinchor,40,1,Deuxième Session,NULL,9.69,NON ADMIS,1,2018,M,S2,LYCEE DJIGNABO,O,Académie de Ziguinchor,ZIGUINCHOR,COLLEGE SAINT CHARLES LWANGA,1,Pass,ADM,2,2006,10.79,9.82,10.15,11.11,6,13,5,6,8,6,0.0,0.0,0.0,208,8.0,10.42,11.29,18,163.0,345,9.69,401,0,1,0,1,0,1,1,0,0,4,10.648571428571428,10.55111111111111,153,280,18,15,10
 Thiès,40,1,Deuxième Session,NULL,9.55,NON ADMIS,1,2018,F,S2,LYCEE DE NGOUNDIANE,O,Académie de Thiès,NGOUNDIANE,LYCEE DE NGOUNDIANE,1,Pass,ADM,2,2009,12.51,9.82,10.03,10.59,10,10,9,5,4,6,0.0,0.0,0.0,208,8.0,10.0,11.41,21,150.0,643,9.55,419,0,1,0,0,1,1,0,0,0,4,10.54970588235294,10.846363636363636,95,222,105,14,9
 Dakar,24,1,Deuxième Session,NULL,8.2,NON ADMIS,1,2018,M,S2,LYCEE DE OUAKAM,O,Académie de Dakar,DAKAR,UNIVERSITE AMADOU HAMPATE BA,2,Pass,ADM,2,2016,12.59,9.72,11.61,13.05,7,10,12,7,5,11,0.0,0.0,0.0,245,9.42,11.12,11.59,21,125.39999999999999,1013,8.2,603,0,1,0,1,0,1,1,0,0,4,10.570365853658537,10.612075471698114,17,233,181,0,0
 Tambacounda,5,1,Deuxième Session,NULL,1.15,NON ADMIS,1,2018,F,S2,LYCEE WAOUNDE NDIAYE,O,Académie de Tambacounda,BAKEL,LYCEE WAOUNDE NDIAYE,2,Pass,ADM,2,1998,12.0,9.48,11.34,10.81,4,13,8,6,9,4,0.0,0.0,0.0,208,8.0,10.88,10.29,20,133.95,946,1.15,1002,0,1,0,0,1,1,0,0,0,4,10.563333333333333,10.241428571428571,2,323,178,13,8
 Diourbel,60,1,Deuxième Session,Passable,10.0,PASSE,1,2018,M,S2,LYCEE DE MALICOUNDA II,O,Académie de Thiès,NIANING,LYCEE DE MALICOUNDA II,3,Pass,ADM,2,2010,11.47,10.29,10.42,11.26,10,10,9,8,5,6,0.0,0.0,0.0,221,8.5,11.62,13.0,22,135.0,921,10.0,359,0,1,0,1,0,1,1,2,0,0,10.54970588235294,11.283333333333331,102,195,84,14,1
 Diourbel,25,1,Deuxième Session,NULL,7.28,NON ADMIS,1,2018,M,S2,"ECOLE PRIVEE ""LYCEE D'EXCELLENCE CHEIKH HAMIDOU KANE""",O,Académie de Thiès,THIES,LYCEE D' ENSEIGNEMENT TECHNIQUE ET DE FORMATION PR,1,Pass,ADM,2,2000,11.34,10.04,10.33,8.89,12,11,8,10,9,6,0.0,0.0,0.0,243,9.35,11.65,12.0,18,181.0,138,7.28,708,0,1,0,1,0,1,1,0,0,4,10.54970588235294,10.443461538461538,142,50,34,14,1
 Dakar,60,1,Première Session,Passable,10.26,PASSE,1,2018,M,S2,ECOLE PRIVEE GANDAL EXCELLENCE,O,Académie de Kolda,KOLDA,LYCEE ALPHA MOLO BALDE,2,Pass,ADM,2,1997,11.56,10.06,12.33,11.87,9,12,10,8,4,5,0.0,0.0,0.0,228,8.77,10.04,10.41,21,153.9,538,110.26,94,0,1,0,1,0,1,1,2,1,0,10.615862068965518,10.507222222222222,60,62,29,5,0
 Dakar,5,1,Deuxième Session,NULL,1.39,NON ADMIS,1,2018,F,S2,LYCEE MIXTE MAURICE DELAFOSSE,O,Académie de Dakar,DAKAR,UNIVERSITE AMADOU HAMPATE BA,1,Pass,ADM,2,1999,11.74,12.16,11.24,9.62,10,10,8,10,9,6,0.0,0.0,0.0,228,8.77,10.38,10.71,19,160.0,403,1.39,992,0,1,0,0,1,1,0,0,0,4,10.570365853658537,10.612075471698114,17,306,181,0,0
 Tambacounda,60,1,Première Session,Passable,10.57,PASSE,1,2018,M,S2,LYCEE WAOUNDE NDIAYE,O,Académie de Tambacounda,BAKEL,LYCEE WAOUNDE NDIAYE,2,Pass,ADM,2,1998,12.6,11.07,9.44,9.65,6,13,9,7,13,4,0.0,0.0,0.0,217,8.35,10.0,10.18,20,145.35,724,110.57,82,0,1,0,1,0,1,1,2,1,0,10.563333333333333,10.241428571428571,2,323,178,13,8
 Kaolack,45,1,Deuxième Session,NULL,10.9,AUTORISE,1,2018,M,S2,LYCEE DE TAIBA NIASSENE,O,Académie de Kaolack,TAIBA NIASSENE,LYCEE DE TAIBA NIASSENE,2,Pass,ADM,2,2009,10.45,10.23,9.67,10.15,10,11,7,6,8,9,0.0,0.0,0.0,233,8.96,10.54,11.35,21,151.04999999999998,602,10.9,203,0,1,0,1,0,1,1,1,0,4,10.556461538461537,10.432222222222222,134,258,134,4,3
 Diourbel,60,1,Deuxième Session,Passable,10.15,PASSE,1,2018,M,S2,ECOLE PRIVEE SERIGNE SOHIBOU MBACKE,O,Académie de Diourbel,DIOURBEL,LYCEE D'ENSEIGNEMENT GENERAL DE DIOURBEL,2,Pass,ADM,2,2017,10.44,9.83,11.16,10.95,13,8,9,6,11,8,0.0,0.0,0.0,231,8.88,10.04,10.88,20,142.5,790,10.15,325,0,1,0,1,0,1,1,2,0,0,10.45184210526316,10.391739130434782,27,89,35,1,1
 Ziguinchor,24,1,Deuxième Session,NULL,7.99,NON ADMIS,1,2018,M,S2,LYCEE DJIGNABO,O,Académie de Ziguinchor,ZIGUINCHOR,COLLEGE SAINT CHARLES LWANGA,2,Pass,ADM,2,2010,10.46,10.33,11.44,11.5,10,9,9,10,4,8,0.0,0.0,0.0,225,8.65,10.73,12.12,20,133.95,946,7.99,628,0,1,0,1,0,1,1,0,0,4,10.648571428571428,10.55111111111111,153,280,18,15,10
 Diourbel,0,1,Deuxième Session,NULL,1.48,NON ADMIS,1,2018,M,S2,CANDIDAT INDIVIDUEL DAKAR (LEBRET),I,Académie de Dakar,DAKAR,LYCEE LAMINE GUEYE,6,Pass,ADM,1,2001,0.0,0.0,0.0,0.0,10,11,8,10,9,10,0.0,0.0,0.0,260,10.0,10.0,10.35,29,135.15,915,1.48,986,0,1,0,1,0,1,1,0,0,4,10.570365853658537,10.612075471698114,17,2,154,0,1
 Dakar,25,1,Deuxième Session,NULL,9.04,NON ADMIS,1,2018,M,S2,LYCEE MODERNE DE RUFISQUE,O,Académie de Rufisque,RUFISQUE,LYCEE MODERNE DE RUFISQUE,1,Pass,ADM,1,1997,11.11,12.12,10.8,11.79,8,13,7,10,7,9,0.0,0.0,0.0,260,10.0,10.0,10.12,21,165.0,329,9.04,497,0,1,0,1,0,1,1,0,0,4,10.276041666666666,10.287826086956523,120,308,165,10,0
 Kolda,16,1,Deuxième Session,NULL,7.45,NON ADMIS,1,2018,M,S2,LYCEE DE  SARE YOBA DIEGA,O,Académie de Kolda,KOLDA,LYCEE ALPHA MOLO BALDE,2,Pass,ADM,2,2009,10.3,10.85,12.27,11.62,9,13,6,10,9,5,0.0,0.0,0.0,231,8.88,11.77,12.18,20,162.45,368,7.45,688,0,1,0,1,0,1,1,0,0,4,10.615862068965518,10.507222222222222,60,137,29,5,4
 Kolda,60,1,Première Session,Passable,11.28,PASSE,1,2018,M,S2,LYCEE DE MAMPATIM,O,Académie de Kolda,DABO,LYCEE DE DABO,2,Pass,ADM,2,1996,11.13,10.31,12.83,11.44,11,10,7,7,5,5,0.0,0.0,0.0,209,8.04,10.0,10.94,22,148.2,679,111.28,52,0,1,0,1,0,1,1,2,1,0,10.615862068965518,10.49,14,196,51,5,4
 Diourbel,60,1,Première Session,Passable,10.48,PASSE,1,2018,F,S2,LYCEE DE MBACKE,O,Académie de Diourbel,MBACKE,LYCEE DE MBACKE,1,Pass,ADM,1,2006,13.25,13.03,13.84,12.35,9,12,7,4,10,12,0.0,0.0,0.0,260,10.0,10.0,11.12,18,172.0,222,110.48,86,0,1,0,0,1,1,0,2,1,0,10.45184210526316,10.248947368421051,73,199,87,1,1
 Fatick,16,1,Deuxième Session,NULL,6.31,NON ADMIS,1,2018,F,S2,LYCEE KHAR KANE,O,Académie de Fatick,GOSSAS,LYCEE KHAR KANE,2,Pass,ADM,1,2006,11.2,10.13,11.36,12.32,17,11,13,11,10,5,0.0,0.0,0.0,292,11.23,11.23,10.65,21,190.95,77,6.31,792,0,1,0,0,1,1,0,0,0,4,10.526071428571429,10.618888888888888,40,292,153,2,2
 Ziguinchor,60,1,Deuxième Session,Passable,10.02,PASSE,1,2018,M,S2,LYCEE ALINE SITOE DIATTA,O,Académie de Ziguinchor,OUSSOUYE,LYCEE ALINE SITOE DIATTA,1,Pass,ADM,1,2002,0.0,0.0,0.0,0.0,11,12,11,11,9,8,0.0,0.0,0.0,276,10.62,10.62,10.29,17,184.0,120,10.02,353,0,1,0,1,0,1,1,2,0,0,10.648571428571428,10.831999999999999,107,117,28,15,10
 Dakar,5,1,Deuxième Session,NULL,3.39,NON ADMIS,1,2018,F,S2,LYCEE CAMP MARCHAND DE RUFISQUE,O,Académie de Rufisque,RUFISQUE,LYCEE MODERNE DE RUFISQUE,2,Pass,ADM,1,1997,11.23,9.91,11.89,12.05,12,10,10,8,12,12,0.0,0.0,0.0,291,11.19,11.19,11.29,21,153.9,538,3.39,927,0,1,0,0,1,1,0,0,0,4,10.276041666666666,10.287826086956523,120,126,165,10,0
 Tambacounda,0,1,Deuxième Session,NULL,0.49,NON ADMIS,1,2018,F,S2,LYCEE MAME CHEIKH MBAYE,O,Académie de Tambacounda,TAMBACOUNDA,LYCEE MAME CHEIKH MBAYE,2,Pass,ADM,2,1997,10.95,10.76,10.44,9.7,6,12,10,8,12,6,0.0,0.0,0.0,231,8.88,10.08,9.35,21,136.79999999999998,899,0.49,1011,0,1,0,0,1,1,0,0,0,4,10.563333333333333,10.5975,136,302,162,13,8
Kaffrine,60,1,Deuxième Session,Passable,10.68,PASSE,1,2018,M,S2,LYCEE BABACAR COBAR NDAW,O,Académie de Kaffrine,KAFFRINE,LYCEE BABACAR COBAR NDAW,2,Pass,ADM,2,2009,10.17,12.11,11.03,11.87,7,12,8,10,4,8,0.0,0.0,0.0,232,8.92,10.04,10.65,20,142.5,790,10.68,243,0,1,0,1,0,1,1,2,0,0,10.78076923076923,10.305,48,120,31,3,12
 Dakar,60,1,Deuxième Session,Passable,10.92,PASSE,1,2018,M,S2,LYCEE DE BALLOU,O,Académie de Tambacounda,BAKEL,LYCEE WAOUNDE NDIAYE,2,Pass,ADM,1,1997,15.6,14.47,13.01,14.32,9,13,11,7,16,5,0.0,0.0,0.0,260,10.0,10.0,9.0,21,162.45,368,10.92,201,0,1,0,1,0,1,1,2,0,0,10.563333333333333,10.241428571428571,2,142,178,13,0
 Saint-Louis,30,1,Deuxième Session,NULL,9.39,NON ADMIS,1,2018,M,S2,GROUPE SCOLAIRE EUREKA PLUS DJOLOFF,O,Académie de Louga,DAHRA,LYCEE DE DAHRA,2,Pass,ADM,1,2009,10.3,8.17,12.51,13.69,17,10,8,7,7,8,0.0,0.0,0.0,260,10.0,10.0,11.35,20,182.39999999999998,131,9.39,445,0,1,0,1,0,1,1,0,0,4,10.600980392156861,10.696666666666665,16,100,52,7,7
 Fatick,15,1,Deuxième Session,NULL,7.69,NON ADMIS,1,2018,F,S2,LYCEE DE DIOFIOR,O,Académie de Fatick,DIOFIOR,LYCEE DE DIOFIOR,3,Pass,ADM,2,2007,8.8,0.0,9.76,10.64,7,14,10,7,7,7,0.0,0.0,0.0,244,9.38,10.42,10.47,23,151.20000000000002,594,7.69,658,0,1,0,0,1,1,0,0,0,4,10.526071428571429,10.6625,25,159,58,2,2
 Matam,5,1,Deuxième Session,NULL,3.24,NON ADMIS,1,2018,F,S2,LYCEE DE KANEL,O,Académie de Matam,KANEL,LYCEE DE KANEL,1,Pass,ADM,2,2010,11.21,10.88,7.22,7.21,12,10,11,10,9,6,0.0,0.0,0.0,251,9.65,11.42,11.29,19,172.0,222,3.24,931,0,1,0,0,1,1,0,0,0,4,10.74148148148148,10.5175,51,179,73,8,6
 Dakar,45,1,Deuxième Session,NULL,8.73,AUTORISE,1,2018,F,S2,LYCEE DES PARCELLES ASSAINIES U13,O,Académie de Dakar,PARCELLES ASSAINIES,LYCEE SERGENT MALAMINE CAMARA,1,Pass,ADM,1,2000,11.82,12.03,10.89,9.53,8,12,7,7,12,10,0.0,0.0,0.0,260,10.0,10.0,10.12,18,166.0,300,8.73,536,0,1,0,0,1,1,0,1,0,4,10.570365853658537,10.494137931034482,108,278,169,0,0
 Fatick,5,1,Deuxième Session,NULL,2.66,NON ADMIS,1,2018,M,S2,LYCEE DIOGOYE BASILE SENGHOR FIMELA,O,Académie de Fatick,FIMELA,LYCEE DIOGOYE BASILE SENGHOR FIMELA,2,Pass,ADM,2,2008,11.5,10.5,12.81,12.0,9,10,8,7,13,6,0.0,0.0,0.0,236,9.08,10.58,10.41,20,136.79999999999998,899,2.66,953,0,1,0,1,0,1,1,0,0,4,10.526071428571429,11.27,33,279,149,2,2
 Dakar,40,1,Deuxième Session,NULL,10.46,NON ADMIS,1,2018,M,S2,LYCEE DE PIKINE,O,Académie de Pikine - Guédiawaye,GUEDIAWAYE,LYCEE SEYDINA LIMAMOULAYE,1,Pass,ADM,2,2011,11.85,10.25,9.5,10.82,12,10,6,7,9,6,0.0,0.0,0.0,229,8.81,12.04,13.41,20,162.0,381,10.46,278,0,1,0,1,0,1,1,0,0,4,10.529097744360902,10.416290322580645,43,242,173,9,0
 Saint-Louis,60,1,Première Session,Passable,10.29,PASSE,1,2018,M,S2,LYCEE DE RICHARD TOLL,O,Académie de Saint - Louis,RICHARD TOLL,CEM II DE RICHARD-TOLL,1,Pass,ADM,2,1999,11.84,9.73,9.88,11.39,9,12,7,12,10,6,0.0,0.0,0.0,233,8.96,11.08,11.06,19,172.0,222,110.28999999999999,92,0,1,0,1,0,1,1,2,1,0,10.754035087719299,11.052222222222222,118,245,6,11,7
 Louga,45,1,Deuxième Session,NULL,10.36,AUTORISE,1,2018,M,S2,LYCEE MAME THIERNO BIRAHIM MBACKE,O,Académie de Louga,DAROU MOUSTY,LYCEE MAME THIERNO BIRAHIM MBACKE,3,Pass,ADM,2,1997,11.3,10.56,10.06,10.19,12,14,4,6,5,8,0.0,0.0,0.0,246,9.46,10.19,11.88,21,178.20000000000002,164,10.36,289,0,1,0,1,0,1,1,1,0,4,10.600980392156861,10.188571428571427,19,303,163,7,5
 Kaolack,36,1,Deuxième Session,NULL,9.56,NON ADMIS,1,2018,M,S2,LYCEE SAMBA DIONE DE GANDIAYE,O,Académie de Kaolack,GANDIAYE,LYCEE SAMBA DIONE DE GANDIAYE,1,Pass,ADM,2,2006,11.08,12.23,11.13,10.15,10,13,7,8,12,4,0.0,0.0,0.0,235,9.04,10.77,10.35,19,187.0,98,9.56,418,0,1,0,1,0,1,1,0,0,4,10.556461538461537,10.765,37,312,168,4,3
 Matam,0,1,Deuxième Session,NULL,2.36,NON ADMIS,1,2018,F,S2,LYCEE DE BOKIDIAWE,O,Académie de Matam,BOKIDIAWE,LYCEE DE BOKIDIAWE,3,Pass,ADM,2,2004,10.06,9.51,6.09,6.08,7,11,9,5,12,7,0.0,0.0,0.0,222,8.54,11.62,12.24,20,126.9,1004,2.36,962,0,1,0,0,1,1,0,0,0,4,10.74148148148148,10.9525,10,148,45,8,6
 Fatick,31,1,Deuxième Session,NULL,8.98,NON ADMIS,1,2018,M,S2,LYCEE DE DIAKHAO,O,Académie de Fatick,DIAKHAO,LYCEE DE DIAKHAO,2,Pass,ADM,1,2010,12.39,11.17,12.31,12.11,11,10,10,9,8,11,0.0,0.0,0.0,268,10.31,10.31,10.65,20,148.2,679,8.98,507,0,1,0,1,0,1,1,0,0,4,10.526071428571429,10.175,21,155,54,2,2
Kaffrine,16,1,Deuxième Session,NULL,6.17,NON ADMIS,1,2018,M,S2,LYCEE EL HADJI IBRAHIMA BA KOUNGHEUL,O,Académie de Kaffrine,KOUNGHEUL,LYCEE EL HADJI IBRAHIMA BA KOUNGHEUL,2,Pass,ADM,2,2009,11.12,9.98,9.04,9.3,10,10,10,10,11,4,0.0,0.0,0.0,227,8.73,11.04,11.41,21,142.5,790,6.17,802,0,1,0,1,0,1,1,0,0,4,10.78076923076923,11.001999999999999,62,282,150,3,12
Kaffrine,60,1,Deuxième Session,Passable,10.48,PASSE,1,2018,M,S2,LYCEE DE PEKESSE,O,Académie de Thiès,PEKESSE,LYCEE DE PEKESSE,1,Pass,ADM,2,1997,9.65,10.61,9.8,11.9,10,11,7,8,9,9,0.0,0.0,0.0,241,9.27,11.81,13.65,21,159.0,448,10.48,272,0,1,0,1,0,1,1,2,0,0,10.54970588235294,10.686,111,239,118,14,12
 Kaolack,5,1,Deuxième Session,NULL,1.38,NON ADMIS,1,2018,F,S2,LYCEE DE MEDINA SABAKH,O,Académie de Kaolack,MEDINA SABAKH,LYCEE DE MEDINA SABAKH,3,Pass,ADM,1,2006,12.73,11.44,11.27,11.13,12,11,9,10,13,7,0.0,0.0,0.0,270,10.38,10.38,9.88,23,153.9,538,1.38,993,0,1,0,0,1,1,0,0,0,4,10.556461538461537,10.459999999999999,78,205,91,4,3
 Dakar,0,1,Deuxième Session,NULL,1.28,NON ADMIS,1,2018,F,S2,LYCEE BLAISE DIAGNE,O,Académie de Dakar,DAKAR,LYCEE TECHNIQUE INDUSTRIEL DELAFOSSE,3,Pass,ADM,2,1996,10.58,11.65,10.43,10.5,9,10,9,8,7,7,0.0,0.0,0.0,228,8.77,10.62,10.76,22,129.6,985,1.28,997,0,1,0,0,1,1,0,0,0,4,10.570365853658537,10.612075471698114,17,122,177,0,0
 Kaolack,0,1,Deuxième Session,NULL,2.48,NON ADMIS,1,2018,M,S2,CANDIDAT INDIVIDUEL THIES (CAOSP),I,Académie de Thiès,THIES,ECOLE ELEMENTAIRE GERMAINE LE GOFF DE THIES,3,Pass,ADM,2,1994,0.0,0.0,0.0,0.0,7,13,7,8,8,4,0.0,0.0,0.0,218,8.38,10.92,11.41,24,143.1,768,2.48,957,0,1,0,1,0,1,1,0,0,4,10.54970588235294,10.443461538461538,142,14,22,14,3
 Louga,45,1,Deuxième Session,NULL,9.7,AUTORISE,1,2018,M,S2,LYCEE MAME THIERNO BIRAHIM MBACKE,O,Académie de Louga,DAROU MOUSTY,LYCEE MAME THIERNO BIRAHIM MBACKE,1,Pass,ADM,1,2011,13.51,13.81,12.44,11.1,7,12,9,12,6,11,0.0,0.0,0.0,260,10.0,10.0,10.18,19,160.0,403,9.7,396,0,1,0,1,0,1,1,1,0,4,10.600980392156861,10.188571428571427,19,303,163,7,5
 Ziguinchor,25,1,Deuxième Session,NULL,8.69,NON ADMIS,1,2018,M,S2,LYCEE BLAISE DIAGNE,O,Académie de Dakar,DAKAR,LYCEE LAMINE GUEYE,2,Pass,ADM,2,1998,13.56,10.76,11.01,10.44,10,11,4,8,3,9,0.0,0.0,0.0,228,8.77,10.08,11.82,20,151.04999999999998,602,8.69,543,0,1,0,1,0,1,1,0,0,4,10.570365853658537,10.612075471698114,17,122,154,0,10
 Kaolack,60,1,Deuxième Session,Passable,10.41,PASSE,1,2018,M,S2,LYCEE DE KOUTAL,O,Académie de Kaolack,KOUTAL,LYCEE DE KOUTAL,1,Pass,ADM,1,2002,10.21,10.18,10.37,11.07,10,13,10,5,8,9,0.0,0.0,0.0,260,10.0,10.0,10.71,20,177.0,174,10.41,284,0,1,0,1,0,1,1,2,0,0,10.556461538461537,10.692857142857141,64,188,80,4,3
 Diourbel,35,1,Deuxième Session,NULL,8.4,NON ADMIS,1,2018,F,S2,LYCEE DE NGOYE,O,Académie de Diourbel,NGOYE,LYCEE DE NGOYE,3,Pass,ADM,1,1992,10.0,11.34,9.18,10.41,10,13,8,8,5,11,0.0,0.0,0.0,260,10.0,10.0,11.41,26,159.3,445,8.4,580,0,1,0,0,1,1,0,0,0,4,10.45184210526316,10.527142857142858,96,223,106,1,1
 Thiès,0,1,Deuxième Session,NULL,0.36,NON ADMIS,1,2018,F,S2,LYCEE AHMADOU NDACK SECK THIES,O,Académie de Thiès,THIES,ECOLE ELEMENTAIRE GERMAINE LE GOFF DE THIES,1,Pass,ADM,2,1996,11.92,11.07,10.3,11.47,12,10,6,5,7,8,0.0,0.0,0.0,230,8.85,10.69,12.0,22,162.0,381,0.36,1033,0,1,0,0,1,1,0,0,0,4,10.54970588235294,10.443461538461538,142,114,22,14,9
 Thiès,25,1,Deuxième Session,NULL,7.95,NON ADMIS,1,2018,F,S2,LYCEE DE SALY,O,Académie de Thiès,SALY,LYCEE DE SALY,1,Pass,ADM,2,1999,10.09,12.01,10.46,10.82,11,11,5,8,2,7,0.0,0.0,0.0,210,8.08,10.0,12.06,20,165.0,329,7.95,631,0,1,0,0,1,1,0,0,0,4,10.54970588235294,11.376666666666667,124,250,126,14,9
 Kaolack,10,1,Deuxième Session,NULL,2.35,NON ADMIS,1,2018,M,S2,LYCEE DE TAIBA NIASSENE,O,Académie de Kaolack,TAIBA NIASSENE,LYCEE DE TAIBA NIASSENE,1,Pass,ADM,2,2010,15.13,11.29,9.65,9.05,7,10,6,7,5,9,0.0,0.0,0.0,210,8.08,10.08,11.12,20,132.0,971,2.35,963,0,1,0,1,0,1,1,0,0,4,10.556461538461537,10.432222222222222,134,258,134,4,3
Sédhiou,40,1,Deuxième Session,NULL,9.25,NON ADMIS,1,2018,M,S2,LYCEE DE TANAFF,O,Académie de Sédhiou,TANAFF,LYCEE DE TANAFF,4,Pass,ADM,2,2003,11.07,10.05,12.73,11.34,10,10,8,3,5,9,0.0,0.0,0.0,227,8.73,10.81,11.76,22,127.5,1001,9.25,474,0,1,0,1,0,1,1,0,0,4,10.52925925925926,10.862,137,259,135,12,14
 Dakar,60,1,Première Session,Passable,10.28,PASSE,1,2018,M,S2,LYCEE MODERNE DE RUFISQUE,O,Académie de Rufisque,RUFISQUE,LYCEE MODERNE DE RUFISQUE,1,Pass,ADM,1,1999,11.62,11.12,9.44,9.14,9,14,8,5,6,14,0.0,0.0,0.0,294,11.31,11.31,12.53,19,190.0,81,110.28,93,0,1,0,1,0,1,1,2,1,0,10.276041666666666,10.287826086956523,120,308,165,10,0
 Ziguinchor,60,1,Deuxième Session,Passable,10.63,PASSE,1,2018,M,S2,LYCEE EL HADJI OMAR LAMINE BADJI DE DJIBOCK,O,Académie de Ziguinchor,ZIGUINCHOR,COLLEGE SAINT CHARLES LWANGA,1,Pass,ADM,2,1998,13.31,11.23,9.1,11.04,8,10,6,7,11,6,0.0,0.0,0.0,208,8.0,11.23,11.0,20,138.0,884,10.63,250,0,1,0,1,0,1,1,2,0,0,10.648571428571428,10.55111111111111,153,284,18,15,10
 Diourbel,60,1,Première Session,Passable,10.03,PASSE,1,2018,F,S2,LYCEE DE MBAR,O,Académie de Fatick,COLOBANE,LYCEE DE COLOBANE,1,Pass,ADM,1,1998,11.44,12.26,12.85,12.27,7,15,7,6,11,10,0.0,0.0,0.0,260,10.0,10.0,10.88,20,177.0,174,110.03,99,0,1,0,0,1,1,0,2,1,0,10.526071428571429,10.25,13,201,50,2,1
 Dakar,60,1,Deuxième Session,Passable,11.3,PASSE,1,2018,F,S2,LYCEE SEYDINA LIMAMOULAYE,O,Académie de Pikine - Guédiawaye,GUEDIAWAYE,LYCEE SEYDINA LIMAMOULAYE,1,Pass,ADM,2,1998,13.04,12.59,9.22,9.24,13,7,8,7,7,6,0.0,0.0,0.0,227,8.73,10.12,10.18,20,141.0,830,11.3,161,0,1,0,0,1,1,0,2,0,0,10.529097744360902,10.416290322580645,43,320,173,9,0
 Fatick,30,1,Deuxième Session,NULL,9.42,NON ADMIS,1,2018,F,S2,LYCEE DE KARANG,O,Académie de Fatick,KARANG,LYCEE DE KARANG,3,Pass,ADM,2,2004,10.0,9.0,10.0,9.0,10,13,8,8,8,4,0.0,0.0,0.0,234,9.0,10.08,10.35,23,159.3,445,9.42,443,0,1,0,0,1,1,0,0,0,4,10.526071428571429,10.29,53,180,74,2,2
 Thiès,45,1,Deuxième Session,NULL,9.7,AUTORISE,1,2018,M,S2,LYCEE ZONE DE RECASEMENT DE KEUR MASSAR ,O,Académie de Pikine - Guédiawaye,KEUR MASSAR,LYCEE ZONE DE RECASEMENT DE KEUR MASSAR ,2,Pass,ADM,2,2008,10.17,10.48,10.58,9.39,10,13,7,3,6,3,0.0,0.0,0.0,208,8.0,10.0,10.71,22,168.15,272,9.7,396,0,1,0,1,0,1,1,1,0,4,10.529097744360902,10.795238095238094,57,324,179,9,9
 Kaolack,60,1,Deuxième Session,Passable,11.34,PASSE,1,2018,F,S2,LYCEE DE LATMINGUE,O,Académie de Kaolack,KOUTAL,LYCEE DE KOUTAL,1,Pass,ADM,2,2007,13.51,13.02,10.66,11.89,7,12,8,5,14,7,0.0,0.0,0.0,233,8.96,11.27,11.59,19,160.0,403,11.34,158,0,1,0,0,1,1,0,2,0,0,10.556461538461537,10.692857142857141,64,189,80,4,3
Kaffrine,60,1,Deuxième Session,Passable,10.48,PASSE,1,2018,M,S2,LYCEE BABACAR COBAR NDAW,O,Académie de Kaffrine,KAFFRINE,LYCEE BABACAR COBAR NDAW,2,Pass,ADM,2,2006,11.08,11.12,8.76,11.47,13,8,9,7,3,9,0.0,0.0,0.0,233,8.96,11.19,13.0,20,142.5,790,10.48,272,0,1,0,1,0,1,1,2,0,0,10.78076923076923,10.305,48,120,31,3,12
 Fatick,50,1,Deuxième Session,NULL,9.91,AUTORISE,1,2018,F,S2,LYCEE DE LOUL SESSENE,O,Académie de Fatick,LOUL SESSENE,LYCEE DE LOUL SESSENE,2,Pass,ADM,2,2008,10.72,14.2,13.6,13.14,10,10,7,7,8,6,0.0,0.0,0.0,217,8.35,10.54,11.06,22,142.5,790,9.91,375,0,1,0,0,1,1,0,1,0,4,10.526071428571429,10.53,69,191,82,2,2
 Dakar,10,1,Deuxième Session,NULL,5.39,NON ADMIS,1,2018,M,S2,LYCEE SEYDINA LIMAMOULAYE,O,Académie de Pikine - Guédiawaye,GUEDIAWAYE,CEM OGO DIOP,1,Pass,ADM,2,1996,13.9,12.09,10.96,11.0,9,13,8,5,6,10,0.0,0.0,0.0,244,9.38,10.65,12.0,22,171.0,236,5.39,839,0,1,0,1,0,1,1,0,0,4,10.529097744360902,10.416290322580645,43,320,13,9,0
