REGION_DE_NAISSANCE,CREDIT,NIVEAU,SESSION,MENTION,MOYENNE ANNUELLE,RESULTAT,RESULTAT APP EVALUATION,Année BAC,Sexe,Série,Ets. de provenance,Type candidature,Académie de l'Ets. Prov.,Résidence,Centre d'Ec.,Nbre Fois au BAC,Mention,Résultat,Groupe Résultat,Année de l'Extrait EC,Moy. nde,Moy. ère,Moy. S Term.,Moy. S Term..1,MATH,SCPH,FR,PHILO,AN,SVT,COME,AFTA,EPAT,Tot. Pts au Grp.,Moyenne au Grp.,Moy. Gle,Moy. sur Mat.Fond.,Age en Décembre 2018,Score DAP,Rang DAP,Score L1,Rang L1,S1,S2,S3,Homme,Femme,Série_Encode,Sexe_Encode,RESULTAT_Encode,SESSION_Encode,MENTION_Encode,Academie perf.,Residence perf.,Résidence_Encode,Ets. de provenance_Encode,Centre d'Ec._Encode,Académie de l'Ets. Prov._Encode,REGION_DE_NAISSANCE_Encode
Kaffrine,60,1,Deuxième Session,Passable,11.1,PASSE,1,2018,M,S2,LYCEE EL HADJI IBRAHIMA BA KOUNGHEUL,O,Académie de Kaffrine,KOUNGHEUL,LYCEE EL HADJI IBRAHIMA BA KOUNGHEUL,1,Pass,ADM,1,2010,15.12,12.94,10.79,11.02,14,12,8,5,7,12,0.0,0.0,0.0,280,10.77,10.77,12.59,18,198.0,22,11.1,197,0,1,0,1,0,1,1,2,0,0,10.516153846153847,10.54,50,212,119,3,12
 Louga,60,1,Première Session,Passable,11.29,PASSE,1,2018,F,S2,LYCEE DE TIVAOUANE PEULH,O,Académie de Rufisque,TIVAOUANE PEULH,LYCEE DE TIVAOUANE PEULH,2,Pass,ADM,1,2010,11.35,11.87,10.85,10.57,9,8,9,8,11,13,0.0,0.0,0.0,260,10.0,10.0,10.06,19,155.79999999999998,414,111.28999999999999,41,0,1,0,0,1,1,0,2,1,0,10.467735849056604,10.333333333333334,118,200,112,10,5
 Ziguinchor,60,1,Première Session,Passable,10.0,PASSE,1,2018,M,S2,LYCEE DJIGNABO,O,Académie de Ziguinchor,ZIGUINCHOR,COLLEGE SAINT CHARLES LWANGA,1,Pass,ADM,1,2000,10.77,11.54,11.63,11.86,9,11,11,6,6,11,0.0,0.0,0.0,260,10.0,10.0,10.41,18,167.0,220,110.0,159,0,1,0,1,0,1,1,2,1,0,10.608695652173912,10.711428571428572,122,209,17,15,10
0,60,1,Deuxième Session,Passable,10.0,PASSE,1,2018,M,S2,LYCEE DE BARGNY,O,Académie de Rufisque,BARGNY,LYCEE DE BARGNY,2,Pass,ADM,2,2008,10.37,11.32,10.62,12.06,12,10,10,6,3,5,0.0,0.0,0.0,218,8.38,11.23,12.35,23,121.6,741,10.0,367,0,1,0,1,0,1,1,2,0,0,10.467735849056604,10.41,4,115,38,10,11
 Kolda,60,1,Deuxième Session,Passable,10.26,PASSE,1,2018,M,S2,LYCEE DE GUIRO YERO BOCAR,O,Académie de Kolda,KOLDA,LYCEE DE SALIKEGNE,4,Pass,ADM,2,2007,12.56,10.25,10.45,10.3,8,11,6,11,7,8,0.0,0.0,0.0,230,8.85,10.62,10.71,21,114.75,766,10.26,302,0,1,0,1,0,1,1,2,0,0,10.466363636363637,10.57375,48,135,95,5,4
 Saint-Louis,60,1,Première Session,Passable,10.46,PASSE,1,2018,F,S2,LYCEE VALDIODIO NDIAYE,O,Académie de Kaolack,KAOLACK,COLLEGE PIE XII,1,Pass,ADM,1,2000,13.43,10.09,11.94,11.54,10,14,14,11,10,9,0.0,0.0,0.0,292,11.23,11.23,11.06,18,174.0,120,110.46000000000001,107,0,1,0,0,1,1,0,2,1,0,10.433076923076923,10.3396,41,252,15,4,7
 Dakar,0,1,Deuxième Session,NULL,0.19,NON ADMIS,1,2018,M,S2,LYCEE ZONE DE RECASEMENT DE KEUR MASSAR ,O,Académie de Pikine - Guédiawaye,KEUR MASSAR,LYCEE ZONE DE RECASEMENT DE KEUR MASSAR ,2,Pass,ADM,1,1998,10.9,9.74,10.74,11.21,8,12,10,12,18,11,0.0,0.0,0.0,284,10.92,10.92,10.47,21,150.1,502,0.19,784,0,1,0,1,0,1,1,0,0,4,10.725974025974025,10.592222222222222,45,253,146,9,0
 Ziguinchor,60,1,Deuxième Session,Passable,10.0,PASSE,1,2018,F,S2,LYCEE DJIGNABO,O,Académie de Ziguinchor,ZIGUINCHOR,LYCEE DJIGNABO,1,Pass,ADM,1,1999,13.34,9.84,9.76,9.57,7,10,15,5,8,14,0.0,0.0,0.0,271,10.42,10.42,10.53,19,172.0,151,10.0,367,0,1,0,0,1,1,0,2,0,0,10.608695652173912,10.711428571428572,122,209,118,15,10
 Dakar,30,1,Deuxième Session,NULL,8.82,NON ADMIS,1,2018,F,S2,LYCEE CAMP MARCHAND DE RUFISQUE,O,Académie de Rufisque,RUFISQUE,LYCEE MODERNE DE RUFISQUE,2,Pass,ADM,1,1997,10.74,11.13,13.17,12.07,14,12,7,6,6,8,0.0,0.0,0.0,260,10.0,10.0,11.18,21,155.79999999999998,414,8.82,523,0,1,0,0,1,1,0,0,0,4,10.467735849056604,10.449444444444445,93,99,134,10,0
 Dakar,60,1,Deuxième Session,Passable,10.71,PASSE,1,2018,F,S2,LYCEE BANQUE ISLAMIQUE,O,Académie de Pikine - Guédiawaye,GUEDIAWAYE,ECOLE NANSEN,2,Pass,ADM,1,1996,11.8,12.69,14.36,13.88,8,13,10,4,11,10,0.0,0.0,0.0,260,10.0,10.0,10.47,22,149.15,518,10.71,235,0,1,0,0,1,1,0,2,0,0,10.725974025974025,10.639425287356321,32,95,23,9,0
 Dakar,15,1,Deuxième Session,NULL,4.51,NON ADMIS,1,2018,F,S2,LYCEE BLAISE DIAGNE,O,Académie de Dakar,DAKAR,LYCEE LAMINE GUEYE,2,Pass,ADM,1,1997,12.11,10.88,10.69,11.0,6,10,10,5,11,12,0.0,0.0,0.0,262,10.08,10.08,9.53,21,138.7,649,4.51,700,0,1,0,0,1,1,0,0,0,4,10.54820754716981,10.512179487179488,11,96,123,0,0
 Louga,60,1,Deuxième Session,Passable,10.02,PASSE,1,2018,M,S2,LYCEE MALICK SALL,O,Académie de Louga,LOUGA,LYCEE MALICK SALL,2,Pass,ADM,1,1996,10.07,10.32,11.03,1.41,9,12,12,6,10,15,0.0,0.0,0.0,301,11.58,11.58,12.18,22,176.7,102,10.02,362,0,1,0,1,0,1,1,2,0,0,10.643953488372093,10.577333333333334,55,232,130,7,5
 Dakar,60,1,Première Session,Passable,10.69,PASSE,1,2018,F,S2,LYCEE SEYDINA LIMAMOULAYE,O,Académie de Pikine - Guédiawaye,GUEDIAWAYE,CEM JOSEPH CORREA A,1,Pass,ADM,1,1999,13.76,13.89,11.61,11.11,7,8,10,13,13,15,0.0,0.0,0.0,278,10.69,10.69,10.18,19,168.0,208,110.69,85,0,1,0,0,1,1,0,2,1,0,10.725974025974025,10.639425287356321,32,248,7,9,0
 Kaolack,30,1,Deuxième Session,NULL,7.06,NON ADMIS,1,2018,M,S2,COURS PRIVES MBOUTOU SOW,O,Académie de Kaolack,KAOLACK,COLLEGE PRIVE MBOUTOU SOW,4,Pass,ADM,1,1994,9.31,10.11,10.56,10.13,9,11,8,7,7,13,0.0,0.0,0.0,260,10.0,10.0,11.12,24,143.65,601,7.06,628,0,1,0,1,0,1,1,0,0,4,10.433076923076923,10.3396,41,27,16,4,3
 Diourbel,60,1,Deuxième Session,Passable,10.0,PASSE,1,2018,F,S2,LYCEE D'ENSEIGNEMENT GENERAL DE DIOURBEL,O,Académie de Diourbel,DIOURBEL,LYCEE D'ENSEIGNEMENT GENERAL DE DIOURBEL,2,Pass,ADM,1,2006,14.05,11.98,10.49,9.66,13,13,6,7,9,8,0.0,0.0,0.0,260,10.0,10.0,11.24,20,156.75,399,10.0,367,0,1,0,0,1,1,0,2,0,0,10.351333333333335,10.38225806451613,20,108,32,1,1
 Thiès,60,1,Deuxième Session,Passable,10.27,PASSE,1,2018,M,S2,LYCEE MALICK SY,O,Académie de Thiès,THIES,COLLEGE SAINT GABRIEL,1,Pass,ADM,1,1999,10.79,12.56,11.42,10.82,11,9,9,6,7,12,0.0,0.0,0.0,260,10.0,10.0,10.65,20,161.0,319,10.27,301,0,1,0,1,0,1,1,2,0,0,10.606013513513513,10.645483870967741,114,233,18,14,9
 Dakar,16,1,Deuxième Session,NULL,6.27,NON ADMIS,1,2018,F,S2,LYCEE DE THIAROYE,O,Académie de Pikine - Guédiawaye,PIKINE,CEM THIAROYE 44,1,Pass,ADM,1,1999,0.0,13.4,12.72,12.53,10,11,9,14,13,12,0.0,0.0,0.0,291,11.19,11.19,11.06,19,177.0,93,6.27,657,0,1,0,0,1,1,0,0,0,4,10.725974025974025,10.896896551724138,86,196,13,9,0
 Dakar,15,1,Deuxième Session,NULL,6.61,NON ADMIS,1,2018,M,S2,LYCEE SEYDINA LIMAMOULAYE,O,Académie de Pikine - Guédiawaye,GUEDIAWAYE,CEM NDIARKA DIAGNE,2,Pass,ADM,2,1998,10.52,9.1,9.99,11.38,5,12,6,11,7,11,0.0,0.0,0.0,246,9.46,11.73,12.18,20,138.7,649,6.61,644,0,1,0,1,0,1,1,0,0,4,10.725974025974025,10.639425287356321,32,248,11,9,0
 Saint-Louis,60,1,Deuxième Session,Passable,10.16,PASSE,1,2018,M,S2,LYCEE TECHNIQUE PRIVE AMADOU SOW NDIAYE,O,Académie de Saint - Louis,SAINT LOUIS,LYCEE TECHNIQUE ANDRE PEYTAVIN,1,Pass,ADM,1,2000,9.91,12.3,10.85,12.21,8,13,13,12,10,11,0.0,0.0,0.0,285,10.96,10.96,10.82,18,173.0,132,10.16,329,0,1,0,1,0,1,1,2,0,0,10.538157894736841,10.502380952380953,95,250,143,11,7
 Dakar,60,1,Deuxième Session,Passable,10.0,PASSE,1,2018,M,S2,GROUPE SCOLAIRE PRIVE SEYDOU NOUROU TALL,O,Académie de Pikine - Guédiawaye,PIKINE,CEM THIAROYE 44,2,Pass,ADM,1,1998,0.0,0.0,0.0,0.0,6,10,9,11,9,14,0.0,0.0,0.0,270,10.38,10.38,10.24,20,150.1,502,10.0,367,0,1,0,1,0,1,1,2,0,0,10.725974025974025,10.896896551724138,86,82,13,9,0
 Dakar,60,1,Deuxième Session,Passable,11.76,PASSE,1,2018,F,S2,LYCEE SERGENT MALAMINE CAMARA,O,Académie de Dakar,PARCELLES ASSAINIES,CEM UNITE 19,1,Pass,ADM,1,1999,12.59,10.8,12.69,12.52,8,10,11,10,9,10,0.0,0.0,0.0,261,10.04,10.04,9.41,19,152.0,474,11.76,174,0,1,0,0,1,1,0,2,0,0,10.54820754716981,10.64857142857143,82,242,14,0,0
 Dakar,60,1,Deuxième Session,Passable,10.72,PASSE,1,2018,F,S2,LYCEE DE THIAROYE,O,Académie de Pikine - Guédiawaye,PIKINE,LYCEE DE THIAROYE,2,Pass,ADM,1,1999,10.82,10.29,13.38,12.34,11,9,14,8,6,12,0.0,0.0,0.0,282,10.85,10.85,10.65,20,152.95,467,10.72,233,0,1,0,0,1,1,0,2,0,0,10.725974025974025,10.896896551724138,86,196,108,9,0
 Thiès,60,1,Première Session,Passable,10.1,PASSE,1,2018,M,S2,LYCEE LEOPOLD SEDAR SENGHOR,O,Académie de Thiès,JOAL,LYCEE LEOPOLD SEDAR SENGHOR,1,Pass,ADM,1,2003,13.43,11.17,10.03,9.05,11,11,10,9,9,16,0.0,0.0,0.0,307,11.81,11.81,12.76,21,195.0,26,110.1,151,0,1,0,1,0,1,1,2,1,0,10.606013513513513,10.719999999999999,37,225,124,14,9
 Dakar,40,1,Deuxième Session,NULL,9.27,NON ADMIS,1,2018,F,S2,LYCEE SERGENT MALAMINE CAMARA,O,Académie de Dakar,PARCELLES ASSAINIES,LYCEE SERGENT MALAMINE CAMARA,2,Pass,ADM,1,1998,11.01,10.82,12.19,11.31,7,12,10,8,7,13,0.0,0.0,0.0,272,10.46,10.46,10.88,20,157.7,374,9.27,473,0,1,0,0,1,1,0,0,0,4,10.54820754716981,10.64857142857143,82,242,137,0,0
 Diourbel,25,1,Deuxième Session,NULL,7.91,NON ADMIS,1,2018,F,S2,LYCEE EX CEM MBACKE 2,O,Académie de Diourbel,MBACKE,LYCEE DE MBACKE,1,Pass,ADM,1,2010,9.3,10.49,11.19,11.25,5,11,11,4,5,16,0.0,0.0,0.0,260,10.0,10.0,11.0,20,171.0,165,7.91,597,0,1,0,0,1,1,0,0,0,4,10.351333333333335,10.188333333333334,59,216,68,1,1
 Dakar,60,1,Deuxième Session,Passable,11.16,PASSE,1,2018,M,S2,LYCEE SERGENT MALAMINE CAMARA,O,Académie de Dakar,PARCELLES ASSAINIES,CEM UNITE 19,3,Pass,ADM,1,1996,11.97,10.56,11.94,10.71,11,10,9,11,6,10,0.0,0.0,0.0,260,10.0,10.0,10.29,22,138.6,653,11.16,194,0,1,0,1,0,1,1,2,0,0,10.54820754716981,10.64857142857143,82,242,14,0,0
 Fatick,13,1,Deuxième Session,NULL,3.93,NON ADMIS,1,2018,M,S2,CANDIDAT INDIVIDUEL FATICK (CAOSP),I,Académie de Fatick,FATICK,LYCEE DE SOUM,4,Pass,ADM,1,2006,0.0,0.0,0.0,0.0,6,9,10,11,9,15,0.0,0.0,0.0,261,10.04,10.04,10.24,24,135.15,679,3.93,719,0,1,0,1,0,1,1,0,0,4,10.480731707317073,10.505555555555555,24,6,103,2,2
 Dakar,7,1,Deuxième Session,NULL,2.0,NON ADMIS,1,2018,F,S2,INSTITUTION NOTRE DAME,O,Académie de Dakar,DAKAR,UNIVERSITE AMADOU HAMPATE BA,1,Pass,ADM,1,2000,11.8,13.35,11.75,11.39,10,11,14,13,17,7,0.0,0.0,0.0,281,10.81,10.81,9.29,18,147.0,555,2.0,751,0,1,0,0,1,1,0,0,0,4,10.54820754716981,10.512179487179488,11,86,147,0,0
 Kaolack,12,1,Deuxième Session,NULL,7.68,NON ADMIS,1,2018,M,S2,NOUVEAU LYCEE DE KAOLACK,O,Académie de Kaolack,KAOLACK,COLLEGE PRIVE MBOUTOU SOW,3,Pass,ADM,2,1995,10.47,8.36,9.27,8.76,11,6,6,8,8,16,0.0,0.0,0.0,257,9.88,11.15,12.06,23,153.0,458,7.68,604,0,1,0,1,0,1,1,0,0,4,10.433076923076923,10.3396,41,255,16,4,3
 Fatick,60,1,Deuxième Session,Passable,11.21,PASSE,1,2018,F,S2,LYCEE DE PASSY,O,Académie de Fatick,PASSY,LYCEE DE PASSY,1,Pass,ADM,1,1999,12.24,11.97,9.56,10.07,13,12,9,10,9,7,0.0,0.0,0.0,260,10.0,10.0,10.53,19,164.0,270,11.21,189,0,1,0,0,1,1,0,2,0,0,10.480731707317073,10.165714285714285,83,171,87,2,2
 Diourbel,33,1,Deuxième Session,NULL,7.8,NON ADMIS,1,2018,F,S2,LYCEE CHEIKH MOUHAMADOU MOUSTAPHA MBACKE,O,Académie de Diourbel,DIOURBEL,LYCEE D'ENSEIGNEMENT GENERAL DE DIOURBEL,1,Pass,ADM,1,2002,12.86,10.87,9.64,11.0,7,10,11,10,8,14,0.0,0.0,0.0,276,10.62,10.62,10.53,19,172.0,151,7.8,601,0,1,0,0,1,1,0,0,0,4,10.351333333333335,10.38225806451613,20,103,32,1,1
 Ziguinchor,60,1,Première Session,Passable,10.75,PASSE,1,2018,M,S2,LYCEE DE KAFOUNTINE,O,Académie de Ziguinchor,KAFOUNTINE,LYCEE DE KAFOUNTINE,1,Pass,ADM,1,2005,11.63,12.3,10.8,12.83,4,12,9,8,9,13,0.0,0.0,0.0,260,10.0,10.0,10.0,20,154.0,445,110.75,75,0,1,0,1,0,1,1,2,1,0,10.608695652173912,10.0,39,137,58,15,10
 Ziguinchor,60,1,Première Session,Assez-Bien,12.37,PASSE,1,2018,M,S2,LYCEE ALINE SITOE DIATTA,O,Académie de Ziguinchor,OUSSOUYE,LYCEE ALINE SITOE DIATTA,1,Pass,ADM,1,2000,10.63,14.99,12.77,12.04,10,12,11,12,7,6,0.0,0.0,0.0,260,10.0,10.0,9.29,20,136.0,672,112.37,9,0,1,0,1,0,1,1,2,1,1,10.608695652173912,10.0,81,91,26,15,10
 Kaolack,4,1,Deuxième Session,NULL,0.68,NON ADMIS,1,2018,F,S2,LYCEE VALDIODIO NDIAYE,O,Académie de Kaolack,KAOLACK,COLLEGE PRIVE MBOUTOU SOW,3,Pass,ADM,1,1993,12.34,11.41,12.13,13.04,6,11,11,11,10,11,0.0,0.0,0.0,260,10.0,10.0,9.53,25,130.5,702,0.68,770,0,1,0,0,1,1,0,0,0,4,10.433076923076923,10.3396,41,252,16,4,3
 Louga,40,1,Deuxième Session,NULL,9.78,NON ADMIS,1,2018,M,S2,LYCEE ABDOULAYE SADJI,O,Académie de Rufisque,RUFISQUE,LYCEE MODERNE DE RUFISQUE,2,Pass,ADM,1,2008,12.41,10.45,10.21,9.51,7,8,12,6,10,14,0.0,0.0,0.0,262,10.08,10.08,9.82,19,153.9,450,9.78,453,0,1,0,1,0,1,1,0,0,4,10.467735849056604,10.449444444444445,93,88,134,10,5
 Dakar,37,1,Deuxième Session,NULL,7.0,NON ADMIS,1,2018,F,S2,LYCEE DE THIAROYE,O,Académie de Pikine - Guédiawaye,PIKINE,CEM THIAROYE 44,2,Pass,ADM,2,2006,0.0,0.0,0.0,0.0,15,9,6,6,5,10,0.0,0.0,0.0,254,9.77,11.62,13.59,21,156.75,399,7.0,629,0,1,0,0,1,1,0,0,0,4,10.725974025974025,10.896896551724138,86,196,13,9,0
 Fatick,3,1,Deuxième Session,NULL,0.57,NON ADMIS,1,2018,M,S2,LYCEE MACODOU NDIAYE DE SOKONE,O,Académie de Fatick,SOKONE,LYCEE MACODOU NDIAYE DE SOKONE,1,Pass,ADM,1,1999,13.2,12.54,10.58,9.8,11,9,14,11,12,6,0.0,0.0,0.0,260,10.0,10.0,8.53,19,135.0,680,0.57,774,0,1,0,1,0,1,1,0,0,4,10.480731707317073,11.0,104,230,128,2,2
 Kaolack,60,1,Deuxième Session,Passable,10.59,PASSE,1,2018,F,S2,LYCEE VALDIODIO NDIAYE,O,Académie de Kaolack,KAOLACK,COLLEGE PIE XII,2,Pass,ADM,1,2009,11.69,12.13,13.15,13.4,6,13,11,11,12,10,0.0,0.0,0.0,273,10.5,10.5,9.88,21,141.54999999999998,622,10.59,251,0,1,0,0,1,1,0,2,0,0,10.433076923076923,10.3396,41,252,15,4,3
 Fatick,12,1,Deuxième Session,NULL,3.49,NON ADMIS,1,2018,F,S2,LYCEE COUMBA NDOFFENE DIOUF,O,Académie de Fatick,FATICK,LYCEE COUMBA NDOFFENE DIOUF,2,Pass,ADM,2,2009,9.72,11.02,11.22,10.41,8,12,8,8,7,10,0.0,0.0,0.0,246,9.46,10.04,10.82,22,144.4,585,3.49,727,0,1,0,0,1,1,0,0,0,4,10.480731707317073,10.505555555555555,24,107,30,2,2
 Dakar,60,1,Première Session,Passable,11.47,PASSE,1,2018,M,S2,LYCEE ABDOULAYE SADJI,O,Académie de Rufisque,RUFISQUE,LYCEE MODERNE DE RUFISQUE,1,Pass,ADM,2,1999,13.89,12.01,11.95,11.16,7,11,8,5,8,10,0.0,0.0,0.0,233,8.96,10.81,12.29,20,143.0,608,111.47,30,0,1,0,1,0,1,1,2,1,0,10.467735849056604,10.449444444444445,93,88,134,10,0
 Thiès,30,1,Deuxième Session,NULL,8.14,NON ADMIS,1,2018,F,S2,COLLEGE SAINT GABRIEL,O,Académie de Thiès,THIES,COLLEGE SAINT GABRIEL,2,Pass,ADM,1,1998,10.19,10.82,9.62,10.71,9,10,13,6,13,16,0.0,0.0,0.0,304,11.69,11.69,11.82,20,172.9,146,8.14,580,0,1,0,0,1,1,0,0,0,4,10.606013513513513,10.645483870967741,114,17,18,14,9
 Dakar,60,1,Deuxième Session,Passable,10.0,PASSE,1,2018,F,S2,LYCEE SEYDINA ISSA ROHOU LAHI,O,Académie de Pikine - Guédiawaye,GUEDIAWAYE,LYCEE SEYDINA LIMAMOULAYE,2,ABien,ADM,1,1997,9.62,10.36,12.4,13.04,16,13,9,8,5,15,0.0,0.0,0.0,328,12.62,12.62,14.59,21,227.04999999999998,1,10.0,367,0,1,0,0,1,1,0,2,0,0,10.725974025974025,10.639425287356321,32,247,141,9,0
 Diourbel,60,1,Première Session,Passable,10.0,PASSE,1,2018,M,S2,GROUPE SCOLAIRE XAADIMUL RASSUL DIOURBEL,O,Académie de Diourbel,DIOURBEL,LYCEE TECHNIQUE AMADOU BAMBA,2,Pass,ADM,1,2009,9.63,10.06,11.12,11.14,8,11,11,8,8,14,0.0,0.0,0.0,279,10.73,10.73,11.18,20,162.45,289,110.0,159,0,1,0,1,0,1,1,2,1,0,10.351333333333335,10.38225806451613,20,83,142,1,1
 Dakar,60,1,Deuxième Session,Passable,10.0,PASSE,1,2018,M,S2,LYCEE DEMBA DIOP,O,Académie de Thiès,MBOUR,COMPLEXE SCOLAIRE INTERN-KEUR MADIOR,2,Pass,ADM,1,1997,10.2,9.52,11.24,11.65,11,12,11,8,8,13,0.0,0.0,0.0,292,11.23,11.23,12.06,21,172.9,146,10.0,367,0,1,0,1,0,1,1,2,0,0,10.606013513513513,10.566285714285714,63,206,19,14,0
 Dakar,60,1,Deuxième Session,Passable,10.0,PASSE,1,2018,M,S2,LYCEE MIXTE MAURICE DELAFOSSE,O,Académie de Dakar,DAKAR,UNIVERSITE AMADOU HAMPATE BA,2,Pass,ADM,2,1997,10.65,10.42,10.93,10.41,8,9,8,7,6,12,0.0,0.0,0.0,231,8.88,11.42,13.53,21,141.54999999999998,622,10.0,367,0,1,0,1,0,1,1,2,0,0,10.54820754716981,10.512179487179488,11,237,147,0,0
 Dakar,60,1,Première Session,Passable,10.29,PASSE,1,2018,F,S2,LYCEE ABDOULAYE SADJI,O,Académie de Rufisque,RUFISQUE,LYCEE MODERNE DE RUFISQUE,1,Pass,ADM,1,1998,14.83,13.84,12.73,13.65,10,11,7,11,9,11,0.0,0.0,0.0,269,10.35,10.35,10.71,20,161.0,319,110.28999999999999,128,0,1,0,0,1,1,0,2,1,0,10.467735849056604,10.449444444444445,93,88,134,10,0
 Thiès,60,1,Première Session,Passable,10.27,PASSE,1,2018,F,S2,LYCEE DE THIENABA,O,Académie de Thiès,THIENABA,LYCEE DE THIENABA,2,Pass,ADM,1,2001,11.52,10.31,10.39,12.04,6,14,8,8,5,13,0.0,0.0,0.0,260,10.0,10.0,11.29,21,163.4,278,110.27,130,0,1,0,0,1,1,0,2,1,0,10.606013513513513,10.175,113,197,109,14,9
 Dakar,60,1,Première Session,Passable,10.07,PASSE,1,2018,F,S2,LYCEE ABDOULAYE SADJI,O,Académie de Rufisque,RUFISQUE,LYCEE MODERNE DE RUFISQUE,1,Pass,ADM,1,1998,13.96,14.27,12.65,12.34,11,6,8,9,8,16,0.0,0.0,0.0,272,10.46,10.46,11.0,20,170.0,180,110.07,155,0,1,0,0,1,1,0,2,1,0,10.467735849056604,10.449444444444445,93,88,134,10,0
 Kaolack,6,1,Deuxième Session,NULL,4.57,NON ADMIS,1,2018,F,S2,GROUPE SCOLAIRE EDUCAZUR,O,Académie de Pikine - Guédiawaye,MBAO,CEM DIAMAGUENE (SICAP MBAO),2,Pass,ADM,1,2005,11.07,10.71,10.22,10.83,8,14,12,6,7,11,0.0,0.0,0.0,282,10.85,10.85,11.18,23,159.6,338,4.57,698,0,1,0,0,1,1,0,0,0,4,10.725974025974025,10.975,60,76,3,9,3
 Thiès,43,1,Deuxième Session,NULL,9.19,AUTORISE,1,2018,M,S2,LYCEE DAROU KHOUDOSS ,O,Académie de Thiès,DAROU KHOUDOSS,LYCEE DAROU KHOUDOSS ,1,Pass,ADM,1,1999,9.29,9.34,11.93,12.66,7,13,12,10,3,11,0.0,0.0,0.0,260,10.0,10.0,10.53,19,169.0,193,9.19,483,0,1,0,1,0,1,1,1,0,4,10.606013513513513,10.678,12,109,33,14,9
 Dakar,60,1,Première Session,Passable,11.22,PASSE,1,2018,M,S2,LYCEE BLAISE DIAGNE,O,Académie de Dakar,DAKAR,LYCEE TECHNIQUE INDUSTRIEL DELAFOSSE,2,Pass,ADM,1,1997,10.59,11.08,11.06,12.34,12,10,8,6,6,11,0.0,0.0,0.0,260,10.0,10.0,10.94,21,155.79999999999998,414,111.22,47,0,1,0,1,0,1,1,2,1,0,10.54820754716981,10.512179487179488,11,96,145,0,0
 Dakar,60,1,Deuxième Session,Passable,10.06,PASSE,1,2018,M,S2,LYCEE DE KEUR MASSAR ,O,Académie de Pikine - Guédiawaye,KEUR MASSAR,LYCEE ZONE DE RECASEMENT DE KEUR MASSAR ,1,Pass,ADM,2,1999,11.03,11.05,10.25,10.02,7,7,8,7,8,14,0.0,0.0,0.0,236,9.08,11.81,12.59,19,157.0,389,10.06,353,0,1,0,1,0,1,1,2,0,0,10.725974025974025,10.592222222222222,45,140,146,9,0
 Dakar,60,1,Première Session,Passable,10.24,PASSE,1,2018,F,S2,COURS PRIVE EXCELLENCE LIMALOULAYE,O,Académie de Pikine - Guédiawaye,GUEDIAWAYE,LYCEE SEYDINA LIMAMOULAYE,1,Pass,ADM,1,2018,13.71,12.59,12.17,10.87,9,9,9,8,9,13,0.0,0.0,0.0,267,10.27,10.27,10.41,19,169.0,193,110.24,139,0,1,0,0,1,1,0,2,1,0,10.725974025974025,10.639425287356321,32,23,141,9,0
Sédhiou,60,1,Première Session,Passable,11.37,PASSE,1,2018,M,S2,LYCEE DE DJIREDJI,O,Académie de Sédhiou,DJIREDJI,LYCEE DE DJIREDJI,2,Pass,ADM,1,2010,10.08,0.0,13.48,13.62,7,11,10,7,6,13,0.0,0.0,0.0,263,10.12,10.12,10.53,19,162.45,289,111.37,37,0,1,0,1,0,1,1,2,1,0,10.63,10.12,21,127,50,12,14
 Dakar,60,1,Deuxième Session,Passable,11.13,PASSE,1,2018,M,S2,LYCEE DE SINDIAN BIGNONA,O,Académie de Ziguinchor,SINDIAN,LYCEE DE SINDIAN BIGNONA,5,Pass,ADM,1,1993,11.65,11.52,12.73,12.07,9,11,14,8,4,14,0.0,0.0,0.0,279,10.73,10.73,11.47,25,148.75,531,11.13,196,0,1,0,1,0,1,1,2,0,0,10.608695652173912,10.73,103,189,102,15,0
 Dakar,39,1,Deuxième Session,NULL,8.73,NON ADMIS,1,2018,M,S2,LYCEE AHMADOU NDACK SECK THIES,O,Académie de Thiès,THIES,ECOLE ELEMENTAIRE GERMAINE LE GOFF DE THIES,2,Pass,ADM,1,1997,9.88,10.09,10.11,11.93,5,11,15,14,10,15,0.0,0.0,0.0,301,11.58,11.58,10.65,21,156.75,399,8.73,535,0,1,0,1,0,1,1,0,0,4,10.606013513513513,10.645483870967741,114,89,21,14,0
 Thiès,7,1,Deuxième Session,NULL,1.33,NON ADMIS,1,2018,M,S2,ECOLE CATHOLIQUE SAINT JEAN,O,Académie de Thiès,MBOUR,LYCEE DEMBA DIOP,3,Pass,ADM,1,1997,9.52,10.09,12.0,12.0,6,8,10,8,13,15,0.0,0.0,0.0,260,10.0,10.0,9.88,21,138.6,653,1.33,756,0,1,0,1,0,1,1,0,0,4,10.606013513513513,10.566285714285714,63,37,116,14,9
 Saint-Louis,15,1,Deuxième Session,NULL,4.43,NON ADMIS,1,2018,F,S2,COLLEGE SAINT GABRIEL,O,Académie de Thiès,THIES,LYCEE D' ENSEIGNEMENT TECHNIQUE ET DE FORMATION PR,1,Pass,ADM,1,2001,12.52,12.09,10.14,10.33,10,11,12,4,11,10,0.0,0.0,0.0,260,10.0,10.0,10.35,17,165.0,258,4.43,705,0,1,0,0,1,1,0,0,0,4,10.606013513513513,10.645483870967741,114,17,31,14,7
 Thiès,60,1,Première Session,Passable,10.5,PASSE,1,2018,M,S2,LYCEE DEMBA DIOP,O,Académie de Thiès,MBOUR,COMPLEXE SCOLAIRE INTERN-KEUR MADIOR,1,Pass,ADM,1,2010,14.46,13.89,12.37,13.17,5,13,10,12,12,13,0.0,0.0,0.0,282,10.85,10.85,10.65,18,173.0,132,110.5,102,0,1,0,1,0,1,1,2,1,0,10.606013513513513,10.566285714285714,63,206,19,14,9
 Thiès,60,1,Deuxième Session,Passable,10.54,PASSE,1,2018,M,S2,LYCEE DEMBA DIOP,O,Académie de Thiès,MBOUR,COMPLEXE SCOLAIRE INTERN-KEUR MADIOR,2,Pass,ADM,1,2004,9.83,10.73,12.17,12.75,9,13,11,11,13,13,0.0,0.0,0.0,302,11.62,11.62,11.82,22,170.04999999999998,177,10.54,258,0,1,0,1,0,1,1,2,0,0,10.606013513513513,10.566285714285714,63,206,19,14,9
 Fatick,60,1,Première Session,Passable,10.89,PASSE,1,2018,F,S2,LYCEE DE MBAO,O,Académie de Pikine - Guédiawaye,MBAO,ECOLE ELEMENTAIRE LGI MBAO,2,Pass,ADM,1,1998,12.06,11.44,9.54,10.82,6,11,12,9,9,14,0.0,0.0,0.0,274,10.54,10.54,10.59,20,154.85,432,110.89,62,0,1,0,0,1,1,0,2,1,0,10.725974025974025,10.975,60,150,22,9,2
 Thiès,60,1,Première Session,Passable,10.48,PASSE,1,2018,F,S2,LYCEE LEOPOLD SEDAR SENGHOR,O,Académie de Thiès,JOAL,LYCEE LEOPOLD SEDAR SENGHOR,1,Pass,ADM,1,2000,11.14,10.03,10.52,11.79,12,13,9,11,14,8,0.0,0.0,0.0,290,11.15,11.15,10.94,18,171.0,165,110.48,105,0,1,0,0,1,1,0,2,1,0,10.606013513513513,10.719999999999999,37,225,124,14,9
 Louga,60,1,Première Session,Passable,10.33,PASSE,1,2018,F,S2,LYCEE MACODOU KANGUE SALL,O,Académie de Louga,KEBEMER,LYCEE MACODOU KANGUE SALL,1,Pass,ADM,1,1999,11.4,11.47,12.08,11.88,5,12,11,8,10,13,0.0,0.0,0.0,270,10.38,10.38,10.29,19,168.0,208,110.33,123,0,1,0,0,1,1,0,2,1,0,10.643953488372093,10.56,42,229,127,7,5
 Tambacounda,45,1,Deuxième Session,NULL,8.74,AUTORISE,1,2018,M,S2,LYCEE DE KOTHIARY,O,Académie de Tambacounda,TAMBACOUNDA,LYCEE MAME CHEIKH MBAYE,2,Pass,ADM,1,2010,12.26,10.36,10.66,9.38,11,11,7,12,8,9,0.0,0.0,0.0,260,10.0,10.0,10.29,20,145.35,575,8.74,533,0,1,0,1,0,1,1,1,0,4,10.65846153846154,10.819999999999999,109,142,131,13,8
 Louga,60,1,Deuxième Session,Passable,10.19,PASSE,1,2018,F,S2,LYCEE MAME THIERNO BIRAHIM MBACKE,O,Académie de Louga,DAROU MOUSTY,LYCEE MAME THIERNO BIRAHIM MBACKE,1,Pass,ADM,1,1999,13.33,12.22,11.7,12.27,6,12,7,12,9,13,0.0,0.0,0.0,277,10.65,10.65,10.59,19,172.0,151,10.19,321,0,1,0,0,1,1,0,2,0,0,10.643953488372093,10.6625,13,234,132,7,5
 Fatick,25,1,Deuxième Session,NULL,7.72,NON ADMIS,1,2018,M,S2,ACADEMIA LIMAMOULAYE,O,Académie de Pikine - Guédiawaye,GUEDIAWAYE,CEM JOSEPH CORREA A,3,Pass,ADM,1,1994,10.15,8.08,10.34,10.36,6,12,10,7,8,14,0.0,0.0,0.0,269,10.35,10.35,10.94,24,151.20000000000002,486,7.72,603,0,1,0,1,0,1,1,0,0,4,10.725974025974025,10.639425287356321,32,0,7,9,2
 Fatick,21,1,Deuxième Session,NULL,5.01,NON ADMIS,1,2018,F,S2,LYCEE DE SOUM,O,Académie de Fatick,SOUM,LYCEE DE SOUM,1,Pass,ADM,1,2010,12.11,11.53,9.87,10.07,10,9,11,9,7,11,0.0,0.0,0.0,260,10.0,10.0,10.0,19,161.0,319,5.01,687,0,1,0,0,1,1,0,0,0,4,10.480731707317073,10.423333333333334,105,190,103,2,2
 Diourbel,46,1,Deuxième Session,NULL,9.49,AUTORISE,1,2018,M,S2,COLLEGE PRIVE CHEIKH ASSANE NDIAYE,O,Académie de Diourbel,DIOURBEL,LYCEE D'ENSEIGNEMENT GENERAL DE DIOURBEL,2,Pass,ADM,2,2008,9.96,9.5,9.92,10.52,11,10,5,5,4,14,0.0,0.0,0.0,249,9.58,10.04,11.71,21,169.1,187,9.49,457,0,1,0,1,0,1,1,1,0,4,10.351333333333335,10.38225806451613,20,15,32,1,1
 Kaolack,15,1,Deuxième Session,NULL,5.61,NON ADMIS,1,2018,F,S2,COLLEGE PIE XII,O,Académie de Kaolack,KAOLACK,COLLEGE PIE XII,1,Pass,ADM,1,2007,12.28,13.29,11.43,11.95,7,13,13,15,11,6,0.0,0.0,0.0,260,10.0,10.0,8.76,19,139.0,647,5.61,675,0,1,0,0,1,1,0,0,0,4,10.433076923076923,10.3396,41,14,15,4,3
 Thiès,60,1,Première Session,Passable,10.0,PASSE,1,2018,M,S2,LYCEE MALICK SY,O,Académie de Thiès,THIES,LYCEE D' ENSEIGNEMENT TECHNIQUE ET DE FORMATION PR,2,Pass,ADM,1,1997,11.57,10.23,8.87,10.03,7,13,10,12,9,8,0.0,0.0,0.0,260,10.0,10.0,9.47,21,133.95,689,110.0,159,0,1,0,1,0,1,1,2,1,0,10.606013513513513,10.645483870967741,114,233,31,14,9
 Dakar,60,1,Deuxième Session,Passable,10.0,PASSE,1,2018,F,S2,LYCEE DE SANDIARA,O,Académie de Thiès,SANDIARA,LYCEE DE SANDIARA,1,Pass,ADM,1,2000,13.51,12.56,10.98,12.04,3,9,7,6,13,18,0.0,0.0,0.0,260,10.0,10.0,10.41,18,175.0,112,10.0,367,0,1,0,0,1,1,0,2,0,0,10.606013513513513,10.545,98,185,98,14,0
 Kaolack,60,1,Deuxième Session,Passable,10.54,PASSE,1,2018,M,S2,LYCEE LEOPOLD SEDAR SENGHOR,O,Académie de Thiès,JOAL,LYCEE LEOPOLD SEDAR SENGHOR,1,Pass,ADM,1,1999,14.22,13.46,13.95,12.45,6,13,11,7,5,12,0.0,0.0,0.0,260,10.0,10.0,10.59,19,171.0,165,10.54,258,0,1,0,1,0,1,1,2,0,0,10.606013513513513,10.719999999999999,37,225,124,14,3
 Thiès,60,1,Deuxième Session,Passable,10.91,PASSE,1,2018,F,S2,COURS PRIVE EXCELLENCE,O,Académie de Thiès,THIES,LYCEE D' ENSEIGNEMENT TECHNIQUE ET DE FORMATION PR,1,Pass,ADM,2,2000,13.63,11.05,9.81,9.91,3,13,11,4,4,9,0.0,0.0,0.0,217,8.35,10.04,9.82,18,141.0,630,10.91,212,0,1,0,0,1,1,0,2,0,0,10.606013513513513,10.645483870967741,114,22,31,14,9
 Thiès,34,1,Deuxième Session,NULL,8.06,NON ADMIS,1,2018,M,S2,ECOLE PRIVEE FALLOU GALASS,O,Académie de Diourbel,MBACKE,LYCEE DE MBACKE,4,Pass,ADM,1,2007,11.47,10.52,11.53,12.46,9,11,7,5,7,14,0.0,0.0,0.0,260,10.0,10.0,11.47,24,148.75,531,8.06,589,0,1,0,1,0,1,1,0,0,4,10.351333333333335,10.188333333333334,59,49,68,1,9
 Kolda,60,1,Deuxième Session,Passable,11.61,PASSE,1,2018,M,S2,LYCEE DE KOUNKANE,O,Académie de Kolda,KOUNKANE,LYCEE DE KOUNKANE,2,Pass,ADM,1,1997,12.29,12.13,12.12,9.95,13,12,9,10,8,7,0.0,0.0,0.0,260,10.0,10.0,10.53,21,146.29999999999998,563,11.61,179,0,1,0,1,0,1,1,2,0,0,10.466363636363637,10.18,51,143,63,5,4
 Saint-Louis,60,1,Deuxième Session,Passable,11.19,PASSE,1,2018,M,S2,LYCEE BLAISE DIAGNE,O,Académie de Dakar,DAKAR,LYCEE LAMINE GUEYE,2,Pass,ADM,2,1996,10.56,8.62,9.93,9.68,11,11,8,5,6,10,0.0,0.0,0.0,242,9.31,10.23,12.06,22,151.04999999999998,490,11.19,190,0,1,0,1,0,1,1,2,0,0,10.54820754716981,10.512179487179488,11,96,123,0,7
 Dakar,22,1,Deuxième Session,NULL,7.81,NON ADMIS,1,2018,F,S2,LYCEE MODERNE DE RUFISQUE,O,Académie de Rufisque,RUFISQUE,LYCEE MODERNE DE RUFISQUE,1,Pass,ADM,1,1998,11.7,11.5,9.0,10.17,6,11,12,6,6,12,0.0,0.0,0.0,260,10.0,10.0,9.88,20,151.0,499,7.81,600,0,1,0,0,1,1,0,0,0,4,10.467735849056604,10.449444444444445,93,239,134,10,0
 Ziguinchor,18,1,Deuxième Session,NULL,7.47,NON ADMIS,1,2018,F,S2,LYCEE MAITRE ABDOULAYE WADE,O,Académie de Saint - Louis,DAGANA,LYCEE MAITRE ABDOULAYE WADE,2,Pass,ADM,1,2008,10.88,9.7,10.15,9.92,8,10,8,11,11,12,0.0,0.0,0.0,279,10.73,10.73,10.12,20,146.29999999999998,563,7.47,610,0,1,0,0,1,1,0,0,0,4,10.538157894736841,10.73,9,231,129,11,10
 Fatick,10,1,Deuxième Session,NULL,4.57,NON ADMIS,1,2018,M,S2,LYCEE ELHADJ MAMADOU DIOUF,O,Académie de Fatick,FOUNDIOUGNE,LYCEE ELHADJ MAMADOU DIOUF,3,Pass,ADM,1,2007,11.54,11.0,10.12,9.57,10,10,8,9,6,11,0.0,0.0,0.0,260,10.0,10.0,10.35,23,140.4,639,4.57,698,0,1,0,1,0,1,1,0,0,4,10.480731707317073,10.0,27,215,120,2,2
 Kolda,9,1,Deuxième Session,NULL,2.96,NON ADMIS,1,2018,F,S2,COLLEGE PRIVE MAMADOU GASSAMA DE ZIGUINCHOR,O,Académie de Ziguinchor,ZIGUINCHOR,COLLEGE SAINT CHARLES LWANGA,3,Pass,ADM,1,1997,10.34,9.51,12.42,12.4,8,15,6,10,11,14,0.0,0.0,0.0,299,11.5,11.5,12.59,21,171.9,164,2.96,734,0,1,0,0,1,1,0,0,0,4,10.608695652173912,10.711428571428572,122,16,17,15,4
 Thiès,43,1,Deuxième Session,NULL,9.01,AUTORISE,1,2018,M,S2,LYCEE DE SANDIARA,O,Académie de Thiès,SANDIARA,LYCEE DE SANDIARA,2,Pass,ADM,1,1997,12.01,11.18,9.76,10.32,8,6,12,12,12,16,0.0,0.0,0.0,278,10.69,10.69,10.12,22,150.1,502,9.01,499,0,1,0,1,0,1,1,1,0,4,10.606013513513513,10.545,98,185,98,14,9
 Kaolack,60,1,Première Session,Passable,11.38,PASSE,1,2018,M,S2,LYCEE VALDIODIO NDIAYE,O,Académie de Kaolack,KAOLACK,COLLEGE PIE XII,2,Pass,ADM,1,1997,9.62,9.52,11.61,11.73,10,14,7,10,4,9,0.0,0.0,0.0,260,10.0,10.0,11.06,22,155.79999999999998,414,111.38,36,0,1,0,1,0,1,1,2,1,0,10.433076923076923,10.3396,41,252,15,4,3
 Fatick,39,1,Deuxième Session,NULL,9.19,NON ADMIS,1,2018,F,S2,LYCEE DE THIARE NDIALGUI,O,Académie de Fatick,THIARE NDIALGUI,LYCEE DE THIARE NDIALGUI,2,Pass,ADM,2,1997,11.64,10.29,10.06,10.52,5,8,8,5,6,12,0.0,0.0,0.0,208,8.0,10.27,10.94,21,125.39999999999999,726,9.19,483,0,1,0,0,1,1,0,0,0,4,10.480731707317073,10.27,112,195,107,2,2
 Thiès,36,1,Deuxième Session,NULL,9.52,NON ADMIS,1,2018,M,S2,LYCEE DE THIENABA,O,Académie de Thiès,THIENABA,LYCEE DE THIENABA,2,Pass,ADM,1,1997,12.17,11.69,11.19,11.17,9,11,11,7,4,12,0.0,0.0,0.0,269,10.35,10.35,10.76,21,154.85,432,9.52,455,0,1,0,1,0,1,1,0,0,4,10.606013513513513,10.175,113,197,109,14,9
 Kaolack,9,1,Deuxième Session,NULL,4.11,NON ADMIS,1,2018,F,S2,LYCEE SEYDINA ISSA ROHOU LAHI,O,Académie de Pikine - Guédiawaye,GUEDIAWAYE,ECOLE NANSEN,1,Pass,ADM,1,2000,10.75,10.5,9.71,9.73,8,11,8,13,9,12,0.0,0.0,0.0,260,10.0,10.0,10.47,18,169.0,193,4.11,711,0,1,0,0,1,1,0,0,0,4,10.725974025974025,10.639425287356321,32,247,23,9,3
 Louga,60,1,Deuxième Session,Passable,10.0,PASSE,1,2018,F,S2,LYCEE MACODOU KANGUE SALL,O,Académie de Louga,KEBEMER,LYCEE MACODOU KANGUE SALL,1,Pass,ADM,2,1999,11.27,9.95,8.48,9.03,13,9,6,7,5,13,0.0,0.0,0.0,253,9.73,11.35,13.0,19,185.0,40,10.0,367,0,1,0,0,1,1,0,2,0,0,10.643953488372093,10.56,42,229,127,7,5
 Fatick,60,1,Première Session,Passable,10.74,PASSE,1,2018,F,S2,LYCEE DE NGUENIENE,O,Académie de Thiès,NGUENIENE,LYCEE DE NGUENIENE,2,Pass,ADM,2,2008,10.6,10.79,11.06,11.6,8,13,12,7,8,6,0.0,0.0,0.0,236,9.08,10.0,9.76,22,126.35,720,110.74,78,0,1,0,0,1,1,0,2,1,0,10.606013513513513,10.219999999999999,75,164,81,14,2
 Ziguinchor,60,1,Deuxième Session,Passable,10.66,PASSE,1,2018,M,S2,LYCEE DE THIONCK ESSYL,O,Académie de Ziguinchor,THIONCK ESSYL,LYCEE DE THIONCK ESSYL,5,Pass,ADM,2,2006,0.0,0.0,9.89,10.89,12,10,15,10,6,7,0.0,0.0,0.0,252,9.69,11.31,10.94,23,119.0,753,10.66,245,0,1,0,1,0,1,1,2,0,0,10.608695652173912,11.31,116,199,111,15,10
 Fatick,60,1,Deuxième Session,Passable,10.0,PASSE,1,2018,F,S2,ECOLE PRIVEE ELITES PLUS,O,Académie de Fatick,FATICK,LYCEE COUMBA NDOFFENE DIOUF,2,Pass,ADM,1,1997,11.33,10.68,12.26,11.04,5,11,12,12,7,14,0.0,0.0,0.0,269,10.35,10.35,10.29,21,151.04999999999998,490,10.0,367,0,1,0,0,1,1,0,2,0,0,10.480731707317073,10.505555555555555,24,48,30,2,2
 Diourbel,36,1,Deuxième Session,NULL,6.63,NON ADMIS,1,2018,F,S2,LYCEE SEYDINA LIMAMOULAYE,O,Académie de Pikine - Guédiawaye,GUEDIAWAYE,CEM JOSEPH CORREA B,3,Pass,ADM,1,1996,12.43,11.23,11.33,11.0,9,14,10,10,7,12,0.0,0.0,0.0,291,11.19,11.19,11.82,22,160.20000000000002,328,6.63,643,0,1,0,0,1,1,0,0,0,4,10.725974025974025,10.639425287356321,32,248,8,9,1
 Diourbel,60,1,Deuxième Session,Passable,10.16,PASSE,1,2018,M,S2,LYCEE MODERNE DE RUFISQUE,O,Académie de Rufisque,RUFISQUE,LYCEE MODERNE DE RUFISQUE,2,Pass,ADM,1,1995,10.86,11.02,11.68,10.94,8,15,5,6,5,10,0.0,0.0,0.0,260,10.0,10.0,11.18,23,158.65,353,10.16,329,0,1,0,1,0,1,1,2,0,0,10.467735849056604,10.449444444444445,93,239,134,10,1
 Kaolack,60,1,Deuxième Session,Passable,10.37,PASSE,1,2018,F,S2,LYCEE DEMBA DIOP,O,Académie de Thiès,MBOUR,LYCEE DEMBA DIOP,2,Pass,ADM,1,1997,10.85,9.85,11.3,12.98,9,10,10,6,7,13,0.0,0.0,0.0,260,10.0,10.0,10.76,21,155.79999999999998,414,10.37,282,0,1,0,0,1,1,0,2,0,0,10.606013513513513,10.566285714285714,63,206,116,14,3
 Thiès,60,1,Deuxième Session,Passable,10.0,PASSE,1,2018,M,S2,CANDIDAT INDIVIDUEL THIES (ACAPES),I,Académie de Thiès,THIES,LYCEE D' ENSEIGNEMENT TECHNIQUE ET DE FORMATION PR,3,Pass,ADM,1,2006,0.0,0.0,0.0,0.0,11,9,11,13,6,11,0.0,0.0,0.0,275,10.58,10.58,10.29,22,139.5,646,10.0,367,0,1,0,1,0,1,1,2,0,0,10.606013513513513,10.645483870967741,114,11,31,14,9
 Ziguinchor,60,1,Deuxième Session,Passable,10.36,PASSE,1,2018,M,S2,LYCEE DE SALY,O,Académie de Thiès,SALY,LYCEE DE SALY,4,Pass,ADM,1,1996,10.84,11.9,12.73,13.0,6,11,12,13,6,13,0.0,0.0,0.0,271,10.42,10.42,10.24,22,133.45,692,10.36,287,0,1,0,1,0,1,1,2,0,0,10.606013513513513,10.416,96,183,96,14,10
 Dakar,60,1,Première Session,Passable,10.0,PASSE,1,2018,F,S2,"ECOLE PRIVEE ""EUREKA LIMAMOULAYE""",O,Académie de Pikine - Guédiawaye,GUEDIAWAYE,LYCEE SEYDINA LIMAMOULAYE,2,Pass,ADM,1,2005,12.0,11.2,12.35,14.24,8,12,13,6,3,11,0.0,0.0,0.0,260,10.0,10.0,10.47,19,159.6,338,110.0,159,0,1,0,0,1,1,0,2,1,0,10.725974025974025,10.639425287356321,32,41,141,9,0
Sédhiou,60,1,Deuxième Session,Passable,10.68,PASSE,1,2018,M,S2,LYCEE DE DIANNAH MALARY,O,Académie de Sédhiou,DIANNAH MALARY,LYCEE DE DIANNAH MALARY,1,ABien,ADM,1,2006,14.38,13.67,11.81,12.95,13,10,13,5,13,14,0.0,0.0,0.0,312,12.0,12.0,12.29,19,216.0,5,10.68,240,0,1,0,1,0,1,1,2,0,0,10.63,12.0,15,121,45,12,14
 Fatick,60,1,Première Session,Passable,10.19,PASSE,1,2018,F,S2,LYCEE DE KEUR MASSAR ,O,Académie de Pikine - Guédiawaye,KEUR MASSAR,LYCEE ZONE DE RECASEMENT DE KEUR MASSAR ,1,Pass,ADM,1,1998,14.87,13.95,11.74,14.19,13,10,8,10,13,10,0.0,0.0,0.0,277,10.65,10.65,10.88,20,162.0,304,110.19,143,0,1,0,0,1,1,0,2,1,0,10.725974025974025,10.592222222222222,45,140,146,9,2
 Thiès,60,1,Deuxième Session,Passable,10.3,PASSE,1,2018,M,S2,COURS PRIVES SALMANE AL FARICI,O,Académie de Thiès,MBOUR,COMPLEXE SCOLAIRE INTERN-KEUR MADIOR,3,Pass,ADM,1,2006,10.54,10.59,12.58,11.75,11,11,7,10,7,14,0.0,0.0,0.0,287,11.04,11.04,12.06,24,164.70000000000002,269,10.3,297,0,1,0,1,0,1,1,2,0,0,10.606013513513513,10.566285714285714,63,28,19,14,9
 Dakar,43,1,Deuxième Session,NULL,8.07,AUTORISE,1,2018,F,S2,ECOLE PRIVEE LES PRATICIENS,O,Académie de Pikine - Guédiawaye,GUEDIAWAYE,CEM JOSEPH CORREA A,1,ABien,ADM,1,1999,16.03,13.45,11.81,13.24,9,14,14,11,12,11,0.0,0.0,0.0,313,12.04,12.04,11.47,19,202.0,16,8.07,586,0,1,0,0,1,1,0,1,0,4,10.725974025974025,10.639425287356321,32,61,7,9,0
 Dakar,6,1,Deuxième Session,NULL,6.05,NON ADMIS,1,2018,F,S2,CANDIDAT INDIVIDUEL MATAM (CAOSP),I,Académie de Matam,MATAM,LYCEE DE NDOULOUMADJI,5,Pass,ADM,1,1991,0.0,0.0,0.0,0.0,12,11,9,9,2,10,0.0,0.0,0.0,263,10.12,10.12,10.94,27,138.54999999999998,660,6.05,664,0,1,0,0,1,1,0,0,0,4,10.756875,10.12,58,8,76,8,0
 Fatick,26,1,Deuxième Session,NULL,8.6,NON ADMIS,1,2018,M,S2,LYCEE DE THIADIAYE,O,Académie de Thiès,THIADIAYE,CEM I DE THIADIAYE,2,Pass,ADM,2,2008,12.43,10.13,9.02,8.18,7,8,8,6,7,13,0.0,0.0,0.0,229,8.81,10.77,11.94,23,138.7,649,8.6,547,0,1,0,1,0,1,1,0,0,4,10.606013513513513,11.32,111,194,5,14,2
 Dakar,9,1,Deuxième Session,NULL,6.5,NON ADMIS,1,2018,F,S2,LYCEE EL HADJI IBRAHIMA DIOP DE YEUMBEUL,O,Académie de Pikine - Guédiawaye,PIKINE,LYCEE DE THIAROYE,1,Pass,ADM,1,2000,12.0,11.05,11.57,11.49,3,10,15,12,17,14,0.0,0.0,0.0,295,11.35,11.35,9.35,19,156.0,408,6.5,649,0,1,0,0,1,1,0,0,0,4,10.725974025974025,10.896896551724138,86,213,108,9,0
Kaffrine,60,1,Deuxième Session,Passable,10.67,PASSE,1,2018,M,S2,LYCEE EL HADJI IBRAHIMA BA KOUNGHEUL,O,Académie de Kaffrine,KOUNGHEUL,LYCEE EL HADJI IBRAHIMA BA KOUNGHEUL,1,Pass,ADM,1,2000,12.63,11.22,10.07,10.08,18,8,9,7,7,13,0.0,0.0,0.0,282,10.85,10.85,12.71,21,190.0,33,10.67,243,0,1,0,1,0,1,1,2,0,0,10.516153846153847,10.54,50,212,119,3,12
 Dakar,60,1,Première Session,Passable,11.5,PASSE,1,2018,F,S2,LYCEE SEYDINA LIMAMOULAYE,O,Académie de Pikine - Guédiawaye,GUEDIAWAYE,LYCEE BANQUE ISLAMIQUE,1,Pass,ADM,1,2000,12.02,12.06,11.71,11.12,6,9,14,14,9,16,0.0,0.0,0.0,297,11.42,11.42,10.59,18,175.0,112,111.5,26,0,1,0,0,1,1,0,2,1,0,10.725974025974025,10.639425287356321,32,248,29,9,0
 Thiès,60,1,Deuxième Session,Passable,10.44,PASSE,1,2018,M,S2,LYCEE DE SANDIARA,O,Académie de Thiès,SANDIARA,LYCEE DE SANDIARA,1,Pass,ADM,1,2007,11.55,9.88,9.16,9.63,9,7,6,7,10,16,0.0,0.0,0.0,260,10.0,10.0,10.76,21,167.0,220,10.44,271,0,1,0,1,0,1,1,2,0,0,10.606013513513513,10.545,98,185,98,14,9
 Dakar,60,1,Deuxième Session,Passable,10.0,PASSE,1,2018,F,S2,ECOLE PRIVEE NATANGUE,O,Académie de Pikine - Guédiawaye,KEUR MASSAR,LYCEE ZONE DE RECASEMENT DE KEUR MASSAR ,2,Pass,ADM,1,1996,10.12,11.86,10.67,10.66,10,10,9,4,9,12,0.0,0.0,0.0,260,10.0,10.0,10.71,22,153.9,450,10.0,367,0,1,0,0,1,1,0,2,0,0,10.725974025974025,10.592222222222222,45,66,146,9,0
 Dakar,9,1,Deuxième Session,NULL,4.82,NON ADMIS,1,2018,F,S2,GROUPE SCOLAIRE GASTON BERGER,O,Académie de Pikine - Guédiawaye,GUEDIAWAYE,CEM OGO DIOP,3,Pass,ADM,1,1997,11.39,11.12,12.87,12.65,5,14,8,7,13,13,0.0,0.0,0.0,286,11.0,11.0,11.0,21,151.20000000000002,486,4.82,691,0,1,0,0,1,1,0,0,0,4,10.725974025974025,10.639425287356321,32,77,12,9,0
 Matam,60,1,Deuxième Session,Passable,10.23,PASSE,1,2018,F,S2,LYCEE DE MEDINA NDIATHBES,O,Académie de Saint - Louis,AERE LAO,LYCEE DE AERE LAO,2,Pass,ADM,1,2008,11.85,11.65,10.67,11.54,10,10,6,6,6,15,0.0,0.0,0.0,260,10.0,10.0,11.76,20,171.0,165,10.23,310,0,1,0,0,1,1,0,2,0,0,10.538157894736841,10.0,1,152,35,11,6
 Dakar,6,1,Deuxième Session,NULL,2.66,NON ADMIS,1,2018,M,S2,COURS SAINTE MARIE DE HANN,O,Académie de Dakar,DAKAR,LYCEE TECHNIQUE INDUSTRIEL DELAFOSSE,1,Pass,ADM,1,2000,12.0,11.5,12.3,11.1,8,10,8,10,14,12,0.0,0.0,0.0,262,10.08,10.08,10.12,18,164.0,270,2.66,742,0,1,0,1,0,1,1,0,0,4,10.54820754716981,10.512179487179488,11,32,145,0,0
 Dakar,6,1,Deuxième Session,NULL,1.97,NON ADMIS,1,2018,M,S2,LYCEE ZONE DE RECASEMENT DE KEUR MASSAR ,O,Académie de Pikine - Guédiawaye,KEUR MASSAR,LYCEE ZONE DE RECASEMENT DE KEUR MASSAR ,1,Pass,ADM,1,1998,13.73,12.8,14.34,15.85,9,11,8,13,12,11,0.0,0.0,0.0,280,10.77,10.77,10.41,20,157.0,389,1.97,753,0,1,0,1,0,1,1,0,0,4,10.725974025974025,10.592222222222222,45,253,146,9,0
 Dakar,34,1,Deuxième Session,NULL,8.2,NON ADMIS,1,2018,M,S2,ECOLE PRIVEE LA MAIEUTIQUE,O,Académie de Dakar,PARCELLES ASSAINIES,CEM UNITE 19,2,Pass,ADM,2,1997,9.53,8.75,10.59,12.41,10,10,10,8,12,6,0.0,0.0,0.0,238,9.15,12.15,12.12,21,119.69999999999999,750,8.2,577,0,1,0,1,0,1,1,0,0,4,10.54820754716981,10.64857142857143,82,55,14,0,0
 Dakar,60,1,Deuxième Session,Passable,10.0,PASSE,1,2018,F,S2,ECOLE PRIVEE PAPA DJIBRIL DIOUF,O,Académie de Rufisque,SEBIKOTANE,LYCEE DE SEBIKOTANE,2,Pass,ADM,1,1997,10.85,10.41,12.24,12.71,11,13,7,6,7,12,0.0,0.0,0.0,268,10.31,10.31,12.06,21,171.95,162,10.0,367,0,1,0,0,1,1,0,2,0,0,10.467735849056604,10.309999999999999,101,67,101,10,0
 Thiès,60,1,Deuxième Session,Passable,10.0,PASSE,1,2018,M,S2,LYCEE COUMBA DIACK GUEYE KHOMBOLE,O,Académie de Thiès,KHOMBOLE,CEM COUMBA DIACK GUEYE DE KHOMBOLE,1,Pass,ADM,2,2009,11.27,9.5,9.09,9.19,4,12,11,6,7,9,0.0,0.0,0.0,230,8.85,10.0,10.0,20,130.0,704,10.0,367,0,1,0,1,0,1,1,2,0,0,10.606013513513513,10.075,46,106,2,14,9
 Thiès,60,1,Première Session,Passable,10.8,PASSE,1,2018,F,S2,LYCEE DE SALY,O,Académie de Thiès,SALY,LYCEE DE SALY,1,Pass,ADM,1,2006,14.42,11.94,12.57,11.69,11,11,12,9,7,12,0.0,0.0,0.0,275,10.58,10.58,11.35,19,181.0,55,110.8,70,0,1,0,0,1,1,0,2,1,0,10.606013513513513,10.416,96,183,96,14,9
 Dakar,60,1,Deuxième Session,Passable,10.18,PASSE,1,2018,M,S2,LYCEE SEYDINA LIMAMOULAYE,O,Académie de Pikine - Guédiawaye,GUEDIAWAYE,CEM JOSEPH CORREA A,2,Pass,ADM,1,2006,12.62,11.29,13.37,9.74,11,12,7,7,4,14,0.0,0.0,0.0,280,10.77,10.77,12.41,20,178.6,81,10.18,325,0,1,0,1,0,1,1,2,0,0,10.725974025974025,10.639425287356321,32,248,7,9,0
 Saint-Louis,60,1,Deuxième Session,Passable,10.85,PASSE,1,2018,F,S2,LYCEE DE RICHARD TOLL,O,Académie de Saint - Louis,RICHARD TOLL,CEM II DE RICHARD-TOLL,1,Pass,ADM,1,1998,12.53,11.18,10.37,10.98,10,10,11,10,9,9,0.0,0.0,0.0,260,10.0,10.0,9.65,20,144.0,597,10.85,220,0,1,0,0,1,1,0,2,0,0,10.538157894736841,10.446000000000002,91,178,6,11,7
 Thiès,60,1,Deuxième Session,Passable,10.0,PASSE,1,2018,F,S2,GROUPE SCOLAIRE GASTON BERGER,O,Académie de Pikine - Guédiawaye,GUEDIAWAYE,ECOLE NANSEN,2,Pass,ADM,1,2009,10.65,9.54,11.51,11.39,7,12,9,3,7,16,0.0,0.0,0.0,274,10.54,10.54,11.94,19,184.29999999999998,43,10.0,367,0,1,0,0,1,1,0,2,0,0,10.725974025974025,10.639425287356321,32,77,23,9,9
 Thiès,10,1,Deuxième Session,NULL,0.47,NON ADMIS,1,2018,F,S2,LYCEE DAROU KHOUDOSS ,O,Académie de Thiès,DAROU KHOUDOSS,LYCEE DAROU KHOUDOSS ,1,ABien,ADM,1,2003,12.84,12.73,14.1,13.3,11,12,10,13,12,12,0.0,0.0,0.0,312,12.0,12.0,11.71,20,196.0,25,0.47,780,0,1,0,0,1,1,0,0,0,4,10.606013513513513,10.678,12,109,33,14,9
 Thiès,60,1,Deuxième Session,Passable,11.76,PASSE,1,2018,M,S2,LYCEE DEMBA DIOP,O,Académie de Thiès,MBOUR,COMPLEXE SCOLAIRE INTERN-KEUR MADIOR,1,Pass,ADM,1,2017,9.83,10.31,12.56,13.06,9,10,11,5,6,12,0.0,0.0,0.0,260,10.0,10.0,10.41,22,158.0,367,11.76,174,0,1,0,1,0,1,1,2,0,0,10.606013513513513,10.566285714285714,63,206,19,14,9
 Dakar,60,1,Deuxième Session,Passable,11.19,PASSE,1,2018,M,S2,LYCEE DEMBA DIOP,O,Académie de Thiès,MBOUR,COMPLEXE SCOLAIRE INTERN-KEUR MADIOR,2,Pass,ADM,1,1994,9.73,11.3,12.88,12.89,8,15,10,8,2,13,0.0,0.0,0.0,282,10.85,10.85,12.24,24,175.75,111,11.19,190,0,1,0,1,0,1,1,2,0,0,10.606013513513513,10.566285714285714,63,206,19,14,0
 Dakar,6,1,Deuxième Session,NULL,2.28,NON ADMIS,1,2018,F,S2,LYCEE SEYDINA LIMAMOULAYE,O,Académie de Pikine - Guédiawaye,GUEDIAWAYE,LYCEE BANQUE ISLAMIQUE,2,Pass,ADM,1,2016,10.77,10.13,9.71,8.8,8,11,15,8,4,12,0.0,0.0,0.0,274,10.54,10.54,10.47,20,151.04999999999998,490,2.28,747,0,1,0,0,1,1,0,0,0,4,10.725974025974025,10.639425287356321,32,248,29,9,0
 Thiès,6,1,Deuxième Session,NULL,2.92,NON ADMIS,1,2018,F,S2,LYCEE CHEIKH MOURATH NDAO,O,Académie de Thiès,MEKHE,CEM  CHEIKH MOURATH NDAO DE MEKHE,3,Pass,ADM,1,2005,10.97,9.97,10.56,10.95,7,11,12,9,9,13,0.0,0.0,0.0,279,10.73,10.73,10.53,20,144.9,580,2.92,735,0,1,0,0,1,1,0,0,0,4,10.606013513513513,10.532,65,104,0,14,9
 Dakar,43,1,Deuxième Session,NULL,9.15,AUTORISE,1,2018,F,S2,LYCEE DE OUAKAM,O,Académie de Dakar,DAKAR,UNIVERSITE AMADOU HAMPATE BA,3,Pass,ADM,1,1995,10.57,10.94,11.38,11.16,12,12,7,5,5,12,0.0,0.0,0.0,260,10.0,10.0,12.0,23,162.0,304,9.15,489,0,1,0,0,1,1,0,1,0,4,10.54820754716981,10.512179487179488,11,168,147,0,0
 Dakar,60,1,Première Session,Passable,11.57,PASSE,1,2018,F,S2,ECOLE CATHOLIQUE COLLEGE SAINT PIERRE,O,Académie de Dakar,DAKAR,UNIVERSITE AMADOU HAMPATE BA,1,Pass,ADM,1,1998,10.75,11.68,12.76,13.21,8,12,8,9,9,11,0.0,0.0,0.0,260,10.0,10.0,10.47,20,158.0,367,111.57,23,0,1,0,0,1,1,0,2,1,0,10.54820754716981,10.512179487179488,11,35,147,0,0
 Louga,0,1,Deuxième Session,NULL,0.41,NON ADMIS,1,2018,F,S2,LYCEE MACODOU KANGUE SALL,O,Académie de Louga,KEBEMER,LYCEE MACODOU KANGUE SALL,1,Pass,ADM,1,2011,11.58,11.18,10.4,11.41,10,8,9,7,8,13,0.0,0.0,0.0,260,10.0,10.0,10.35,19,168.0,208,0.41,781,0,1,0,0,1,1,0,0,0,4,10.643953488372093,10.56,42,229,127,7,5
 Dakar,9,1,Deuxième Session,NULL,4.73,NON ADMIS,1,2018,F,S2,LYCEE DEMBA DIOP,O,Académie de Thiès,MBOUR,LYCEE DEMBA DIOP,1,Pass,ADM,1,2010,10.69,11.0,10.66,8.38,2,11,9,10,13,14,0.0,0.0,0.0,260,10.0,10.0,9.41,19,157.0,389,4.73,693,0,1,0,0,1,1,0,0,0,4,10.606013513513513,10.566285714285714,63,206,116,14,0
 Kaolack,60,1,Première Session,Passable,10.89,PASSE,1,2018,M,S2,LYCEE ABDOULAYE SADJI,O,Académie de Rufisque,RUFISQUE,LYCEE MODERNE DE RUFISQUE,2,Pass,ADM,1,1995,9.66,10.6,12.1,11.6,7,17,9,4,4,9,0.0,0.0,0.0,260,10.0,10.0,11.24,23,158.65,353,110.89,62,0,1,0,1,0,1,1,2,1,0,10.467735849056604,10.449444444444445,93,88,134,10,3
 Thiès,15,1,Deuxième Session,NULL,3.52,NON ADMIS,1,2018,F,S2,COLLEGE SAINT GABRIEL,O,Académie de Thiès,THIES,LYCEE D' ENSEIGNEMENT TECHNIQUE ET DE FORMATION PR,1,Pass,ADM,1,2000,11.3,11.5,10.26,11.07,5,13,10,14,11,13,0.0,0.0,0.0,282,10.85,10.85,10.65,18,173.0,132,3.52,725,0,1,0,0,1,1,0,0,0,4,10.606013513513513,10.645483870967741,114,17,31,14,9
 Dakar,30,1,Deuxième Session,NULL,5.55,NON ADMIS,1,2018,F,S2,LYCEE DE MBAO,O,Académie de Pikine - Guédiawaye,MBAO,ECOLE ELEMENTAIRE LGI MBAO,2,Pass,ADM,1,1997,11.48,11.03,12.38,11.6,8,11,14,13,9,14,0.0,0.0,0.0,302,11.62,11.62,11.18,21,162.45,289,5.55,676,0,1,0,0,1,1,0,0,0,4,10.725974025974025,10.975,60,150,22,9,0
 Saint-Louis,60,1,Première Session,Passable,10.45,PASSE,1,2018,F,S2,LYCEE AMETH FALL,O,Académie de Saint - Louis,SAINT LOUIS,LYCEE TECHNIQUE ANDRE PEYTAVIN,2,Pass,ADM,1,1998,12.46,10.94,13.13,14.39,12,15,7,9,5,12,0.0,0.0,0.0,285,10.96,10.96,13.06,20,185.25,38,110.45,109,0,1,0,0,1,1,0,2,1,0,10.538157894736841,10.502380952380953,95,93,143,11,7
 Diourbel,60,1,Première Session,Assez-Bien,13.51,PASSE,1,2018,M,S2,LYCEE DE MBACKE,O,Académie de Diourbel,MBACKE,LYCEE DE MBACKE,1,Pass,ADM,1,2010,9.92,9.56,11.41,13.03,10,12,10,5,4,11,0.0,0.0,0.0,260,10.0,10.0,11.06,19,176.0,105,113.51,3,0,1,0,1,0,1,1,2,1,1,10.351333333333335,10.188333333333334,59,149,68,1,1
 Dakar,60,1,Première Session,Passable,11.32,PASSE,1,2018,M,S2,LYCEE CAMP MARCHAND DE RUFISQUE,O,Académie de Rufisque,RUFISQUE,LYCEE MODERNE DE RUFISQUE,1,Pass,ADM,1,2015,14.09,12.17,12.18,11.79,13,12,5,6,12,8,0.0,0.0,0.0,260,10.0,10.0,10.88,19,170.0,180,111.32,39,0,1,0,1,0,1,1,2,1,0,10.467735849056604,10.449444444444445,93,99,134,10,0
 Thiès,34,1,Deuxième Session,NULL,8.43,NON ADMIS,1,2018,M,S2,LYCEE DE SANDIARA,O,Académie de Thiès,SANDIARA,LYCEE DE SANDIARA,2,Pass,ADM,2,2010,10.31,9.87,9.11,10.42,9,8,6,4,8,16,0.0,0.0,0.0,249,9.58,11.38,13.88,20,163.4,278,8.43,558,0,1,0,1,0,1,1,0,0,4,10.606013513513513,10.545,98,185,98,14,9
 Diourbel,36,1,Deuxième Session,NULL,8.72,NON ADMIS,1,2018,M,S2,LYCEE DE NGOYE,O,Académie de Diourbel,NGOYE,LYCEE DE NGOYE,2,Pass,ADM,1,2006,11.62,10.76,9.36,10.27,12,12,8,10,6,12,0.0,0.0,0.0,289,11.12,11.12,12.0,22,171.0,165,8.72,536,0,1,0,1,0,1,1,0,0,4,10.351333333333335,10.328333333333333,73,162,79,1,1
 Thiès,60,1,Deuxième Session,Passable,10.6,PASSE,1,2018,F,S2,LYCEE DE NGUENIENE,O,Académie de Thiès,NGUENIENE,LYCEE DE NGUENIENE,3,Pass,ADM,2,2006,11.04,9.66,10.83,11.34,6,12,7,6,9,11,0.0,0.0,0.0,244,9.38,10.62,10.88,23,135.0,680,10.6,250,0,1,0,0,1,1,0,2,0,0,10.606013513513513,10.219999999999999,75,164,81,14,9
 Diourbel,60,1,Deuxième Session,Passable,10.18,PASSE,1,2018,F,S2,LYCEE DE NGOYE,O,Académie de Diourbel,NGOYE,LYCEE DE NGOYE,1,Pass,ADM,1,2010,12.95,12.0,10.34,10.91,8,12,8,9,6,13,0.0,0.0,0.0,260,10.0,10.0,11.18,19,180.0,64,10.18,325,0,1,0,0,1,1,0,2,0,0,10.351333333333335,10.328333333333333,73,162,79,1,1
 Dakar,60,1,Deuxième Session,Passable,10.01,PASSE,1,2018,F,S2,LYCEE SEYDINA LIMAMOULAYE,O,Académie de Pikine - Guédiawaye,GUEDIAWAYE,LYCEE BANQUE ISLAMIQUE,2,Pass,ADM,1,1998,12.27,9.77,10.33,11.46,10,12,12,10,7,11,0.0,0.0,0.0,276,10.62,10.62,11.06,20,157.7,374,10.01,364,0,1,0,0,1,1,0,2,0,0,10.725974025974025,10.639425287356321,32,248,29,9,0
 Matam,32,1,Deuxième Session,NULL,8.08,NON ADMIS,1,2018,M,S2,LYCEE DE THILOGNE,O,Académie de Matam,THILOGNE,LYCEE DE THILOGNE,4,Pass,ADM,2,1996,11.97,9.97,11.68,11.43,6,13,8,10,10,7,0.0,0.0,0.0,236,9.08,10.42,10.41,22,111.35,773,8.08,584,0,1,0,1,0,1,1,0,0,4,10.756875,10.2775,115,198,110,8,6
 Dakar,42,1,Deuxième Session,NULL,9.46,AUTORISE,1,2018,F,S2,LYCEE DE MBAO,O,Académie de Pikine - Guédiawaye,MBAO,ECOLE ELEMENTAIRE LGI MBAO,1,Pass,ADM,1,1999,11.68,10.64,11.03,10.49,8,12,10,10,14,8,0.0,0.0,0.0,260,10.0,10.0,9.41,19,150.0,510,9.46,459,0,1,0,0,1,1,0,1,0,4,10.725974025974025,10.975,60,150,22,9,0
 Dakar,60,1,Première Session,Passable,11.11,PASSE,1,2018,M,S2,LYCEE SEYDINA LIMAMOULAYE,O,Académie de Pikine - Guédiawaye,GUEDIAWAYE,LYCEE BANQUE ISLAMIQUE,1,Pass,ADM,1,2001,0.0,0.0,0.0,0.0,11,11,12,7,7,10,0.0,0.0,0.0,263,10.12,10.12,10.65,18,169.0,193,111.11,49,0,1,0,1,0,1,1,2,1,0,10.725974025974025,10.639425287356321,32,248,29,9,0
 Dakar,36,1,Deuxième Session,NULL,6.87,NON ADMIS,1,2018,M,S2,LYCEE BLAISE DIAGNE,O,Académie de Dakar,DAKAR,LYCEE LAMINE GUEYE,1,Pass,ADM,1,1999,11.18,13.65,14.55,14.43,13,12,9,10,11,9,0.0,0.0,0.0,287,11.04,11.04,11.24,19,176.0,105,6.87,633,0,1,0,1,0,1,1,0,0,4,10.54820754716981,10.512179487179488,11,96,123,0,0
 Saint-Louis,3,1,Deuxième Session,NULL,2.97,NON ADMIS,1,2018,F,S2,LYCEE DE SANDIARA,O,Académie de Thiès,SANDIARA,LYCEE DE SANDIARA,3,Pass,ADM,1,2000,12.38,10.13,10.63,9.85,10,6,14,7,8,14,0.0,0.0,0.0,260,10.0,10.0,10.0,25,138.6,653,2.97,733,0,1,0,0,1,1,0,0,0,4,10.606013513513513,10.545,98,185,98,14,7
Sédhiou,60,1,Deuxième Session,Passable,10.0,PASSE,1,2018,F,S2,LYCEE DE SAMINE,O,Académie de Sédhiou,SAMINE,LYCEE DE SAMINE,3,Pass,ADM,1,2003,10.66,11.04,12.26,11.88,8,10,9,8,8,12,0.0,0.0,0.0,260,10.0,10.0,10.12,21,138.6,653,10.0,367,0,1,0,0,1,1,0,2,0,0,10.63,10.075,97,184,97,12,14
 Diourbel,37,1,Deuxième Session,NULL,8.16,NON ADMIS,1,2018,F,S2,LYCEE CHEIKH MOUHAMADOU MOUSTAPHA MBACKE,O,Académie de Diourbel,DIOURBEL,LYCEE D'ENSEIGNEMENT GENERAL DE DIOURBEL,2,Pass,ADM,1,1997,11.16,10.93,8.66,9.57,8,11,8,10,5,13,0.0,0.0,0.0,260,10.0,10.0,10.82,21,156.75,399,8.16,579,0,1,0,0,1,1,0,0,0,4,10.351333333333335,10.38225806451613,20,103,32,1,1
 Dakar,60,1,Première Session,Passable,11.29,PASSE,1,2018,F,S2,LYCEE DE THIAROYE,O,Académie de Pikine - Guédiawaye,PIKINE,CEM THIAROYE 44,1,Pass,ADM,1,1999,12.15,12.0,11.55,12.76,12,11,6,12,5,10,0.0,0.0,0.0,263,10.12,10.12,10.94,20,163.0,286,111.28999999999999,41,0,1,0,0,1,1,0,2,1,0,10.725974025974025,10.896896551724138,86,196,13,9,0
 Dakar,30,1,Deuxième Session,NULL,6.23,NON ADMIS,1,2018,F,S2,LYCEE ABDOULAYE SADJI,O,Académie de Rufisque,RUFISQUE,LYCEE MODERNE DE RUFISQUE,2,Pass,ADM,2,1998,10.03,9.61,10.98,10.98,7,13,10,4,5,4,0.0,0.0,0.0,213,8.19,11.65,12.65,20,111.14999999999999,774,6.23,660,0,1,0,0,1,1,0,0,0,4,10.467735849056604,10.449444444444445,93,88,134,10,0
 Thiès,60,1,Première Session,Passable,10.63,PASSE,1,2018,M,S2,LYCEE DE FISSEL,O,Académie de Thiès,FISSEL,LYCEE DE FISSEL,1,Pass,ADM,1,1998,11.08,9.49,9.39,10.21,11,6,9,11,11,13,0.0,0.0,0.0,263,10.12,10.12,9.94,20,152.0,474,110.63,93,0,1,0,1,0,1,1,2,1,0,10.606013513513513,10.754,26,130,53,14,9
 Dakar,60,1,Deuxième Session,Passable,10.0,PASSE,1,2018,M,S2,LYCEE EL HADJI IBRAHIMA DIOP DE YEUMBEUL,O,Académie de Pikine - Guédiawaye,PIKINE,CEM THIAROYE 44,1,Pass,ADM,2,1997,9.52,10.25,9.82,9.39,7,11,8,7,10,13,0.0,0.0,0.0,254,9.77,10.92,11.94,21,161.0,319,10.0,367,0,1,0,1,0,1,1,2,0,0,10.725974025974025,10.896896551724138,86,213,13,9,0
0,60,1,Deuxième Session,Passable,11.36,PASSE,1,2018,M,S2,GROUPE SCOLAIRE YALLA SUUR EN,O,Académie de Dakar,DAKAR,LYCEE LAMINE GUEYE,1,Pass,ADM,1,1999,11.3,12.22,13.76,12.75,8,12,10,6,8,12,0.0,0.0,0.0,260,10.0,10.0,10.82,19,174.0,120,11.36,184,0,1,0,1,0,1,1,2,0,0,10.54820754716981,10.512179487179488,11,84,123,0,11
 Dakar,60,1,Première Session,Passable,11.35,PASSE,1,2018,F,S1,LYCEE LAMINE GUEYE,O,Académie de Dakar,DAKAR,UNIVERSITE AMADOU HAMPATE BA,1,Pass,ADM,1,1999,11.01,11.85,12.28,12.76,11,13,14,8,10,9,0.0,0.0,0.0,312,11.56,11.56,12.0,19,173.0,132,111.35,38,1,0,0,0,1,0,0,2,1,0,10.54820754716981,10.512179487179488,11,224,147,0,0
 Dakar,60,1,Deuxième Session,Passable,10.0,PASSE,1,2018,F,S2,LYCEE SEYDINA ISSA ROHOU LAHI,O,Académie de Pikine - Guédiawaye,GUEDIAWAYE,LYCEE BANQUE ISLAMIQUE,1,Pass,ADM,1,2001,13.48,11.71,10.87,8.78,8,9,12,12,3,13,0.0,0.0,0.0,260,10.0,10.0,10.12,18,165.0,258,10.0,367,0,1,0,0,1,1,0,2,0,0,10.725974025974025,10.639425287356321,32,247,29,9,0
 Diourbel,60,1,Première Session,Passable,10.9,PASSE,1,2018,M,S2,LYCEE CHEIKH MOUHAMADOU MOUSTAPHA MBACKE,O,Académie de Diourbel,DIOURBEL,LYCEE D'ENSEIGNEMENT GENERAL DE DIOURBEL,1,Pass,ADM,1,1999,12.56,11.9,13.41,13.41,8,10,12,7,13,17,0.0,0.0,0.0,293,11.27,11.27,11.88,19,194.0,29,110.9,61,0,1,0,1,0,1,1,2,1,0,10.351333333333335,10.38225806451613,20,103,32,1,1
 Fatick,12,1,Deuxième Session,NULL,6.39,NON ADMIS,1,2018,M,S2,LYCEE MIXTE MAURICE DELAFOSSE,O,Académie de Dakar,DAKAR,UNIVERSITE AMADOU HAMPATE BA,3,Pass,ADM,2,2006,9.02,11.27,12.38,10.7,13,9,7,8,5,4,0.0,0.0,0.0,208,8.0,10.08,11.59,23,108.9,775,6.39,653,0,1,0,1,0,1,1,0,0,4,10.54820754716981,10.512179487179488,11,237,147,0,2
 Kaolack,60,1,Deuxième Session,Passable,10.0,PASSE,1,2018,M,S2,LYCEE SEYDINA ISSA ROHOU LAHI,O,Académie de Pikine - Guédiawaye,GUEDIAWAYE,LYCEE BANQUE ISLAMIQUE,4,Pass,ADM,2,2007,11.64,9.7,9.96,10.59,12,10,8,6,4,9,0.0,0.0,0.0,244,9.38,10.42,11.29,23,129.2,706,10.0,367,0,1,0,1,0,1,1,2,0,0,10.725974025974025,10.639425287356321,32,247,29,9,3
 Louga,60,1,Deuxième Session,Passable,10.06,PASSE,1,2018,F,S2,LYCEE DE GUEOUL,O,Académie de Louga,GUEOUL,LYCEE DE GUEOUL,2,Pass,ADM,1,2004,11.46,10.97,9.26,9.05,10,6,9,8,12,14,0.0,0.0,0.0,260,10.0,10.0,10.0,21,146.29999999999998,563,10.06,353,0,1,0,0,1,1,0,2,0,0,10.643953488372093,10.52,33,134,56,7,5
 Thiès,60,1,Deuxième Session,Passable,10.7,PASSE,1,2018,M,S2,LYCEE DE FISSEL,O,Académie de Thiès,FISSEL,LYCEE DE FISSEL,1,Pass,ADM,1,1998,12.39,10.43,10.25,9.61,7,7,10,6,10,16,0.0,0.0,0.0,260,10.0,10.0,10.18,20,159.0,346,10.7,237,0,1,0,1,0,1,1,2,0,0,10.606013513513513,10.754,26,130,53,14,9
 Kaolack,6,1,Deuxième Session,NULL,2.7,NON ADMIS,1,2018,F,S2,LYCEE DE KEUR MADIABEL,O,Académie de Kaolack,KEUR MADIABEL,LYCEE DE KEUR MADIABEL,1,Pass,ADM,1,2011,15.19,13.53,12.34,12.62,10,11,12,7,10,8,0.0,0.0,0.0,260,10.0,10.0,9.65,19,153.0,458,2.7,740,0,1,0,0,1,1,0,0,0,4,10.433076923076923,10.0,44,139,60,4,3
 Dakar,9,1,Deuxième Session,NULL,2.56,NON ADMIS,1,2018,F,S2,LYCEE DE YOFF,O,Académie de Dakar,PARCELLES ASSAINIES,ECOLE CATHOLIQUE CARDINAL HYACINTHE THIANDOUM,2,Pass,ADM,1,2017,10.25,10.06,12.09,10.66,9,10,7,6,13,13,0.0,0.0,0.0,260,10.0,10.0,10.76,20,155.79999999999998,414,2.56,743,0,1,0,0,1,1,0,0,0,4,10.54820754716981,10.64857142857143,82,205,20,0,0
 Kaolack,60,1,Deuxième Session,Passable,10.88,PASSE,1,2018,F,S2,LYCEE DE KEUR MASSAR ,O,Académie de Pikine - Guédiawaye,KEUR MASSAR,LYCEE ZONE DE RECASEMENT DE KEUR MASSAR ,1,Pass,ADM,2,2008,13.88,12.19,11.22,11.15,10,10,7,7,10,5,0.0,0.0,0.0,210,8.08,10.62,11.76,20,120.0,748,10.88,217,0,1,0,0,1,1,0,2,0,0,10.725974025974025,10.592222222222222,45,140,146,9,3
 Dakar,60,1,Deuxième Session,Passable,10.3,PASSE,1,2018,F,S2,LYCEE SEYDINA LIMAMOULAYE,O,Académie de Pikine - Guédiawaye,GUEDIAWAYE,CEM NDIARKA DIAGNE,3,Pass,ADM,1,1996,0.0,0.0,0.0,0.0,11,11,8,10,5,13,0.0,0.0,0.0,268,10.31,10.31,11.71,22,159.3,345,10.3,297,0,1,0,0,1,1,0,2,0,0,10.725974025974025,10.639425287356321,32,248,11,9,0
 Dakar,9,1,Deuxième Session,NULL,4.5,NON ADMIS,1,2018,M,S2,GROUPE SCOLAIRE MACHALA,O,Académie de Dakar,DAKAR,UNIVERSITE AMADOU HAMPATE BA,3,Pass,ADM,2,1999,9.01,9.47,9.67,10.66,5,10,9,8,13,13,0.0,0.0,0.0,257,9.88,10.73,9.59,19,142.20000000000002,616,4.5,702,0,1,0,1,0,1,1,0,0,4,10.54820754716981,10.512179487179488,11,80,147,0,0
 Kaolack,60,1,Première Session,Bien,14.64,PASSE,1,2018,M,S2,LYCEE MIXTE NGANE SAER ,O,Académie de Kaolack,NGANE SAER,LYCEE MIXTE NGANE SAER ,1,ABien,ADM,1,2000,13.8,12.22,12.52,13.1,13,13,13,11,12,10,0.0,0.0,0.0,312,12.0,12.0,11.94,18,207.0,14,114.64,1,0,1,0,1,0,1,1,2,1,2,10.433076923076923,11.0275,71,238,133,4,3
 Dakar,60,1,Première Session,Passable,10.24,PASSE,1,2018,M,S2,LYCEE DE OUAKAM,O,Académie de Dakar,DAKAR,UNIVERSITE AMADOU HAMPATE BA,3,ABien,ADM,1,1994,12.97,9.95,8.95,10.58,13,12,11,7,8,15,0.0,0.0,0.0,320,12.31,12.31,13.35,24,199.8,20,110.24,139,0,1,0,1,0,1,1,2,1,0,10.54820754716981,10.512179487179488,11,168,147,0,0
 Thiès,14,1,Deuxième Session,NULL,3.67,NON ADMIS,1,2018,F,S2,LYCEE ABABACAR SY,O,Académie de Thiès,TIVAOUANE,LYCEE ABABACAR SY,2,Pass,ADM,2,1997,12.0,10.24,10.91,11.77,8,11,6,4,12,6,0.0,0.0,0.0,208,8.0,10.54,11.18,21,116.85,763,3.67,724,0,1,0,0,1,1,0,0,0,4,10.606013513513513,10.896666666666667,117,87,25,14,9
 Dakar,45,1,Deuxième Session,NULL,9.02,AUTORISE,1,2018,F,S2,LYCEE BLAISE DIAGNE,O,Académie de Dakar,DAKAR,LYCEE TECHNIQUE INDUSTRIEL DELAFOSSE,2,Pass,ADM,2,1998,10.14,10.24,11.22,9.81,8,10,10,5,7,7,0.0,0.0,0.0,225,8.65,10.04,9.76,20,117.8,758,9.02,498,0,1,0,0,1,1,0,1,0,4,10.54820754716981,10.512179487179488,11,96,145,0,0
 Dakar,28,1,Deuxième Session,NULL,7.82,NON ADMIS,1,2018,F,S2,LYCEE MIXTE MAURICE DELAFOSSE,O,Académie de Dakar,DAKAR,UNIVERSITE AMADOU HAMPATE BA,2,Pass,ADM,2,1999,11.13,10.55,12.38,11.1,4,8,7,12,8,16,0.0,0.0,0.0,243,9.35,11.5,12.94,19,153.9,450,7.82,599,0,1,0,0,1,1,0,0,0,4,10.54820754716981,10.512179487179488,11,237,147,0,0
 Louga,60,1,Deuxième Session,Passable,11.41,PASSE,1,2018,M,S2,LYCEE DE DAHRA,O,Académie de Louga,DAHRA,LYCEE DE DAHRA,2,Pass,ADM,1,2004,11.39,10.76,12.96,12.13,13,11,15,12,7,9,0.0,0.0,0.0,296,11.38,11.38,10.88,20,152.95,467,11.41,183,0,1,0,1,0,1,1,2,0,0,10.643953488372093,10.976,10,119,42,7,5
 Dakar,0,1,Deuxième Session,NULL,0.66,NON ADMIS,1,2018,F,S2,ECOLE PRIVEE PAPA DJIBRIL DIOUF,O,Académie de Rufisque,SEBIKOTANE,LYCEE DE SEBIKOTANE,3,Pass,ADM,2,2006,9.88,10.55,8.38,9.86,6,12,8,6,9,12,0.0,0.0,0.0,245,9.42,10.35,11.12,23,140.4,639,0.66,771,0,1,0,0,1,1,0,0,0,4,10.467735849056604,10.309999999999999,101,67,101,10,0
 Diourbel,34,1,Deuxième Session,NULL,8.62,NON ADMIS,1,2018,M,S2,LYCEE DE NDANGALMA,O,Académie de Diourbel,NDANGALMA,LYCEE DE NDANGALMA,2,Pass,ADM,2,2011,11.32,10.38,10.8,10.3,5,13,5,3,12,12,0.0,0.0,0.0,241,9.27,10.69,10.88,20,149.15,518,8.62,545,0,1,0,1,0,1,1,0,0,4,10.351333333333335,10.344999999999999,66,155,73,1,1
 Dakar,60,1,Deuxième Session,Passable,11.05,PASSE,1,2018,M,S2,LYCEE DES PARCELLES ASSAINIES U13,O,Académie de Dakar,PARCELLES ASSAINIES,CEM UNITE 19,1,Pass,ADM,1,2014,12.85,12.09,11.77,10.64,13,12,10,11,8,7,0.0,0.0,0.0,265,10.19,10.19,10.53,19,164.0,270,11.05,201,0,1,0,1,0,1,1,2,0,0,10.54820754716981,10.64857142857143,82,207,14,0,0
 Louga,60,1,Première Session,Passable,10.13,PASSE,1,2018,F,S2,LYCEE SEYDINA ISSA ROHOU LAHI,O,Académie de Pikine - Guédiawaye,GUEDIAWAYE,CEM JOSEPH CORREA A,1,Pass,ADM,1,2009,14.6,14.0,12.24,12.8,8,12,9,12,13,11,0.0,0.0,0.0,285,10.96,10.96,10.47,20,158.0,367,110.13,150,0,1,0,0,1,1,0,2,1,0,10.725974025974025,10.639425287356321,32,247,7,9,5
Kédougou,50,1,Deuxième Session,NULL,9.31,AUTORISE,1,2018,M,S2,LYCEE BOUNA KANE DE KOLDA,O,Académie de Kolda,KOLDA,LYCEE ALPHA MOLO BALDE,2,Pass,ADM,2,1998,12.67,9.22,9.77,9.11,5,14,6,9,3,6,0.0,0.0,0.0,212,8.15,11.31,12.12,20,119.69999999999999,750,9.31,469,0,1,0,1,0,1,1,1,0,4,10.466363636363637,10.57375,48,97,27,5,13
 Dakar,60,1,Deuxième Session,Passable,10.04,PASSE,1,2018,M,S2,GROUPE SCOLAIRE EDUCAZUR,O,Académie de Pikine - Guédiawaye,MBAO,ECOLE ELEMENTAIRE LGI MBAO,2,Pass,ADM,1,1998,11.72,11.2,11.63,11.88,16,12,5,5,8,10,0.0,0.0,0.0,279,10.73,10.73,12.47,20,174.79999999999998,118,10.04,360,0,1,0,1,0,1,1,2,0,0,10.725974025974025,10.975,60,76,22,9,0
 Thiès,60,1,Première Session,Passable,11.3,PASSE,1,2018,F,S2,LYCEE ABABACAR SY,O,Académie de Thiès,TIVAOUANE,LYCEE ABABACAR SY,1,Pass,ADM,2,1998,10.98,9.84,10.01,9.04,8,10,6,7,7,13,0.0,0.0,0.0,249,9.58,10.73,11.71,20,160.0,330,111.3,40,0,1,0,0,1,1,0,2,1,0,10.606013513513513,10.896666666666667,117,87,25,14,9
 Kaolack,60,1,Deuxième Session,Passable,10.57,PASSE,1,2018,M,S2,LYCEE DE WACK NGOUNA,O,Académie de Kaolack,WACK NGOUNA,LYCEE DE WACK NGOUNA,2,Pass,ADM,2,2008,12.13,10.09,12.28,12.48,10,11,5,6,5,8,0.0,0.0,0.0,229,8.81,10.88,11.41,22,135.85,675,10.57,253,0,1,0,1,0,1,1,2,0,0,10.433076923076923,10.440000000000001,121,203,115,4,3
 Diourbel,60,1,Deuxième Session,Passable,10.41,PASSE,1,2018,M,S2,LYCEE CHEIKH MOUHAMADOU MOUSTAPHA MBACKE,O,Académie de Diourbel,DIOURBEL,LYCEE TECHNIQUE AMADOU BAMBA,1,Pass,ADM,1,1997,10.01,12.47,12.1,11.66,13,14,12,6,2,9,0.0,0.0,0.0,265,10.19,10.19,11.94,21,176.0,105,10.41,273,0,1,0,1,0,1,1,2,0,0,10.351333333333335,10.38225806451613,20,103,142,1,1
 Matam,36,1,Deuxième Session,NULL,8.41,NON ADMIS,1,2018,F,S2,LYCEE DE THILOGNE,O,Académie de Matam,THILOGNE,LYCEE DE THILOGNE,4,Pass,ADM,1,2004,11.25,9.45,11.45,11.14,10,13,10,6,8,10,0.0,0.0,0.0,268,10.31,10.31,11.06,22,140.25,643,8.41,560,0,1,0,0,1,1,0,0,0,4,10.756875,10.2775,115,198,110,8,6
 Fatick,60,1,Deuxième Session,Passable,10.72,PASSE,1,2018,M,S2,LYCEE DEMBA DIOP,O,Académie de Thiès,MBOUR,COMPLEXE SCOLAIRE INTERN-KEUR MADIOR,2,Pass,ADM,1,2008,11.68,11.31,12.16,12.29,13,12,11,8,7,6,0.0,0.0,0.0,260,10.0,10.0,10.18,21,140.6,632,10.72,233,0,1,0,1,0,1,1,2,0,0,10.606013513513513,10.566285714285714,63,206,19,14,2
 Thiès,19,1,Deuxième Session,NULL,6.66,NON ADMIS,1,2018,F,S2,COLLEGE SAINT GABRIEL,O,Académie de Thiès,THIES,LYCEE D' ENSEIGNEMENT TECHNIQUE ET DE FORMATION PR,1,Pass,ADM,1,1999,12.64,12.19,10.12,10.01,9,10,11,11,7,13,0.0,0.0,0.0,278,10.69,10.69,10.76,19,174.0,120,6.66,640,0,1,0,0,1,1,0,0,0,4,10.606013513513513,10.645483870967741,114,17,31,14,9
 Fatick,40,1,Deuxième Session,NULL,8.7,NON ADMIS,1,2018,M,S2,LYCEE DE NIODIOR,O,Académie de Fatick,NIODIOR,LYCEE DE NIODIOR,2,Pass,ADM,1,1997,11.12,10.96,11.94,12.61,12,12,12,6,12,13,0.0,0.0,0.0,309,11.88,11.88,12.35,21,176.7,102,8.7,538,0,1,0,1,0,1,1,0,0,4,10.480731707317073,10.940000000000001,77,166,83,2,2
 Kaolack,60,1,Deuxième Session,Passable,10.0,PASSE,1,2018,F,S2,ECOLE CATHOLIQUE COLLEGE SAINT PIERRE,O,Académie de Dakar,DAKAR,UNIVERSITE AMADOU HAMPATE BA,2,Pass,ADM,1,1998,10.17,11.17,12.69,12.31,8,12,8,7,5,15,0.0,0.0,0.0,275,10.58,10.58,11.88,20,172.9,146,10.0,367,0,1,0,0,1,1,0,2,0,0,10.54820754716981,10.512179487179488,11,35,147,0,3
 Thiès,36,1,Deuxième Session,NULL,8.84,NON ADMIS,1,2018,M,S2,ECOLE PRIVEE DAVID DIOP MENDES,O,Académie de Pikine - Guédiawaye,MBAO,ECOLE ELEMENTAIRE LGI MBAO,4,Pass,ADM,2,2007,11.31,9.96,10.13,9.55,11,8,8,8,8,5,0.0,0.0,0.0,208,8.0,11.92,12.76,23,96.89999999999999,783,8.84,520,0,1,0,1,0,1,1,0,0,4,10.725974025974025,10.975,60,47,22,9,9
 Tambacounda,60,1,Deuxième Session,Passable,10.55,PASSE,1,2018,M,S2,LYCEE DE KIDIRA,O,Académie de Tambacounda,KIDIRA,LYCEE DE KIDIRA,2,Pass,ADM,2,2009,10.75,11.01,12.16,11.26,7,10,7,9,9,7,0.0,0.0,0.0,219,8.42,10.12,9.41,20,114.0,767,10.55,257,0,1,0,1,0,1,1,2,0,0,10.65846153846154,10.476666666666667,47,141,61,13,8
 Dakar,0,1,Deuxième Session,NULL,0.49,NON ADMIS,1,2018,F,S2,LYCEE AHMADOU NDACK SECK THIES,O,Académie de Thiès,THIES,CEM MAMADOU DIAW THIES,2,Pass,ADM,1,1998,12.34,10.09,11.77,10.92,4,10,13,9,14,14,0.0,0.0,0.0,264,10.15,10.15,9.65,20,142.5,611,0.49,778,0,1,0,0,1,1,0,0,0,4,10.606013513513513,10.645483870967741,114,89,9,14,0
 Matam,60,1,Deuxième Session,Passable,10.0,PASSE,1,2018,F,S2,LYCEE DE THILOGNE,O,Académie de Matam,THILOGNE,LYCEE DE THILOGNE,1,Pass,ADM,1,1998,12.0,10.91,11.34,11.33,10,14,10,6,6,10,0.0,0.0,0.0,260,10.0,10.0,11.41,20,170.0,180,10.0,367,0,1,0,0,1,1,0,2,0,0,10.756875,10.2775,115,198,110,8,6
 Dakar,30,1,Deuxième Session,NULL,5.83,NON ADMIS,1,2018,F,S2,LYCEE BLAISE DIAGNE,O,Académie de Dakar,DAKAR,LYCEE LAMINE GUEYE,2,Pass,ADM,1,2006,9.69,11.28,10.98,10.51,11,9,12,11,12,11,0.0,0.0,0.0,277,10.65,10.65,10.29,20,147.25,546,5.83,669,0,1,0,0,1,1,0,0,0,4,10.54820754716981,10.512179487179488,11,96,123,0,0
 Dakar,60,1,Deuxième Session,Passable,10.23,PASSE,1,2018,F,S2,ECOLE PRIVEE NATANGUE,O,Académie de Pikine - Guédiawaye,KEUR MASSAR,LYCEE ZONE DE RECASEMENT DE KEUR MASSAR ,3,Pass,ADM,2,1998,11.72,10.23,12.78,12.72,5,12,8,6,12,5,0.0,0.0,0.0,209,8.04,10.04,9.06,21,99.0,781,10.23,310,0,1,0,0,1,1,0,2,0,0,10.725974025974025,10.592222222222222,45,66,146,9,0
 Saint-Louis,60,1,Deuxième Session,Passable,10.0,PASSE,1,2018,M,S2,LYCEE DE MBAO,O,Académie de Pikine - Guédiawaye,MBAO,LYCEE DE MBAO,1,Pass,ADM,1,2008,11.92,12.15,10.3,10.16,12,8,10,7,6,12,0.0,0.0,0.0,260,10.0,10.0,10.59,20,160.0,330,10.0,367,0,1,0,1,0,1,1,2,0,0,10.725974025974025,10.975,60,150,69,9,7
 Dakar,40,1,Deuxième Session,NULL,8.85,NON ADMIS,1,2018,M,S2,LYCEE DE SALDE,O,Académie de Saint - Louis,PETE,LYCEE DE PETE,2,Pass,ADM,1,1997,12.02,10.83,12.54,11.49,12,11,12,6,6,12,0.0,0.0,0.0,276,10.62,10.62,11.65,21,166.25,237,8.85,518,0,1,0,1,0,1,1,0,0,4,10.538157894736841,10.62,85,182,89,11,0
 Fatick,45,1,Deuxième Session,NULL,8.8,AUTORISE,1,2018,F,S2,LYCEE DE THIADIAYE,O,Académie de Thiès,THIADIAYE,CEM I DE THIADIAYE,2,Pass,ADM,2,2009,12.29,10.63,11.43,11.96,6,10,10,8,8,9,0.0,0.0,0.0,226,8.69,11.69,12.35,21,121.6,741,8.8,527,0,1,0,0,1,1,0,1,0,4,10.606013513513513,11.32,111,194,5,14,2
 Louga,60,1,Première Session,Passable,10.33,PASSE,1,2018,F,S2,NOUVEAU LYCEE DE DAHRA ,O,Académie de Louga,DAHRA,LYCEE DE DAHRA,3,Pass,ADM,1,2008,10.93,10.23,12.62,13.24,12,12,8,8,10,9,0.0,0.0,0.0,272,10.46,10.46,10.94,21,145.8,570,110.33,123,0,1,0,0,1,1,0,2,1,0,10.643953488372093,10.976,10,254,42,7,5
 Thiès,60,1,Deuxième Session,Passable,11.36,PASSE,1,2018,F,S2,COLLEGE SAINT GABRIEL,O,Académie de Thiès,THIES,COLLEGE SAINT GABRIEL,2,Pass,ADM,1,2002,11.26,9.93,12.15,12.33,7,14,4,10,11,11,0.0,0.0,0.0,271,10.42,10.42,10.88,20,155.79999999999998,414,11.36,184,0,1,0,0,1,1,0,2,0,0,10.606013513513513,10.645483870967741,114,17,18,14,9
Kaffrine,19,1,Deuxième Session,NULL,7.47,NON ADMIS,1,2018,F,S2,LYCEE DE BIRKILANE,O,Académie de Kaffrine,BIRKILANE,LYCEE DE BIRKILANE,1,Pass,ADM,1,1999,11.37,12.33,10.87,11.09,9,11,9,12,5,11,0.0,0.0,0.0,260,10.0,10.0,10.41,19,167.0,220,7.47,610,0,1,0,0,1,1,0,0,0,4,10.516153846153847,10.678,6,116,39,3,12
 Dakar,0,1,Deuxième Session,NULL,0.79,NON ADMIS,1,2018,F,S2,COURS PRIVE AINOUMADY EXCELLENCE,O,Académie de Pikine - Guédiawaye,KEUR MASSAR,LYCEE ZONE DE RECASEMENT DE KEUR MASSAR ,1,Pass,ADM,1,1999,9.79,12.2,9.42,11.53,8,9,7,7,12,15,0.0,0.0,0.0,261,10.04,10.04,10.82,19,177.0,93,0.79,759,0,1,0,0,1,1,0,0,0,4,10.725974025974025,10.592222222222222,45,21,146,9,0
 Louga,60,1,Première Session,Passable,10.8,PASSE,1,2018,F,S2,"ECOLE PRIVEE ""LES INTELLOS""",O,Académie de Louga,LOUGA,LYCEE MALICK SALL,2,Pass,ADM,1,1998,11.64,12.95,12.22,13.84,11,11,12,11,7,7,0.0,0.0,0.0,275,10.58,10.58,9.59,20,133.95,689,110.8,70,0,1,0,0,1,1,0,2,1,0,10.643953488372093,10.577333333333334,55,43,130,7,5
 Thiès,60,1,Deuxième Session,Passable,10.25,PASSE,1,2018,F,S2,LYCEE DE FISSEL,O,Académie de Thiès,FISSEL,LYCEE DE FISSEL,2,Pass,ADM,1,1997,10.4,9.39,10.56,10.58,12,9,12,4,7,14,0.0,0.0,0.0,277,10.65,10.65,11.65,21,168.15,205,10.25,305,0,1,0,0,1,1,0,2,0,0,10.606013513513513,10.754,26,130,53,14,9
 Kaolack,30,1,Deuxième Session,NULL,5.81,NON ADMIS,1,2018,F,S2,LYCEE SAMBA DIONE DE GANDIAYE,O,Académie de Kaolack,GANDIAYE,LYCEE SAMBA DIONE DE GANDIAYE,2,Pass,ADM,2,2009,10.95,9.64,11.69,10.98,11,9,6,10,10,6,0.0,0.0,0.0,218,8.38,10.81,11.35,19,128.25,711,5.81,671,0,1,0,0,1,1,0,0,0,4,10.433076923076923,10.81,29,241,136,4,3
 Ziguinchor,60,1,Deuxième Session,Passable,10.12,PASSE,1,2018,F,S2,LYCEE AHOUNE SANE,O,Académie de Ziguinchor,BIGNONA,CEM ARFANG BESIRE SONKO,3,Pass,ADM,1,2009,9.75,10.08,10.72,11.13,7,10,11,5,7,14,0.0,0.0,0.0,260,10.0,10.0,10.53,20,145.8,570,10.12,340,0,1,0,0,1,1,0,2,0,0,10.608695652173912,10.0,5,90,1,15,10
 Kaolack,60,1,Première Session,Passable,11.59,PASSE,1,2018,F,S2,LYCEE VALDIODIO NDIAYE,O,Académie de Kaolack,KAOLACK,COLLEGE PRIVE MBOUTOU SOW,1,Pass,ADM,1,1998,14.52,10.71,11.56,13.76,9,13,13,13,12,8,0.0,0.0,0.0,278,10.69,10.69,10.06,20,149.0,528,111.59,22,0,1,0,0,1,1,0,2,1,0,10.433076923076923,10.3396,41,252,16,4,3
 Kaolack,60,1,Deuxième Session,Passable,10.65,PASSE,1,2018,M,S2,LYCEE VALDIODIO NDIAYE,O,Académie de Kaolack,KAOLACK,COLLEGE PIE XII,1,Pass,ADM,1,1999,13.55,14.63,11.4,12.42,6,12,12,11,10,11,0.0,0.0,0.0,260,10.0,10.0,9.88,19,160.0,330,10.65,246,0,1,0,1,0,1,1,2,0,0,10.433076923076923,10.3396,41,252,15,4,3
 Dakar,60,1,Deuxième Session,Passable,10.16,PASSE,1,2018,M,S2,LYCEE MALICK SALL,O,Académie de Louga,LOUGA,LYCEE MALICK SALL,3,Pass,ADM,2,2010,10.01,9.86,11.08,12.88,10,10,12,5,5,8,0.0,0.0,0.0,236,9.08,11.15,12.47,23,124.2,732,10.16,329,0,1,0,1,0,1,1,2,0,0,10.643953488372093,10.577333333333334,55,232,130,7,0
 Thiès,39,1,Deuxième Session,NULL,7.92,NON ADMIS,1,2018,F,S2,LYCEE DE SANDIARA,O,Académie de Thiès,SANDIARA,LYCEE DE SANDIARA,1,Pass,ADM,2,2003,11.34,9.67,8.02,9.59,8,6,7,10,10,16,0.0,0.0,0.0,250,9.62,10.54,11.53,20,158.0,367,7.92,596,0,1,0,0,1,1,0,0,0,4,10.606013513513513,10.545,98,185,98,14,9
 Dakar,60,1,Deuxième Session,Passable,10.0,PASSE,1,2018,M,S2,LYCEE ABDOULAYE SADJI,O,Académie de Rufisque,RUFISQUE,LYCEE MODERNE DE RUFISQUE,2,Pass,ADM,2,2011,10.3,10.23,10.12,9.9,8,10,7,5,5,11,0.0,0.0,0.0,233,8.96,11.27,12.59,21,140.6,632,10.0,367,0,1,0,1,0,1,1,2,0,0,10.467735849056604,10.449444444444445,93,88,134,10,0
 Fatick,60,1,Deuxième Session,Passable,10.0,PASSE,1,2018,M,S2,LYCEE DE PASSY,O,Académie de Fatick,PASSY,LYCEE DE PASSY,1,Pass,ADM,2,2010,12.98,12.93,10.06,8.5,9,11,6,6,8,7,0.0,0.0,0.0,224,8.62,10.12,10.06,18,143.0,608,10.0,367,0,1,0,1,0,1,1,2,0,0,10.480731707317073,10.165714285714285,83,171,87,2,2
 Saint-Louis,60,1,Deuxième Session,Passable,11.59,PASSE,1,2018,F,S2,LYCEE EXCELLENCE PRIVEE AIMEE CESAIRE,O,Académie de Saint - Louis,SAINT LOUIS,LYCEE TECHNIQUE ANDRE PEYTAVIN,1,ABien,ADM,1,1999,11.79,12.69,12.72,12.17,9,11,10,10,12,16,0.0,0.0,0.0,311,11.96,12.0,12.18,19,217.0,3,11.59,180,0,1,0,0,1,1,0,2,0,0,10.538157894736841,10.502380952380953,95,217,143,11,7
 Diourbel,60,1,Deuxième Session,Passable,10.06,PASSE,1,2018,F,S2,ECOLE PRIVEE FALLOU GALASS,O,Académie de Diourbel,MBACKE,LYCEE DE MBACKE,1,Pass,ADM,1,1999,11.54,12.4,11.35,10.96,5,10,10,6,8,15,0.0,0.0,0.0,260,10.0,10.0,10.29,19,170.0,180,10.06,353,0,1,0,0,1,1,0,2,0,0,10.351333333333335,10.188333333333334,59,49,68,1,1
 Dakar,60,1,Première Session,Passable,10.84,PASSE,1,2018,F,S2,LYCEE IBRAHIMA DIOUF,O,Académie de Kaolack,KAOLACK,COLLEGE PIE XII,2,Pass,ADM,1,1998,10.9,11.56,13.74,12.86,8,11,14,7,6,12,0.0,0.0,0.0,260,10.0,10.0,10.47,20,151.04999999999998,490,110.84,66,0,1,0,0,1,1,0,2,1,0,10.433076923076923,10.3396,41,220,15,4,0
 Louga,31,1,Deuxième Session,NULL,8.31,NON ADMIS,1,2018,M,S2,ECOLE PRIVEE LES GENIES DU GUETH,O,Académie de Louga,KEBEMER,LYCEE MACODOU KANGUE SALL,3,Pass,ADM,2,2001,11.7,9.8,7.96,5.02,6,11,10,8,7,14,0.0,0.0,0.0,257,9.88,11.46,12.29,24,146.70000000000002,559,8.31,570,0,1,0,1,0,1,1,0,0,4,10.643953488372093,10.56,42,60,127,7,5
 Fatick,16,1,Deuxième Session,NULL,4.67,NON ADMIS,1,2018,M,S2,LYCEE DIOGOYE BASILE SENGHOR FIMELA,O,Académie de Fatick,FIMELA,LYCEE DIOGOYE BASILE SENGHOR FIMELA,1,Pass,ADM,1,2010,13.88,10.96,11.77,10.91,7,10,14,9,17,8,0.0,0.0,0.0,266,10.23,10.23,8.41,19,136.0,672,4.67,695,0,1,0,1,0,1,1,0,0,4,10.480731707317073,10.635,25,208,117,2,2
 Matam,60,1,Deuxième Session,Passable,10.08,PASSE,1,2018,M,S2,LYCEE SEYDINA LIMAMOULAYE,O,Académie de Pikine - Guédiawaye,GUEDIAWAYE,CEM OGO DIOP,2,Pass,ADM,2,1996,10.87,9.97,8.98,11.92,6,12,8,8,14,10,0.0,0.0,0.0,245,9.42,10.96,11.41,22,136.79999999999998,669,10.08,348,0,1,0,1,0,1,1,2,0,0,10.725974025974025,10.639425287356321,32,248,12,9,6
 Kaolack,47,1,Deuxième Session,NULL,9.44,AUTORISE,1,2018,M,S2,LYCEE MIXTE DE KEUR MABA DIAKHOU BA,O,Académie de Kaolack,WACK NGOUNA,LYCEE DE WACK NGOUNA,1,Pass,ADM,1,2010,11.49,13.0,8.56,11.23,10,11,10,7,9,10,0.0,0.0,0.0,260,10.0,10.0,10.35,20,155.0,427,9.44,461,0,1,0,1,0,1,1,1,0,4,10.433076923076923,10.440000000000001,121,236,115,4,3
 Dakar,19,1,Deuxième Session,NULL,4.47,NON ADMIS,1,2018,M,S2,LYCEE SEYDINA LIMAMOULAYE,O,Académie de Pikine - Guédiawaye,GUEDIAWAYE,CEM JOSEPH CORREA A,2,ABien,ADM,1,1996,13.29,11.8,13.68,15.62,12,15,11,9,15,14,0.0,0.0,0.0,344,13.23,13.23,13.76,22,215.64999999999998,7,4.47,704,0,1,0,1,0,1,1,0,0,4,10.725974025974025,10.639425287356321,32,248,7,9,0
 Diourbel,46,1,Deuxième Session,NULL,9.37,AUTORISE,1,2018,M,S2,LYCEE CHEIKH MOUHAMADOU MOUSTAPHA MBACKE,O,Académie de Diourbel,DIOURBEL,LYCEE TECHNIQUE AMADOU BAMBA,2,Pass,ADM,2,1997,11.92,10.54,12.04,11.38,9,11,8,7,5,6,0.0,0.0,0.0,216,8.31,10.0,10.35,21,120.64999999999999,744,9.37,465,0,1,0,1,0,1,1,1,0,4,10.351333333333335,10.38225806451613,20,103,142,1,1
 Dakar,43,1,Deuxième Session,NULL,7.54,AUTORISE,1,2018,M,S2,LYCEE DE SANGALCAM,O,Académie de Rufisque,SANGALCAM,LYCEE DE SANGALCAM,2,Pass,ADM,1,1996,12.0,11.81,10.68,9.62,17,10,13,12,7,9,0.0,0.0,0.0,296,11.38,11.38,11.71,22,163.4,278,7.54,607,0,1,0,1,0,1,1,1,0,4,10.467735849056604,11.01,99,186,99,10,0
 Dakar,60,1,Deuxième Session,Passable,10.53,PASSE,1,2018,F,S2,LYCEE MAME YELLI BADIANE,O,Académie de Pikine - Guédiawaye,GUEDIAWAYE,LYCEE SEYDINA LIMAMOULAYE,2,Pass,ADM,1,2013,11.62,11.89,12.89,12.81,5,13,13,10,7,11,0.0,0.0,0.0,266,10.23,10.23,9.94,21,143.45,602,10.53,260,0,1,0,0,1,1,0,2,0,0,10.725974025974025,10.639425287356321,32,235,141,9,0
 Thiès,0,1,Deuxième Session,NULL,3.78,NON ADMIS,1,2018,M,S2,LYCEE DE PALMARIN FACAO,O,Académie de Fatick,FIMELA,LYCEE DE PALMERIN DE FACAO,1,Pass,ADM,1,2002,12.3,13.53,11.57,12.51,10,9,13,6,13,10,0.0,0.0,0.0,261,10.04,10.04,9.65,20,145.0,578,3.78,723,0,1,0,1,0,1,1,0,0,4,10.480731707317073,10.635,25,170,86,2,9
0,60,1,Première Session,Passable,10.71,PASSE,1,2018,F,S2,LYCEE SEYDINA LIMAMOULAYE,O,Académie de Pikine - Guédiawaye,GUEDIAWAYE,CEM OGO DIOP,2,ABien,ADM,1,1997,11.34,11.74,11.78,11.92,11,13,11,9,7,15,0.0,0.0,0.0,318,12.23,12.23,13.12,23,208.04999999999998,11,110.71000000000001,82,0,1,0,0,1,1,0,2,1,0,10.725974025974025,10.639425287356321,32,248,12,9,11
 Thiès,43,1,Deuxième Session,NULL,5.16,AUTORISE,1,2018,F,S2,LYCEE MALICK SY,O,Académie de Thiès,THIES,COLLEGE SAINT GABRIEL,1,Pass,ADM,2,1998,11.56,10.78,10.04,10.0,8,8,7,2,8,14,0.0,0.0,0.0,237,9.12,10.65,11.41,20,156.0,408,5.16,686,0,1,0,0,1,1,0,1,0,4,10.606013513513513,10.645483870967741,114,233,18,14,9
 Dakar,12,1,Deuxième Session,NULL,6.24,NON ADMIS,1,2018,F,S2,GROUPE SCOLAIRE ANGELA DAVIS,O,Académie de Pikine - Guédiawaye,PIKINE,CEM THIAROYE 44,4,Pass,ADM,1,1994,12.27,10.24,11.12,11.96,12,9,9,9,11,12,0.0,0.0,0.0,276,10.62,10.62,10.94,24,140.25,643,6.24,659,0,1,0,0,1,1,0,0,0,4,10.725974025974025,10.896896551724138,86,74,13,9,0
 Thiès,60,1,Deuxième Session,Passable,10.16,PASSE,1,2018,F,S2,ECOLE PRIVEE SEYDI MOUHAMADOU MOUSTAPHA SY JAMIL,O,Académie de Pikine - Guédiawaye,PIKINE,CEM THIAROYE 44,2,Pass,ADM,1,2008,0.0,0.0,0.0,0.0,12,11,11,8,1,14,0.0,0.0,0.0,281,10.81,10.81,12.35,21,177.65,88,10.16,329,0,1,0,0,1,1,0,2,0,0,10.725974025974025,10.896896551724138,86,70,13,9,9
 Dakar,12,1,Deuxième Session,NULL,0.76,NON ADMIS,1,2018,F,S2,GROUPE SCOLAIRE ANGELA DAVIS,O,Académie de Pikine - Guédiawaye,PIKINE,CEM THIAROYE 44,1,Pass,ADM,1,2001,13.07,13.14,11.18,11.81,9,11,10,14,10,13,0.0,0.0,0.0,294,11.31,11.31,11.12,18,179.0,74,0.76,760,0,1,0,0,1,1,0,0,0,4,10.725974025974025,10.896896551724138,86,74,13,9,0
 Diourbel,30,1,Deuxième Session,NULL,8.48,NON ADMIS,1,2018,M,S2,LYCEE DE BAMBEY,O,Académie de Diourbel,BAMBEY,LYCEE DE BAMBEY,1,Pass,ADM,2,2006,11.53,10.35,8.95,9.35,7,11,6,6,7,12,0.0,0.0,0.0,241,9.27,10.12,11.12,18,165.0,258,8.48,553,0,1,0,1,0,1,1,0,0,4,10.351333333333335,10.434285714285712,2,112,36,1,1
 Louga,60,1,Première Session,Passable,10.21,PASSE,1,2018,M,S2,LYCEE DE RICHARD TOLL,O,Académie de Saint - Louis,RICHARD TOLL,CEM II DE RICHARD-TOLL,2,Pass,ADM,1,1998,9.6,9.35,9.76,10.79,11,13,13,5,10,9,0.0,0.0,0.0,280,10.77,10.77,11.0,20,154.85,432,110.21000000000001,142,0,1,0,1,0,1,1,2,1,0,10.538157894736841,10.446000000000002,91,178,6,11,5
 Fatick,60,1,Deuxième Session,Passable,10.97,PASSE,1,2018,M,S2,LYCEE DE PASSY,O,Académie de Fatick,PASSY,LYCEE DE PASSY,1,Pass,ADM,2,2010,12.21,10.88,9.07,9.28,4,11,9,8,10,8,0.0,0.0,0.0,213,8.19,10.96,11.53,19,129.0,707,10.97,208,0,1,0,1,0,1,1,2,0,0,10.480731707317073,10.165714285714285,83,171,87,2,2
 Louga,60,1,Première Session,Passable,11.74,PASSE,1,2018,M,S2,LYCEE MAME THIERNO BIRAHIM MBACKE,O,Académie de Louga,DAROU MOUSTY,LYCEE MAME THIERNO BIRAHIM MBACKE,1,Pass,ADM,1,2011,10.53,11.13,10.96,12.16,7,15,8,13,10,11,0.0,0.0,0.0,288,11.08,11.08,11.24,18,179.0,74,111.74,17,0,1,0,1,0,1,1,2,1,0,10.643953488372093,10.6625,13,234,132,7,5
 Dakar,6,1,Deuxième Session,NULL,2.35,NON ADMIS,1,2018,F,S2,COLLEGE MODERNE TROISIEME MILLENAIRE,O,Académie de Dakar,DAKAR,UNIVERSITE AMADOU HAMPATE BA,2,Pass,ADM,1,1996,11.01,11.74,8.54,9.41,7,14,6,6,11,12,0.0,0.0,0.0,260,10.0,10.0,11.24,22,161.5,312,2.35,745,0,1,0,0,1,1,0,0,0,4,10.54820754716981,10.512179487179488,11,13,147,0,0
Kédougou,60,1,Première Session,Passable,11.11,PASSE,1,2018,M,S2,LYCEE MACIRE BA DE KEDOUGOU,O,Académie de Kédougou,KEDOUGOU,LYCEE TECHNIQUE INDUSTRIEL DE KEDOUGOU,2,Pass,ADM,1,1997,9.45,9.49,13.83,13.03,10,12,7,9,10,11,0.0,0.0,0.0,278,10.69,10.69,11.06,21,157.7,374,111.11,49,0,1,0,1,0,1,1,2,1,0,10.892,11.346666666666666,43,228,144,6,13
 Tambacounda,60,1,Deuxième Session,Passable,10.0,PASSE,1,2018,M,S2,LYCEE COMMUNAL DE TAMBACOUNDA,O,Académie de Tambacounda,TAMBACOUNDA,LYCEE MAME CHEIKH MBAYE,4,Pass,ADM,1,1996,10.24,8.44,11.92,11.26,13,10,7,7,10,11,0.0,0.0,0.0,260,10.0,10.0,11.24,22,142.79999999999998,610,10.0,367,0,1,0,1,0,1,1,2,0,0,10.65846153846154,10.819999999999999,109,105,131,13,8
 Dakar,60,1,Première Session,Passable,10.48,PASSE,1,2018,F,S2,LYCEE JOHN F KENNEDY,O,Académie de Dakar,DAKAR,INSTITUTION NOTRE DAME,1,Pass,ADM,1,1998,12.59,13.2,11.76,12.54,13,13,8,6,7,11,0.0,0.0,0.0,285,10.96,10.96,12.29,20,183.0,47,110.48,105,0,1,0,0,1,1,0,2,1,0,10.54820754716981,10.512179487179488,11,221,24,0,0
 Dakar,6,1,Deuxième Session,NULL,2.04,NON ADMIS,1,2018,M,S2,LYCEE MODERNE DE RUFISQUE,O,Académie de Rufisque,RUFISQUE,CEM MOMAR SENE WALY,2,Pass,ADM,1,1997,10.42,10.97,11.26,9.86,11,13,8,9,7,9,0.0,0.0,0.0,260,10.0,10.0,11.0,21,154.85,432,2.04,750,0,1,0,1,0,1,1,0,0,4,10.467735849056604,10.449444444444445,93,239,10,10,0
 Dakar,40,1,Deuxième Session,NULL,8.93,NON ADMIS,1,2018,F,S2,LYCEE ABDOULAYE SADJI,O,Académie de Rufisque,RUFISQUE,LYCEE MODERNE DE RUFISQUE,2,Pass,ADM,1,1998,12.98,10.45,12.85,12.53,10,14,9,5,8,10,0.0,0.0,0.0,274,10.54,10.54,11.41,20,161.5,312,8.93,506,0,1,0,0,1,1,0,0,0,4,10.467735849056604,10.449444444444445,93,88,134,10,0
 Thiès,60,1,Première Session,Passable,10.75,PASSE,1,2018,M,S2,LYCEE DEMBA DIOP,O,Académie de Thiès,MBOUR,COMPLEXE SCOLAIRE INTERN-KEUR MADIOR,2,Pass,ADM,1,2006,11.19,10.24,11.34,11.0,12,11,10,5,7,12,0.0,0.0,0.0,283,10.88,10.88,11.65,21,166.25,237,110.75,75,0,1,0,1,0,1,1,2,1,0,10.606013513513513,10.566285714285714,63,206,19,14,9
 Thiès,60,1,Première Session,Passable,10.25,PASSE,1,2018,M,S2,LYCEE DEMBA DIOP,O,Académie de Thiès,MBOUR,COMPLEXE SCOLAIRE INTERN-KEUR MADIOR,2,Pass,ADM,1,1996,10.6,10.79,12.14,12.2,8,9,6,6,9,14,0.0,0.0,0.0,260,10.0,10.0,10.47,22,152.95,467,110.25,133,0,1,0,1,0,1,1,2,1,0,10.606013513513513,10.566285714285714,63,206,19,14,9
 Diourbel,40,1,Deuxième Session,NULL,9.39,NON ADMIS,1,2018,F,S2,ECOLE PRIVEE SERIGNE SOHIBOU MBACKE,O,Académie de Diourbel,DIOURBEL,LYCEE D'ENSEIGNEMENT GENERAL DE DIOURBEL,2,Pass,ADM,2,2009,10.04,10.72,12.28,12.94,12,12,8,7,6,3,0.0,0.0,0.0,218,8.38,10.0,11.12,21,119.69999999999999,750,9.39,464,0,1,0,0,1,1,0,0,0,4,10.351333333333335,10.38225806451613,20,69,32,1,1
 Fatick,60,1,Deuxième Session,Passable,10.0,PASSE,1,2018,M,S2,GROUPE SCOLAIRE ANGELA DAVIS,O,Académie de Pikine - Guédiawaye,PIKINE,LYCEE DE THIAROYE,3,Pass,ADM,2,2008,11.32,10.3,10.49,8.97,8,10,8,11,8,8,0.0,0.0,0.0,233,8.96,11.19,11.53,22,117.0,762,10.0,367,0,1,0,1,0,1,1,2,0,0,10.725974025974025,10.896896551724138,86,74,108,9,2
0,60,1,Deuxième Session,Passable,10.51,PASSE,1,2018,M,S2,ECOLE PRIVEE NATANGUE,O,Académie de Pikine - Guédiawaye,KEUR MASSAR,LYCEE ZONE DE RECASEMENT DE KEUR MASSAR ,2,Pass,ADM,1,1996,10.87,9.81,12.86,12.05,16,12,11,5,4,9,0.0,0.0,0.0,280,10.77,10.77,12.12,22,169.1,187,10.51,263,0,1,0,1,0,1,1,2,0,0,10.725974025974025,10.592222222222222,45,66,146,9,11
 Thiès,30,1,Deuxième Session,NULL,8.5,NON ADMIS,1,2018,F,S2,LYCEE DE SALY,O,Académie de Thiès,SALY,LYCEE DE SALY,2,Pass,ADM,1,1998,10.21,10.33,10.83,9.76,8,12,12,9,11,10,0.0,0.0,0.0,260,10.0,10.0,10.12,20,144.4,585,8.5,551,0,1,0,0,1,1,0,0,0,4,10.606013513513513,10.416,96,183,96,14,9
 Thiès,43,1,Deuxième Session,NULL,9.14,AUTORISE,1,2018,M,S2,LYCEE DE FISSEL,O,Académie de Thiès,FISSEL,LYCEE DE FISSEL,2,Pass,ADM,2,2007,11.28,9.23,10.31,11.16,10,8,8,4,12,9,0.0,0.0,0.0,234,9.0,12.85,13.53,22,127.3,715,9.14,492,0,1,0,1,0,1,1,1,0,4,10.606013513513513,10.754,26,130,53,14,9
 Louga,60,1,Deuxième Session,Passable,10.07,PASSE,1,2018,M,S2,LYCEE MACODOU KANGUE SALL,O,Académie de Louga,KEBEMER,LYCEE MACODOU KANGUE SALL,1,Pass,ADM,2,2004,10.75,10.76,10.07,11.39,10,10,8,6,6,6,0.0,0.0,0.0,219,8.42,10.73,11.76,18,136.0,672,10.07,350,0,1,0,1,0,1,1,2,0,0,10.643953488372093,10.56,42,229,127,7,5
 Dakar,9,1,Deuxième Session,NULL,5.18,NON ADMIS,1,2018,M,S2,LYCEE SEYDINA LIMAMOULAYE,O,Académie de Pikine - Guédiawaye,GUEDIAWAYE,LYCEE BANQUE ISLAMIQUE,2,Pass,ADM,2,1998,10.49,9.86,11.33,7.7,6,8,7,11,9,15,0.0,0.0,0.0,252,9.69,10.81,11.06,20,146.29999999999998,563,5.18,685,0,1,0,1,0,1,1,0,0,4,10.725974025974025,10.639425287356321,32,248,29,9,0
 Dakar,20,1,Deuxième Session,NULL,8.04,NON ADMIS,1,2018,F,S2,ECOLE PRIVEE AUGUSTE NFEYE NZALE,O,Académie de Pikine - Guédiawaye,MBAO,LYCEE DE MBAO,4,ABien,ADM,1,2004,10.02,10.3,11.96,13.11,14,9,10,12,8,18,0.0,0.0,0.0,331,12.73,12.73,13.65,21,194.65,27,8.04,590,0,1,0,0,1,1,0,0,0,4,10.725974025974025,10.975,60,45,69,9,0
 Dakar,60,1,Deuxième Session,Passable,11.1,PASSE,1,2018,F,S2,LYCEE SERGENT MALAMINE CAMARA,O,Académie de Dakar,PARCELLES ASSAINIES,CEM UNITE 19,1,Pass,ADM,1,2017,12.56,13.57,12.69,10.34,9,11,7,7,12,13,0.0,0.0,0.0,260,10.0,10.0,11.12,20,169.0,193,11.1,197,0,1,0,0,1,1,0,2,0,0,10.54820754716981,10.64857142857143,82,242,14,0,0
 Kaolack,60,1,Première Session,Passable,11.88,PASSE,1,2018,M,S2,LYCEE VALDIODIO NDIAYE,O,Académie de Kaolack,KAOLACK,COLLEGE PIE XII,1,Pass,ADM,1,2009,14.94,10.33,11.96,12.06,11,10,8,10,14,8,0.0,0.0,0.0,260,10.0,10.0,9.59,20,142.0,619,111.88,16,0,1,0,1,0,1,1,2,1,0,10.433076923076923,10.3396,41,252,15,4,3
 Tambacounda,36,1,Deuxième Session,NULL,6.09,NON ADMIS,1,2018,F,S2,LYCEE BOUNA SEMOU NIANG DE KOUMPENTOUM,O,Académie de Tambacounda,KOUMPENTOUM,LYCEE DE KOUMPENTOUM,2,Pass,ADM,1,2008,0.0,0.0,0.0,0.0,8,13,7,6,13,13,0.0,0.0,0.0,274,10.54,10.54,11.53,20,166.25,237,6.09,662,0,1,0,0,1,1,0,0,0,4,10.65846153846154,10.29,49,98,62,13,8
 Dakar,30,1,Deuxième Session,NULL,5.52,NON ADMIS,1,2018,F,S2,LYCEE ABDOULAYE SADJI,O,Académie de Rufisque,RUFISQUE,LYCEE MODERNE DE RUFISQUE,2,Pass,ADM,1,1998,10.76,11.17,10.58,11.22,8,12,9,6,10,11,0.0,0.0,0.0,260,10.0,10.0,10.47,20,150.1,502,5.52,677,0,1,0,0,1,1,0,0,0,4,10.467735849056604,10.449444444444445,93,88,134,10,0
 Dakar,36,1,Deuxième Session,NULL,9.4,NON ADMIS,1,2018,F,S2,LYCEE SEYDINA ISSA ROHOU LAHI,O,Académie de Pikine - Guédiawaye,GUEDIAWAYE,CEM JOSEPH CORREA A,2,Pass,ADM,1,1998,11.88,9.49,13.26,11.62,6,10,12,9,11,14,0.0,0.0,0.0,279,10.73,10.73,10.24,20,150.1,502,9.4,463,0,1,0,0,1,1,0,0,0,4,10.725974025974025,10.639425287356321,32,247,7,9,0
 Louga,15,1,Deuxième Session,NULL,6.66,NON ADMIS,1,2018,M,S2,LYCEE DE BIRKILANE,O,Académie de Kaffrine,BIRKILANE,LYCEE DE BIRKILANE,3,Pass,ADM,1,2005,11.03,10.95,10.5,11.62,9,8,14,8,5,13,0.0,0.0,0.0,260,10.0,10.0,10.06,25,138.6,653,6.66,640,0,1,0,1,0,1,1,0,0,4,10.516153846153847,10.678,6,116,39,3,5
Sédhiou,60,1,Deuxième Session,Passable,10.0,PASSE,1,2018,F,S2,LYCEE DE MARSASSOUM,O,Académie de Sédhiou,MARSASSOUM,LYCEE DE MARSSASSOUM,1,Pass,ADM,2,1997,9.5,11.37,11.06,12.09,2,12,6,11,5,14,0.0,0.0,0.0,237,9.12,11.58,12.12,21,152.0,474,10.0,367,0,1,0,0,1,1,0,2,0,0,10.63,11.58,57,148,67,12,14
 Diourbel,60,1,Première Session,Passable,10.58,PASSE,1,2018,M,S2,LYCEE CHEIKH MOUHAMADOU MOUSTAPHA MBACKE,O,Académie de Diourbel,DIOURBEL,LYCEE TECHNIQUE AMADOU BAMBA,2,Pass,ADM,1,2009,10.94,9.9,12.41,12.29,14,14,10,4,6,8,0.0,0.0,0.0,276,10.62,10.62,11.88,21,165.29999999999998,254,110.58,98,0,1,0,1,0,1,1,2,1,0,10.351333333333335,10.38225806451613,20,103,142,1,1
 Diourbel,60,1,Deuxième Session,Passable,10.22,PASSE,1,2018,M,S2,LYCEE DE MBACKE,O,Académie de Diourbel,MBACKE,LYCEE DE MBACKE,2,Pass,ADM,1,2007,10.92,8.65,10.83,12.43,7,10,9,10,7,13,0.0,0.0,0.0,260,10.0,10.0,10.18,23,148.2,535,10.22,316,0,1,0,1,0,1,1,2,0,0,10.351333333333335,10.188333333333334,59,149,68,1,1
 Dakar,60,1,Première Session,Assez-Bien,12.18,PASSE,1,2018,M,S2,LYCEE SEYDINA ISSA ROHOU LAHI,O,Académie de Pikine - Guédiawaye,GUEDIAWAYE,LYCEE BANQUE ISLAMIQUE,1,Pass,ADM,1,1997,13.6,11.65,11.37,11.33,7,9,12,6,6,15,0.0,0.0,0.0,274,10.54,10.54,10.53,21,163.0,286,112.18,12,0,1,0,1,0,1,1,2,1,1,10.725974025974025,10.639425287356321,32,247,29,9,0
 Dakar,60,1,Deuxième Session,Passable,10.0,PASSE,1,2018,F,S2,LYCEE CHEIKH AMADOU LAMINE DABO,O,Académie de Thiès,MBOUR,COMPLEXE SCOLAIRE INTERN-KEUR MADIOR,1,Pass,ADM,1,2012,13.82,11.51,11.46,11.86,10,11,12,7,12,7,0.0,0.0,0.0,260,10.0,10.0,9.29,18,147.0,555,10.0,367,0,1,0,0,1,1,0,2,0,0,10.606013513513513,10.566285714285714,63,102,19,14,0
 Dakar,50,1,Deuxième Session,NULL,9.09,AUTORISE,1,2018,F,S2,LYCEE DE SANDIARA,O,Académie de Thiès,SANDIARA,LYCEE DE SANDIARA,2,Pass,ADM,1,1998,10.56,9.91,11.57,12.57,1,10,12,6,11,18,0.0,0.0,0.0,273,10.5,10.5,10.18,20,153.9,450,9.09,494,0,1,0,0,1,1,0,1,0,4,10.606013513513513,10.545,98,185,98,14,0
 Dakar,60,1,Première Session,Passable,10.6,PASSE,1,2018,M,S2,LYCEE DE BARGNY,O,Académie de Rufisque,BARGNY,LYCEE DE BARGNY,1,Pass,ADM,1,1998,11.78,12.61,11.7,12.76,11,12,9,5,3,12,0.0,0.0,0.0,260,10.0,10.0,11.71,20,176.0,105,110.6,95,0,1,0,1,0,1,1,2,1,0,10.467735849056604,10.41,4,115,38,10,0
 Fatick,60,1,Deuxième Session,Passable,11.91,PASSE,1,2018,M,S2,LYCEE DE DIOHINE,O,Académie de Fatick,DIOHINE,LYCEE DE DIOHINE,1,Pass,ADM,1,2011,12.94,12.57,10.76,10.77,12,9,9,13,7,11,0.0,0.0,0.0,260,10.0,10.0,10.59,19,169.0,193,11.91,172,0,1,0,1,0,1,1,2,0,0,10.480731707317073,10.392,18,124,48,2,2
 Diourbel,60,1,Première Session,Passable,10.15,PASSE,1,2018,M,S2,LYCEE CHEIKH MOUHAMADOU MOUSTAPHA MBACKE,O,Académie de Diourbel,DIOURBEL,LYCEE D'ENSEIGNEMENT GENERAL DE DIOURBEL,1,Pass,ADM,1,2008,11.69,9.74,10.4,12.05,9,13,8,8,8,11,0.0,0.0,0.0,260,10.0,10.0,11.12,20,167.0,220,110.15,147,0,1,0,1,0,1,1,2,1,0,10.351333333333335,10.38225806451613,20,103,32,1,1
 Louga,60,1,Deuxième Session,Passable,11.19,PASSE,1,2018,M,S2,LYCEE MALICK SALL,O,Académie de Louga,LOUGA,LYCEE MALICK SALL,1,Pass,ADM,2,1998,11.4,12.09,9.92,11.03,8,12,10,4,6,5,0.0,0.0,0.0,208,8.0,10.0,11.29,20,122.0,740,11.19,190,0,1,0,1,0,1,1,2,0,0,10.643953488372093,10.577333333333334,55,232,130,7,5
 Thiès,60,1,Deuxième Session,Passable,10.0,PASSE,1,2018,M,S2,LYCEE AHMADOU NDACK SECK THIES,O,Académie de Thiès,THIES,CEM MAMADOU DIAW THIES,2,Pass,ADM,2,2008,9.95,10.6,10.32,10.39,3,11,7,8,6,15,0.0,0.0,0.0,240,9.23,10.81,12.47,20,149.15,518,10.0,367,0,1,0,1,0,1,1,2,0,0,10.606013513513513,10.645483870967741,114,89,9,14,9
 Fatick,3,1,Deuxième Session,NULL,5.0,NON ADMIS,1,2018,F,S2,CANDIDAT INDIVIDUEL FATICK (CAOSP),I,Académie de Fatick,FATICK,LYCEE DE DIOHINE,4,Pass,ADM,1,2008,0.0,0.0,0.0,0.0,10,9,7,13,8,13,0.0,0.0,0.0,260,10.0,10.0,10.71,22,138.54999999999998,660,5.0,688,0,1,0,0,1,1,0,0,0,4,10.480731707317073,10.505555555555555,24,6,48,2,2
 Thiès,60,1,Deuxième Session,Passable,10.16,PASSE,1,2018,M,S2,LYCEE CHEIKH AMADOU LAMINE DABO,O,Académie de Thiès,MBOUR,LYCEE DEMBA DIOP,2,Pass,ADM,1,1997,9.98,11.46,12.13,11.51,8,9,11,9,9,12,0.0,0.0,0.0,268,10.31,10.31,9.76,21,141.54999999999998,622,10.16,329,0,1,0,1,0,1,1,2,0,0,10.606013513513513,10.566285714285714,63,102,116,14,9
 Dakar,60,1,Première Session,Passable,11.02,PASSE,1,2018,F,S2,LYCEE SEYDINA LIMAMOULAYE,O,Académie de Pikine - Guédiawaye,GUEDIAWAYE,ECOLE NANSEN,1,Pass,ADM,1,2001,12.48,11.76,13.5,11.78,6,9,15,12,12,15,0.0,0.0,0.0,285,10.96,10.96,10.24,17,169.0,193,111.02,55,0,1,0,0,1,1,0,2,1,0,10.725974025974025,10.639425287356321,32,248,23,9,0
 Diourbel,12,1,Deuxième Session,NULL,5.71,NON ADMIS,1,2018,M,S2,LYCEE COUMBA DIACK GUEYE KHOMBOLE,O,Académie de Thiès,KHOMBOLE,CEM COUMBA DIACK GUEYE DE KHOMBOLE,2,Pass,ADM,2,2004,11.12,10.23,9.95,10.38,6,12,10,10,7,8,0.0,0.0,0.0,243,9.35,10.15,8.82,22,125.39999999999999,726,5.71,673,0,1,0,1,0,1,1,0,0,4,10.606013513513513,10.075,46,106,2,14,1
 Ziguinchor,43,1,Deuxième Session,NULL,9.23,AUTORISE,1,2018,F,S2,LYCEE DE PEYRISSAC,O,Académie de Ziguinchor,ZIGUINCHOR,COLLEGE SAINT CHARLES LWANGA,1,Pass,ADM,1,2009,12.59,10.88,11.02,11.74,11,11,6,12,6,11,0.0,0.0,0.0,260,10.0,10.0,11.0,18,175.0,112,9.23,478,0,1,0,0,1,1,0,1,0,4,10.608695652173912,10.711428571428572,122,173,17,15,10
 Dakar,30,1,Deuxième Session,NULL,5.85,NON ADMIS,1,2018,F,S2,ECOLE PRIVEE TEMPLE DU SAVOIR,O,Académie de Pikine - Guédiawaye,PIKINE,CEM THIAROYE 44,3,Pass,ADM,2,1994,0.0,0.0,0.0,0.0,14,11,9,6,4,8,0.0,0.0,0.0,251,9.65,10.81,11.88,24,143.1,607,5.85,667,0,1,0,0,1,1,0,0,0,4,10.725974025974025,10.896896551724138,86,72,13,9,0
 Dakar,9,1,Deuxième Session,NULL,3.96,NON ADMIS,1,2018,F,S2,LYCEE JOHN F KENNEDY,O,Académie de Dakar,DAKAR,LYCEE LAMINE GUEYE,1,Pass,ADM,1,1998,11.13,10.5,10.0,9.16,6,9,10,12,7,14,0.0,0.0,0.0,262,10.08,10.08,9.88,20,153.0,458,3.96,718,0,1,0,0,1,1,0,0,0,4,10.54820754716981,10.512179487179488,11,221,123,0,0
Kaffrine,36,1,Deuxième Session,NULL,6.53,NON ADMIS,1,2018,M,S2,LYCEE DE BOULEL,O,Académie de Kaffrine,BOULEL,LYCEE DE BOULEL,3,Pass,ADM,1,2005,12.11,12.16,12.37,10.24,11,11,5,9,6,11,0.0,0.0,0.0,260,10.0,10.0,11.0,24,148.5,533,6.53,647,0,1,0,1,0,1,1,0,0,4,10.516153846153847,10.0,7,117,40,3,12
 Thiès,37,1,Deuxième Session,NULL,7.12,NON ADMIS,1,2018,F,S2,COLLEGE SAINT GABRIEL,O,Académie de Thiès,THIES,LYCEE D' ENSEIGNEMENT TECHNIQUE ET DE FORMATION PR,1,ABien,ADM,1,2000,12.88,12.5,12.05,13.04,11,11,14,8,12,13,0.0,0.0,0.0,308,11.85,12.04,11.71,18,207.0,14,7.12,625,0,1,0,0,1,1,0,0,0,4,10.606013513513513,10.645483870967741,114,17,31,14,9
 Kaolack,46,1,Deuxième Session,NULL,9.44,AUTORISE,1,2018,M,S2,LYCEE SERIGNE KHASSIM MBACKE GUINGUINEO,O,Académie de Kaolack,GUINGUINEO,LYCEE SERIGNE KHASSIM MBACKE GUINGUINEO,2,Pass,ADM,1,1999,10.52,11.16,9.47,9.69,6,12,7,5,9,15,0.0,0.0,0.0,265,10.19,10.19,11.29,19,174.79999999999998,118,9.44,461,0,1,0,1,0,1,1,1,0,4,10.433076923076923,10.19,34,244,139,4,3
 Kaolack,12,1,Deuxième Session,NULL,7.39,NON ADMIS,1,2018,M,S2,LYCEE EL HADJI ABDOU HAMID KANE,O,Académie de Kaolack,KAOLACK,COLLEGE PRIVE MBOUTOU SOW,3,Pass,ADM,1,2002,9.88,10.42,11.31,10.62,11,9,9,11,10,13,0.0,0.0,0.0,273,10.5,10.5,11.0,22,150.3,501,7.39,615,0,1,0,1,0,1,1,0,0,4,10.433076923076923,10.3396,41,211,16,4,3
 Dakar,39,1,Deuxième Session,NULL,8.85,NON ADMIS,1,2018,M,S2,COLLEGE MODERNE TROISIEME MILLENAIRE,O,Académie de Dakar,DAKAR,UNIVERSITE AMADOU HAMPATE BA,1,Pass,ADM,1,2000,9.9,11.06,10.53,9.58,8,12,12,8,9,11,0.0,0.0,0.0,274,10.54,10.54,10.47,18,168.0,208,8.85,518,0,1,0,1,0,1,1,0,0,4,10.54820754716981,10.512179487179488,11,13,147,0,0
 Dakar,49,1,Deuxième Session,NULL,8.34,AUTORISE,1,2018,M,S2,LYCEE SEYDINA LIMAMOULAYE,O,Académie de Pikine - Guédiawaye,GUEDIAWAYE,CEM JOSEPH CORREA B,1,Pass,ADM,1,1998,12.4,11.45,11.21,12.15,11,11,11,10,6,13,0.0,0.0,0.0,292,11.23,11.23,11.71,20,177.0,93,8.34,567,0,1,0,1,0,1,1,1,0,4,10.725974025974025,10.639425287356321,32,248,8,9,0
 Dakar,60,1,Deuxième Session,Passable,10.0,PASSE,1,2018,F,S2,LYCEE CAMP MARCHAND DE RUFISQUE,O,Académie de Rufisque,RUFISQUE,LYCEE MODERNE DE RUFISQUE,1,Pass,ADM,2,1997,11.07,10.76,11.01,10.87,8,12,9,8,8,7,0.0,0.0,0.0,243,9.35,10.69,10.41,21,134.0,687,10.0,367,0,1,0,0,1,1,0,2,0,0,10.467735849056604,10.449444444444445,93,99,134,10,0
 Louga,24,1,Deuxième Session,NULL,5.44,NON ADMIS,1,2018,F,S2,CANDIDAT INDIVIDUEL LOUGA (CAOSP),I,Académie de Louga,LOUGA,LYCEE MAME THIERNO BIRAHIM MBACKE,3,Pass,ADM,1,2005,0.0,0.0,0.0,0.0,10,13,11,12,8,11,0.0,0.0,0.0,293,11.27,11.27,11.41,22,153.9,450,5.44,679,0,1,0,0,1,1,0,0,0,4,10.643953488372093,10.577333333333334,55,7,132,7,5
 Dakar,60,1,Deuxième Session,Passable,10.48,PASSE,1,2018,F,S2,LYCEE DE THIAROYE,O,Académie de Pikine - Guédiawaye,PIKINE,LYCEE DE THIAROYE,1,Pass,ADM,2,2004,10.7,9.9,9.6,10.9,10,11,7,7,7,10,0.0,0.0,0.0,246,9.46,11.85,13.53,19,165.0,258,10.48,266,0,1,0,0,1,1,0,2,0,0,10.725974025974025,10.896896551724138,86,196,108,9,0
 Thiès,60,1,Première Session,Passable,10.64,PASSE,1,2018,F,S2,LYCEE MALICK SY,O,Académie de Thiès,THIES,COLLEGE SAINT GABRIEL,2,Pass,ADM,1,2001,11.42,9.65,12.13,11.07,5,12,13,11,10,13,0.0,0.0,0.0,276,10.62,10.62,10.29,19,159.6,338,110.64,91,0,1,0,0,1,1,0,2,1,0,10.606013513513513,10.645483870967741,114,233,18,14,9
 Dakar,60,1,Deuxième Session,Passable,10.23,PASSE,1,2018,F,S2,COURS PRIVES SYNERGIES,O,Académie de Rufisque,RUFISQUE,LYCEE MODERNE DE RUFISQUE,3,Pass,ADM,1,1997,9.61,9.9,12.56,13.12,13,14,11,5,11,7,0.0,0.0,0.0,275,10.58,10.58,11.24,21,147.6,544,10.23,310,0,1,0,0,1,1,0,2,0,0,10.467735849056604,10.449444444444445,93,31,134,10,0
 Fatick,15,1,Deuxième Session,NULL,4.06,NON ADMIS,1,2018,M,S2,LYCEE DE NGASCOPE,O,Académie de Diourbel,NGOYE,LYCEE DE NGOYE,2,Pass,ADM,1,2006,10.61,10.72,11.71,12.39,11,10,11,9,4,9,0.0,0.0,0.0,260,10.0,10.0,9.94,23,140.6,632,4.06,714,0,1,0,1,0,1,1,0,0,4,10.351333333333335,10.328333333333333,73,160,79,1,2
 Fatick,36,1,Deuxième Session,NULL,8.43,NON ADMIS,1,2018,M,S2,LYCEE DE DIONEWAR,O,Académie de Fatick,NIODIOR,LYCEE DE NIODIOR,2,Pass,ADM,1,2009,11.35,9.58,11.44,10.52,3,11,8,11,7,16,0.0,0.0,0.0,260,10.0,10.0,10.41,20,154.85,432,8.43,558,0,1,0,1,0,1,1,0,0,4,10.480731707317073,10.940000000000001,77,125,83,2,2
 Dakar,36,1,Deuxième Session,NULL,8.9,NON ADMIS,1,2018,F,S2,GROUPE SCOLAIRE EDUCAZUR,O,Académie de Pikine - Guédiawaye,MBAO,LYCEE DE MBAO,4,Pass,ADM,1,1994,9.92,12.41,11.7,10.59,8,8,9,10,4,14,0.0,0.0,0.0,260,10.0,10.0,10.12,24,132.6,695,8.9,514,0,1,0,0,1,1,0,0,0,4,10.725974025974025,10.975,60,76,69,9,0
 Fatick,60,1,Première Session,Passable,10.64,PASSE,1,2018,M,S2,LYCEE DE DIOHINE,O,Académie de Fatick,DIOHINE,LYCEE DE DIOHINE,1,Pass,ADM,1,2011,13.82,12.53,10.66,9.94,8,9,10,12,8,13,0.0,0.0,0.0,260,10.0,10.0,10.12,20,155.0,427,110.64,91,0,1,0,1,0,1,1,2,1,0,10.480731707317073,10.392,18,124,48,2,2
 Dakar,42,1,Deuxième Session,NULL,8.81,AUTORISE,1,2018,F,S2,LYCEE DE MERI,O,Académie de Saint - Louis,MBOUMBA,LYCEE DE MBOUMBA,2,Pass,ADM,1,1998,13.81,11.62,11.34,10.92,8,13,10,11,7,11,0.0,0.0,0.0,260,10.0,10.0,10.82,20,154.85,432,8.81,524,0,1,0,0,1,1,0,1,0,4,10.538157894736841,10.0,62,154,71,11,0
 Dakar,60,1,Deuxième Session,Passable,10.0,PASSE,1,2018,M,S2,LYCEE SEYDINA LIMAMOULAYE,O,Académie de Pikine - Guédiawaye,GUEDIAWAYE,CEM NDIARKA DIAGNE,1,Pass,ADM,2,1997,10.72,11.41,9.76,10.24,4,12,7,8,4,14,0.0,0.0,0.0,240,9.23,10.88,12.18,21,160.0,330,10.0,367,0,1,0,1,0,1,1,2,0,0,10.725974025974025,10.639425287356321,32,248,11,9,0
 Matam,0,1,Deuxième Session,NULL,1.28,NON ADMIS,1,2018,F,S2,LYCEE DE THILOGNE,O,Académie de Matam,THILOGNE,LYCEE DE THILOGNE,2,Pass,ADM,2,1997,10.27,10.19,10.95,10.57,3,13,9,9,4,11,0.0,0.0,0.0,236,9.08,10.38,10.82,21,135.85,675,1.28,757,0,1,0,0,1,1,0,0,0,4,10.756875,10.2775,115,198,110,8,6
 Dakar,10,1,Deuxième Session,NULL,6.29,NON ADMIS,1,2018,M,S2,CANDIDAT INDIVIDUEL DE DAKAR (CAOSP),I,Académie de Dakar,DAKAR,UNIVERSITE AMADOU HAMPATE BA,3,Pass,ADM,2,1996,0.0,0.0,0.0,0.0,3,10,11,8,9,16,0.0,0.0,0.0,259,9.96,10.08,10.06,23,142.20000000000002,616,6.29,655,0,1,0,1,0,1,1,0,0,4,10.54820754716981,10.512179487179488,11,2,147,0,0
 Dakar,60,1,Deuxième Session,Passable,10.32,PASSE,1,2018,M,S2,LYCEE LAMINE GUEYE,O,Académie de Dakar,DAKAR,UNIVERSITE AMADOU HAMPATE BA,1,Pass,ADM,1,1998,14.37,9.23,10.04,9.0,11,9,14,10,7,13,0.0,0.0,0.0,278,10.69,10.69,11.0,20,167.0,220,10.32,290,0,1,0,1,0,1,1,2,0,0,10.54820754716981,10.512179487179488,11,224,147,0,0
 Diourbel,0,1,Deuxième Session,NULL,0.72,NON ADMIS,1,2018,M,S2,ACADEMIA LIMAMOULAYE,O,Académie de Pikine - Guédiawaye,GUEDIAWAYE,LYCEE BANQUE ISLAMIQUE,3,Pass,ADM,2,2007,9.43,10.0,8.2,8.48,8,8,8,2,7,13,0.0,0.0,0.0,218,8.38,10.0,11.88,21,135.0,680,0.72,766,0,1,0,1,0,1,1,0,0,4,10.725974025974025,10.639425287356321,32,0,29,9,1
 Louga,60,1,Deuxième Session,Passable,10.0,PASSE,1,2018,F,S2,COURS PRIVES LEON GONTRAN DAMAS,O,Académie de Louga,LOUGA,LYCEE MALICK SALL,1,Pass,ADM,1,2000,12.03,12.04,9.73,10.09,9,13,9,7,7,12,0.0,0.0,0.0,260,10.0,10.0,11.47,18,183.0,47,10.0,367,0,1,0,0,1,1,0,2,0,0,10.643953488372093,10.577333333333334,55,26,130,7,5
 Tambacounda,60,1,Première Session,Passable,10.73,PASSE,1,2018,M,S2,COURS PRIVES LAMINE GUEYE,O,Académie de Tambacounda,TAMBACOUNDA,LYCEE MAME CHEIKH MBAYE,4,Pass,ADM,1,2008,10.75,9.72,11.7,12.7,15,7,6,7,8,12,0.0,0.0,0.0,260,10.0,10.0,11.12,21,141.95,621,110.73,79,0,1,0,1,0,1,1,2,1,0,10.65846153846154,10.819999999999999,109,25,131,13,8
 Matam,60,1,Première Session,Passable,10.0,PASSE,1,2018,M,S2,LYCEE LES AGNAM,O,Académie de Matam,LES AGNAM,LYCEE LES AGNAM,1,Pass,ADM,1,2008,13.1,11.99,12.13,12.39,12,11,7,6,15,10,0.0,0.0,0.0,280,10.77,10.77,10.94,19,173.0,132,110.0,159,0,1,0,1,0,1,1,2,1,0,10.756875,10.77,54,226,125,8,6
Kédougou,60,1,Première Session,Assez-Bien,12.57,PASSE,1,2018,M,S2,LYCEE DE FONGOLIMBI,O,Académie de Kédougou,KEDOUGOU,LYCEE TECHNIQUE INDUSTRIEL DE KEDOUGOU,1,Pass,ADM,1,1999,11.93,12.62,10.32,10.51,8,11,12,8,7,14,0.0,0.0,0.0,287,11.04,11.04,11.18,19,181.0,55,112.57,7,0,1,0,1,0,1,1,2,1,1,10.892,11.346666666666666,43,131,144,6,13
 Dakar,60,1,Deuxième Session,Passable,11.1,PASSE,1,2018,M,S2,LYCEE SEYDINA LIMAMOULAYE,O,Académie de Pikine - Guédiawaye,GUEDIAWAYE,CEM JOSEPH CORREA A,2,Pass,ADM,1,1997,9.55,10.96,10.69,8.68,6,14,12,12,12,12,0.0,0.0,0.0,305,11.73,11.73,10.94,21,157.7,374,11.1,197,0,1,0,1,0,1,1,2,0,0,10.725974025974025,10.639425287356321,32,248,7,9,0
 Fatick,60,1,Deuxième Session,Passable,11.69,PASSE,1,2018,F,S2,LYCEE COUMBA NDOFFENE DIOUF,O,Académie de Fatick,FATICK,LYCEE COUMBA NDOFFENE DIOUF,1,ABien,ADM,1,2000,15.11,11.87,11.94,12.63,7,12,11,14,18,14,0.0,0.0,0.0,312,12.0,12.0,11.24,19,202.0,16,11.69,178,0,1,0,0,1,1,0,2,0,0,10.480731707317073,10.505555555555555,24,107,30,2,2
 Diourbel,60,1,Deuxième Session,Passable,10.12,PASSE,1,2018,M,S2,LYCEE D'ENSEIGNEMENT GENERAL DE DIOURBEL,O,Académie de Diourbel,DIOURBEL,LYCEE TECHNIQUE AMADOU BAMBA,2,Pass,ADM,1,2008,9.76,11.93,11.64,10.5,12,11,11,12,7,11,0.0,0.0,0.0,284,10.92,10.92,11.29,22,160.54999999999998,326,10.12,340,0,1,0,1,0,1,1,2,0,0,10.351333333333335,10.38225806451613,20,108,142,1,1
 Thiès,60,1,Deuxième Session,Passable,10.0,PASSE,1,2018,M,S2,COMPLEXE SCOLAIRE INTERN-KEUR MADIOR,O,Académie de Thiès,MBOUR,COMPLEXE SCOLAIRE INTERN-KEUR MADIOR,1,Pass,ADM,1,1999,11.84,11.61,11.18,11.78,11,9,11,12,9,11,0.0,0.0,0.0,278,10.69,10.69,10.29,19,165.0,258,10.0,367,0,1,0,1,0,1,1,2,0,0,10.606013513513513,10.566285714285714,63,19,19,14,9
 Kaolack,6,1,Deuxième Session,NULL,4.97,NON ADMIS,1,2018,F,S2,NOUVEAU LYCEE DE KAOLACK,O,Académie de Kaolack,KAOLACK,COLLEGE PIE XII,2,Pass,ADM,1,1995,0.0,0.0,0.0,0.0,4,11,12,10,11,14,0.0,0.0,0.0,267,10.27,10.27,10.0,23,147.25,546,4.97,689,0,1,0,0,1,1,0,0,0,4,10.433076923076923,10.3396,41,255,15,4,3
 Fatick,60,1,Deuxième Session,Passable,10.65,PASSE,1,2018,M,S2,LYCEE COUMBA NDOFFENE DIOUF,O,Académie de Fatick,FATICK,LYCEE COUMBA NDOFFENE DIOUF,3,Pass,ADM,1,2008,11.65,10.81,10.74,12.23,13,12,13,10,6,9,0.0,0.0,0.0,287,11.04,11.04,11.24,22,149.4,516,10.65,246,0,1,0,1,0,1,1,2,0,0,10.480731707317073,10.505555555555555,24,107,30,2,2
 Diourbel,60,1,Deuxième Session,Passable,11.28,PASSE,1,2018,F,S2,LYCEE CHEIKH MOUHAMADOU MOUSTAPHA MBACKE,O,Académie de Diourbel,DIOURBEL,LYCEE TECHNIQUE AMADOU BAMBA,2,Pass,ADM,1,2008,11.6,9.88,11.18,12.08,8,10,8,8,8,14,0.0,0.0,0.0,260,10.0,10.0,10.82,21,157.7,374,11.28,188,0,1,0,0,1,1,0,2,0,0,10.351333333333335,10.38225806451613,20,103,142,1,1
 Fatick,60,1,Première Session,Passable,10.68,PASSE,1,2018,F,S2,LYCEE DE DIOFIOR,O,Académie de Fatick,DIOFIOR,LYCEE DE DIOFIOR,1,Pass,ADM,2,2001,12.65,11.54,11.68,10.95,8,10,12,8,9,7,0.0,0.0,0.0,234,9.0,10.0,9.65,17,134.0,687,110.68,87,0,1,0,0,1,1,0,2,1,0,10.480731707317073,10.0,17,123,47,2,2
 Louga,60,1,Première Session,Passable,10.4,PASSE,1,2018,F,S2,LYCEE MACODOU KANGUE SALL,O,Académie de Louga,KEBEMER,LYCEE MACODOU KANGUE SALL,1,Pass,ADM,1,2003,12.77,11.85,9.34,9.86,13,10,9,6,9,10,0.0,0.0,0.0,260,10.0,10.0,10.88,18,172.0,151,110.4,114,0,1,0,0,1,1,0,2,1,0,10.643953488372093,10.56,42,229,127,7,5
 Thiès,43,1,Deuxième Session,NULL,8.93,AUTORISE,1,2018,M,S2,LYCEE ABABACAR SY,O,Académie de Thiès,TIVAOUANE,LYCEE ABABACAR SY,1,Pass,ADM,1,2005,13.25,11.06,9.21,9.73,8,10,11,8,12,11,0.0,0.0,0.0,265,10.19,10.19,9.76,20,148.0,542,8.93,506,0,1,0,1,0,1,1,1,0,4,10.606013513513513,10.896666666666667,117,87,25,14,9
 Saint-Louis,60,1,Première Session,Passable,11.73,PASSE,1,2018,F,S2,LYCEE ABDOULAYE SADJI,O,Académie de Rufisque,RUFISQUE,LYCEE MODERNE DE RUFISQUE,1,ABien,ADM,1,2001,14.6,14.1,12.01,12.23,9,13,11,12,10,14,0.0,0.0,0.0,312,12.0,12.0,12.18,17,215.0,8,111.73,18,0,1,0,0,1,1,0,2,1,0,10.467735849056604,10.449444444444445,93,88,134,10,7
 Dakar,60,1,Première Session,Passable,10.6,PASSE,1,2018,F,S2,LYCEE ZONE DE RECASEMENT DE KEUR MASSAR ,O,Académie de Pikine - Guédiawaye,KEUR MASSAR,LYCEE ZONE DE RECASEMENT DE KEUR MASSAR ,1,Pass,ADM,1,2000,12.42,14.03,13.33,14.04,6,11,11,9,9,12,0.0,0.0,0.0,272,10.46,10.46,9.88,20,151.0,499,110.6,95,0,1,0,0,1,1,0,2,1,0,10.725974025974025,10.592222222222222,45,253,146,9,0
 Diourbel,60,1,Première Session,Passable,10.33,PASSE,1,2018,F,S2,LYCEE DE NGASCOPE,O,Académie de Diourbel,NGOYE,LYCEE DE NGOYE,1,Pass,ADM,1,1999,14.17,14.68,13.41,12.9,10,10,13,9,3,13,0.0,0.0,0.0,260,10.0,10.0,11.06,19,178.0,83,110.33,123,0,1,0,0,1,1,0,2,1,0,10.351333333333335,10.328333333333333,73,160,79,1,1
 Saint-Louis,37,1,Deuxième Session,NULL,8.88,NON ADMIS,1,2018,F,S2,GROUPE SCOLAIRE MAMADOU DIAGNE DE POUT,O,Académie de Thiès,POUT,LYCEE DE POUT,3,Pass,ADM,1,1997,0.0,0.0,0.0,0.0,4,8,16,12,9,14,0.0,0.0,0.0,272,10.46,10.46,8.94,21,126.0,724,8.88,517,0,1,0,0,1,1,0,0,0,4,10.606013513513513,10.37,90,81,92,14,7
 Dakar,60,1,Deuxième Session,Passable,10.0,PASSE,1,2018,F,S2,LYCEE MIXTE MAURICE DELAFOSSE,O,Académie de Dakar,DAKAR,UNIVERSITE AMADOU HAMPATE BA,1,Pass,ADM,2,1997,13.52,0.0,11.92,11.08,10,12,7,6,9,10,0.0,0.0,0.0,243,9.35,10.12,11.71,21,160.0,330,10.0,367,0,1,0,0,1,1,0,2,0,0,10.54820754716981,10.512179487179488,11,237,147,0,0
 Dakar,60,1,Deuxième Session,Passable,10.38,PASSE,1,2018,F,S2,LYCEE DE BAMBEY,O,Académie de Diourbel,BAMBEY,LYCEE DE BAMBEY,1,Pass,ADM,1,2001,14.29,10.19,11.54,11.49,11,7,11,10,16,14,0.0,0.0,0.0,294,11.31,11.31,10.65,17,173.0,132,10.38,279,0,1,0,0,1,1,0,2,0,0,10.351333333333335,10.434285714285712,2,112,36,1,0
 Dakar,39,1,Deuxième Session,NULL,8.38,NON ADMIS,1,2018,F,S2,LYCEE MALICK SY,O,Académie de Thiès,THIES,LYCEE D' ENSEIGNEMENT TECHNIQUE ET DE FORMATION PR,1,Pass,ADM,1,2001,12.29,12.09,11.26,10.81,7,11,15,12,15,11,0.0,0.0,0.0,284,10.92,10.92,9.82,17,159.0,346,8.38,564,0,1,0,0,1,1,0,0,0,4,10.606013513513513,10.645483870967741,114,233,31,14,0
 Kaolack,6,1,Deuxième Session,NULL,5.84,NON ADMIS,1,2018,F,S2,COURS D'EXCELLENCE DU SALOUM,O,Académie de Kaolack,KAOLACK,COLLEGE PRIVE MBOUTOU SOW,3,Pass,ADM,1,1995,10.84,10.3,12.21,12.85,10,8,11,6,10,17,0.0,0.0,0.0,277,10.65,10.65,11.76,23,163.8,276,5.84,668,0,1,0,0,1,1,0,0,0,4,10.433076923076923,10.3396,41,20,16,4,3
 Thiès,60,1,Première Session,Passable,10.04,PASSE,1,2018,M,S2,GROUPE SCOLAIRE YALLA SUUR EN,O,Académie de Dakar,DAKAR,INSTITUTION NOTRE DAME,3,Pass,ADM,2,2007,9.77,9.62,11.96,13.73,10,11,8,8,3,7,0.0,0.0,0.0,233,8.96,10.81,11.76,22,123.3,734,110.03999999999999,156,0,1,0,1,0,1,1,2,1,0,10.54820754716981,10.512179487179488,11,84,24,0,9
 Dakar,60,1,Deuxième Session,Passable,10.31,PASSE,1,2018,F,S2,ECOLE PRIVEE MAME ABDOU DABAKH ,O,Académie de Dakar,PARCELLES ASSAINIES,CEM UNITE 19,3,Pass,ADM,1,1997,10.08,11.56,10.52,10.14,10,11,14,6,7,11,0.0,0.0,0.0,270,10.38,10.38,10.71,21,144.9,580,10.31,292,0,1,0,0,1,1,0,2,0,0,10.54820754716981,10.64857142857143,82,62,14,0,0
 Dakar,12,1,Deuxième Session,NULL,3.05,NON ADMIS,1,2018,M,S2,GROUPE SCOLAIRE DABAKH MALICK,O,Académie de Pikine - Guédiawaye,GUEDIAWAYE,CEM JOSEPH CORREA B,2,Pass,ADM,1,1997,11.12,9.54,13.53,11.55,11,10,10,12,7,14,0.0,0.0,0.0,293,11.27,11.27,11.71,21,169.1,187,3.05,732,0,1,0,1,0,1,1,0,0,4,10.725974025974025,10.639425287356321,32,75,8,9,0
Sédhiou,42,1,Deuxième Session,NULL,8.32,AUTORISE,1,2018,M,S2,LYCEE ALPHA MOLO BALDE,O,Académie de Kolda,KOLDA,LYCEE ALPHA MOLO BALDE,1,Pass,ADM,2,2011,12.44,10.17,10.88,9.98,9,9,5,10,4,6,0.0,0.0,0.0,208,8.0,10.04,9.71,19,127.0,717,8.32,569,0,1,0,1,0,1,1,1,0,4,10.466363636363637,10.57375,48,92,27,5,14
 Ziguinchor,0,1,Deuxième Session,NULL,0.75,NON ADMIS,1,2018,F,S2,LYCEE DJIGNABO,O,Académie de Ziguinchor,ZIGUINCHOR,LYCEE DJIGNABO,1,Pass,ADM,1,1999,12.0,11.81,10.41,11.05,7,10,6,8,10,14,0.0,0.0,0.0,260,10.0,10.0,10.53,19,172.0,151,0.75,763,0,1,0,0,1,1,0,0,0,4,10.608695652173912,10.711428571428572,122,209,118,15,10
 Dakar,60,1,Deuxième Session,Passable,10.0,PASSE,1,2018,F,S2,LYCEE DE GUEOUL,O,Académie de Louga,GUEOUL,LYCEE DE GUEOUL,2,Pass,ADM,2,1997,10.57,9.05,11.07,10.62,9,6,9,9,9,14,0.0,0.0,0.0,239,9.19,10.62,11.65,21,142.5,611,10.0,367,0,1,0,0,1,1,0,2,0,0,10.643953488372093,10.52,33,134,56,7,0
 Dakar,60,1,Deuxième Session,Passable,10.89,PASSE,1,2018,M,S2,LYCEE SEYDINA LIMAMOULAYE,O,Académie de Pikine - Guédiawaye,GUEDIAWAYE,LYCEE SEYDINA LIMAMOULAYE,2,Pass,ADM,1,2008,12.32,10.27,10.5,8.77,11,11,12,5,5,13,0.0,0.0,0.0,271,10.42,10.42,11.71,22,168.15,205,10.89,216,0,1,0,1,0,1,1,2,0,0,10.725974025974025,10.639425287356321,32,248,141,9,0
 Kolda,60,1,Première Session,Passable,10.41,PASSE,1,2018,F,S2,LYCEE DE KOUNKANE,O,Académie de Kolda,KOUNKANE,LYCEE DE KOUNKANE,2,Pass,ADM,1,2009,10.45,9.6,11.18,11.81,12,12,8,10,11,6,0.0,0.0,0.0,260,10.0,10.0,9.88,21,136.79999999999998,669,110.41,113,0,1,0,0,1,1,0,2,1,0,10.466363636363637,10.18,51,143,63,5,4
 Tambacounda,36,1,Deuxième Session,NULL,7.45,NON ADMIS,1,2018,F,S2,LYCEE ABDOULAYE SADJI,O,Académie de Rufisque,RUFISQUE,LYCEE MODERNE DE RUFISQUE,2,Pass,ADM,1,1998,12.27,10.87,12.02,11.3,6,14,7,8,3,13,0.0,0.0,0.0,264,10.15,10.15,11.29,20,163.4,278,7.45,613,0,1,0,0,1,1,0,0,0,4,10.467735849056604,10.449444444444445,93,88,134,10,8
 Dakar,44,1,Deuxième Session,NULL,8.67,AUTORISE,1,2018,M,S2,LYCEE BANQUE ISLAMIQUE,O,Académie de Pikine - Guédiawaye,GUEDIAWAYE,CEM JOSEPH CORREA B,1,Pass,ADM,1,1998,14.15,13.16,12.15,11.99,8,9,7,10,18,13,0.0,0.0,0.0,266,10.23,10.23,10.12,20,155.0,427,8.67,542,0,1,0,1,0,1,1,1,0,4,10.725974025974025,10.639425287356321,32,95,8,9,0
 Dakar,60,1,Deuxième Session,Passable,10.0,PASSE,1,2018,M,S2,"ECOLE PRIVEE LAIQUE ""PAPE BENOIT XVI SAGEF 2""",O,Académie de Pikine - Guédiawaye,MBAO,ECOLE ELEMENTAIRE LGI MBAO,1,ABien,ADM,1,1999,12.12,13.08,12.3,12.56,11,10,12,12,13,15,0.0,0.0,0.0,312,12.0,12.0,12.06,19,214.0,9,10.0,367,0,1,0,1,0,1,1,2,0,0,10.725974025974025,10.975,60,59,22,9,0
 Diourbel,36,1,Deuxième Session,NULL,8.62,NON ADMIS,1,2018,M,S2,LYCEE DE NGASCOPE,O,Académie de Diourbel,NGOYE,LYCEE DE NGOYE,1,Pass,ADM,2,2011,11.62,10.93,9.98,11.45,10,9,11,8,2,12,0.0,0.0,0.0,241,9.27,10.0,11.06,18,167.0,220,8.62,545,0,1,0,1,0,1,1,0,0,4,10.351333333333335,10.328333333333333,73,160,79,1,1
 Thiès,39,1,Deuxième Session,NULL,8.96,NON ADMIS,1,2018,F,S2,GROUPE SCOLAIRE MAMADOU DIAGNE DE POUT,O,Académie de Thiès,POUT,LYCEE DE POUT,2,Pass,ADM,1,1997,12.88,9.66,12.13,12.67,10,10,9,7,5,13,0.0,0.0,0.0,265,10.19,10.19,11.06,21,159.6,338,8.96,504,0,1,0,0,1,1,0,0,0,4,10.606013513513513,10.37,90,81,92,14,9
 Saint-Louis,60,1,Deuxième Session,Passable,10.9,PASSE,1,2018,M,S2,LYCEE MAME THIERNO BIRAHIM MBACKE,O,Académie de Louga,DAROU MOUSTY,LYCEE MAME THIERNO BIRAHIM MBACKE,1,Pass,ADM,1,1998,12.73,12.82,12.38,12.85,8,11,7,12,7,15,0.0,0.0,0.0,284,10.92,10.92,11.53,20,177.0,93,10.9,214,0,1,0,1,0,1,1,2,0,0,10.643953488372093,10.6625,13,234,132,7,7
 Thiès,60,1,Deuxième Session,Passable,10.0,PASSE,1,2018,M,S2,LYCEE DE SANDIARA,O,Académie de Thiès,SANDIARA,LYCEE DE SANDIARA,2,Pass,ADM,1,2008,11.07,11.09,11.58,11.05,8,6,12,6,10,15,0.0,0.0,0.0,260,10.0,10.0,9.76,21,144.4,585,10.0,367,0,1,0,1,0,1,1,2,0,0,10.606013513513513,10.545,98,185,98,14,9
 Fatick,60,1,Première Session,Passable,10.25,PASSE,1,2018,F,S2,LYCEE DE SOUM,O,Académie de Fatick,SOUM,LYCEE DE SOUM,1,Pass,ADM,1,2010,11.79,12.23,11.29,11.16,10,9,9,11,8,12,0.0,0.0,0.0,260,10.0,10.0,10.35,19,167.0,220,110.25,133,0,1,0,0,1,1,0,2,1,0,10.480731707317073,10.423333333333334,105,190,103,2,2
 Dakar,15,1,Deuxième Session,NULL,4.1,NON ADMIS,1,2018,M,S2,SALDIA,O,Académie de Dakar,DAKAR,LYCEE TECHNIQUE INDUSTRIEL DELAFOSSE,1,Pass,ADM,1,2000,10.68,11.24,11.82,10.78,11,9,10,7,8,13,0.0,0.0,0.0,274,10.54,10.54,11.0,18,177.0,93,4.1,712,0,1,0,1,0,1,1,0,0,4,10.54820754716981,10.512179487179488,11,258,145,0,0
 Dakar,60,1,Première Session,Passable,10.77,PASSE,1,2018,F,S2,LYCEE BANQUE ISLAMIQUE,O,Académie de Pikine - Guédiawaye,GUEDIAWAYE,ECOLE NANSEN,1,Pass,ADM,1,2013,14.94,11.3,12.69,13.4,11,11,10,11,11,10,0.0,0.0,0.0,271,10.42,10.42,10.65,20,159.0,346,110.77,74,0,1,0,0,1,1,0,2,1,0,10.725974025974025,10.639425287356321,32,95,23,9,0
 Saint-Louis,60,1,Deuxième Session,Passable,10.25,PASSE,1,2018,M,S2,LYCEE DE RICHARD TOLL,O,Académie de Saint - Louis,RICHARD TOLL,CEM II DE RICHARD-TOLL,2,Pass,ADM,1,2006,11.03,9.97,12.23,11.77,13,12,9,11,10,9,0.0,0.0,0.0,285,10.96,10.96,11.24,20,157.7,374,10.25,305,0,1,0,1,0,1,1,2,0,0,10.538157894736841,10.446000000000002,91,178,6,11,7
 Dakar,42,1,Deuxième Session,NULL,8.89,AUTORISE,1,2018,F,S2,SALDIA,O,Académie de Dakar,DAKAR,INSTITUTION NOTRE DAME,1,Pass,ADM,1,2017,13.22,13.92,11.16,11.26,11,11,11,14,9,10,0.0,0.0,0.0,283,10.88,10.88,10.65,19,169.0,193,8.89,515,0,1,0,0,1,1,0,1,0,4,10.54820754716981,10.512179487179488,11,258,24,0,0
 Fatick,36,1,Deuxième Session,NULL,8.8,NON ADMIS,1,2018,M,S2,LYCEE DE PALMARIN FACAO,O,Académie de Fatick,FIMELA,LYCEE DE PALMERIN DE FACAO,4,Pass,ADM,1,1995,9.86,10.34,12.56,11.51,16,11,11,9,8,12,0.0,0.0,0.0,310,11.92,11.92,12.82,23,162.35,303,8.8,527,0,1,0,1,0,1,1,0,0,4,10.480731707317073,10.635,25,170,86,2,2
 Dakar,18,1,Deuxième Session,NULL,7.29,NON ADMIS,1,2018,F,S2,LYCEE EL HADJI ABDOU HAMID KANE,O,Académie de Kaolack,KAOLACK,COLLEGE PIE XII,2,Pass,ADM,1,1998,10.67,9.64,9.34,10.02,6,10,10,8,7,14,0.0,0.0,0.0,261,10.04,10.04,10.24,20,150.1,502,7.29,617,0,1,0,0,1,1,0,0,0,4,10.433076923076923,10.3396,41,211,15,4,0
 Louga,60,1,Première Session,Passable,10.0,PASSE,1,2018,M,S2,LYCEE DE LEONA,O,Académie de Louga,LEONA,LYCEE DE LEONA,1,Pass,ADM,1,2000,12.34,11.43,11.73,13.26,7,12,11,10,8,12,0.0,0.0,0.0,276,10.62,10.62,10.53,18,170.0,180,110.0,159,0,1,0,1,0,1,1,2,1,0,10.643953488372093,10.485,53,145,65,7,5
 Dakar,60,1,Première Session,Passable,10.4,PASSE,1,2018,M,S2,LYCEE DE ODOBERE,O,Académie de Matam,ODOBERE,LYCEE DE ODOBERE,1,ABien,ADM,1,1999,13.98,14.05,11.64,10.79,11,12,12,10,12,11,0.0,0.0,0.0,312,12.0,12.0,11.35,19,200.0,19,110.4,114,0,1,0,1,0,1,1,2,1,0,10.756875,11.79,79,167,84,8,0
 Dakar,6,1,Deuxième Session,NULL,5.34,NON ADMIS,1,2018,M,S2,COLLEGE MODERNE TROISIEME MILLENAIRE,O,Académie de Dakar,DAKAR,UNIVERSITE AMADOU HAMPATE BA,2,Pass,ADM,1,1997,9.61,12.34,11.48,10.77,7,12,8,8,5,13,0.0,0.0,0.0,260,10.0,10.0,10.88,22,157.7,374,5.34,682,0,1,0,1,0,1,1,0,0,4,10.54820754716981,10.512179487179488,11,13,147,0,0
 Louga,60,1,Deuxième Session,Passable,10.67,PASSE,1,2018,M,S2,LYCEE DE SAGATA GUETT,O,Académie de Louga,SAGATTA GUET,LYCEE DE SAGATA GUETT,2,Pass,ADM,1,2005,11.65,11.43,12.41,13.56,13,7,8,9,9,16,0.0,0.0,0.0,285,10.96,10.96,11.94,20,173.85,129,10.67,243,0,1,0,1,0,1,1,2,0,0,10.643953488372093,10.71,94,180,94,7,5
 Tambacounda,36,1,Deuxième Session,NULL,8.69,NON ADMIS,1,2018,M,S2,LYCEE DE GOUDIRY,O,Académie de Tambacounda,GOUDIRY,LYCEE DE GOUDIRY,2,Pass,ADM,1,2010,12.45,10.28,12.47,8.85,9,10,14,6,10,13,0.0,0.0,0.0,281,10.81,10.81,10.76,19,165.29999999999998,254,8.69,539,0,1,0,1,0,1,1,0,0,4,10.65846153846154,10.81,31,133,55,13,8
 Dakar,36,1,Deuxième Session,NULL,8.08,NON ADMIS,1,2018,F,S2,LYCEE MODERNE DE RUFISQUE,O,Académie de Rufisque,RUFISQUE,LYCEE MODERNE DE RUFISQUE,1,Pass,ADM,1,1999,10.41,11.11,11.3,12.19,12,5,11,5,8,15,0.0,0.0,0.0,260,10.0,10.0,10.59,19,173.0,132,8.08,584,0,1,0,0,1,1,0,0,0,4,10.467735849056604,10.449444444444445,93,239,134,10,0
 Saint-Louis,40,1,Deuxième Session,NULL,8.66,NON ADMIS,1,2018,F,S2,LYCEE DE NGALLELE,O,Académie de Saint - Louis,NGALLELE,LYCEE DE NGALLELE,1,Pass,ADM,1,2000,11.36,12.42,12.54,12.77,9,8,11,9,9,13,0.0,0.0,0.0,260,10.0,10.0,10.06,18,164.0,270,8.66,543,0,1,0,0,1,1,0,0,0,4,10.538157894736841,10.0,70,159,77,11,7
 Dakar,15,1,Deuxième Session,NULL,7.12,NON ADMIS,1,2018,F,S2,LYCEE SEYDINA LIMAMOULAYE,O,Académie de Pikine - Guédiawaye,GUEDIAWAYE,CEM JOSEPH CORREA A,3,Pass,ADM,1,1994,10.72,9.64,8.68,8.18,11,7,10,11,7,13,0.0,0.0,0.0,264,10.15,10.15,10.29,24,141.3,627,7.12,625,0,1,0,0,1,1,0,0,0,4,10.725974025974025,10.639425287356321,32,248,7,9,0
 Ziguinchor,44,1,Deuxième Session,NULL,8.46,AUTORISE,1,2018,F,S2,LYCEE DJIGNABO,O,Académie de Ziguinchor,ZIGUINCHOR,COLLEGE SAINT CHARLES LWANGA,2,Pass,ADM,2,2000,9.53,10.08,11.19,11.93,2,11,8,10,5,14,0.0,0.0,0.0,246,9.46,11.81,12.29,18,149.15,518,8.46,555,0,1,0,0,1,1,0,1,0,4,10.608695652173912,10.711428571428572,122,209,17,15,10
 Kaolack,60,1,Première Session,Passable,10.49,PASSE,1,2018,M,S2,LYCEE DE TAIBA NIASSENE,O,Académie de Kaolack,TAIBA NIASSENE,LYCEE DE TAIBA NIASSENE,2,Pass,ADM,1,2004,10.85,11.2,9.95,10.92,10,11,12,6,9,13,0.0,0.0,0.0,287,11.04,11.04,11.41,19,173.85,129,110.49,103,0,1,0,1,0,1,1,2,1,0,10.433076923076923,10.615,107,192,105,4,3
 Thiès,60,1,Deuxième Session,Passable,10.49,PASSE,1,2018,F,S2,LYCEE AHMADOU NDACK SECK THIES,O,Académie de Thiès,THIES,CEM MAMADOU DIAW THIES,1,Pass,ADM,1,1996,0.0,0.0,0.0,0.0,15,12,6,9,5,16,0.0,0.0,0.0,309,11.88,11.88,14.29,22,216.0,5,10.49,264,0,1,0,0,1,1,0,2,0,0,10.606013513513513,10.645483870967741,114,89,9,14,9
 Thiès,60,1,Première Session,Passable,10.63,PASSE,1,2018,M,S2,LYCEE DE NGUENIENE,O,Académie de Thiès,NGUENIENE,LYCEE DE NGUENIENE,1,Pass,ADM,2,2006,12.62,12.19,10.21,11.17,8,12,9,4,9,8,0.0,0.0,0.0,231,8.88,10.04,10.12,19,150.0,510,110.63,93,0,1,0,1,0,1,1,2,1,0,10.606013513513513,10.219999999999999,75,164,81,14,9
 Kolda,60,1,Deuxième Session,Passable,10.36,PASSE,1,2018,M,S2,CANDIDAT INDIVIDUEL SAINT - LOUIS (CAOSP),I,Académie de Saint - Louis,SAINT LOUIS,CEM II DE RICHARD-TOLL,4,Pass,ADM,2,2006,0.0,0.0,0.0,0.0,8,6,9,6,4,12,0.0,0.0,0.0,212,8.15,10.23,11.53,23,113.89999999999999,771,10.36,287,0,1,0,1,0,1,1,2,0,0,10.538157894736841,10.502380952380953,95,10,6,11,4
 Thiès,9,1,Deuxième Session,NULL,7.15,NON ADMIS,1,2018,F,S2,COLLEGE JEAN DE LA FONTAINE,O,Académie de Dakar,DAKAR,LYCEE LAMINE GUEYE,3,Pass,ADM,2,1998,0.0,0.0,10.87,11.26,2,8,9,10,12,16,0.0,0.0,0.0,242,9.31,10.96,10.88,20,129.6,705,7.15,622,0,1,0,0,1,1,0,0,0,4,10.54820754716981,10.512179487179488,11,12,123,0,9
 Kaolack,60,1,Deuxième Session,Passable,10.37,PASSE,1,2018,F,S2,LYCEE DE LATMINGUE,O,Académie de Kaolack,KOUTAL,LYCEE DE KOUTAL,2,Pass,ADM,1,1999,11.21,10.0,10.81,10.08,10,10,12,7,13,10,0.0,0.0,0.0,260,10.0,10.0,10.0,19,152.0,474,10.37,282,0,1,0,0,1,1,0,2,0,0,10.433076923076923,10.283333333333333,52,144,64,4,3
 Dakar,15,1,Deuxième Session,NULL,3.46,NON ADMIS,1,2018,M,S2,LYCEE SERGENT MALAMINE CAMARA,O,Académie de Dakar,PARCELLES ASSAINIES,LYCEE SERGENT MALAMINE CAMARA,1,Pass,ADM,1,1999,10.27,11.56,10.38,9.88,5,9,11,7,6,16,0.0,0.0,0.0,260,10.0,10.0,10.29,20,161.0,319,3.46,728,0,1,0,1,0,1,1,0,0,4,10.54820754716981,10.64857142857143,82,242,137,0,0
 Thiès,60,1,Première Session,Passable,10.15,PASSE,1,2018,F,S2,LYCEE AHMADOU NDACK SECK THIES,O,Académie de Thiès,THIES,ECOLE ELEMENTAIRE GERMAINE LE GOFF DE THIES,1,Pass,ADM,1,2000,15.06,13.35,12.75,12.38,11,11,9,8,9,10,0.0,0.0,0.0,260,10.0,10.0,10.65,19,169.0,193,110.15,147,0,1,0,0,1,1,0,2,1,0,10.606013513513513,10.645483870967741,114,89,21,14,9
 Diourbel,43,1,Deuxième Session,NULL,8.93,AUTORISE,1,2018,M,S2,LYCEE DE NGASCOPE,O,Académie de Diourbel,NGOYE,LYCEE DE NGOYE,2,Pass,ADM,1,2009,11.93,10.44,13.05,12.34,10,13,8,7,6,15,0.0,0.0,0.0,282,10.85,10.85,12.82,22,185.25,38,8.93,506,0,1,0,1,0,1,1,1,0,4,10.351333333333335,10.328333333333333,73,160,79,1,1
 Thiès,60,1,Première Session,Passable,11.71,PASSE,1,2018,M,S2,LYCEE LEOPOLD SEDAR SENGHOR,O,Académie de Thiès,JOAL,LYCEE LEOPOLD SEDAR SENGHOR,1,Pass,ADM,1,2011,11.93,10.07,9.45,9.15,12,10,10,7,4,12,0.0,0.0,0.0,261,10.04,10.04,11.29,19,180.0,64,111.71000000000001,19,0,1,0,1,0,1,1,2,1,0,10.606013513513513,10.719999999999999,37,225,124,14,9
 Fatick,60,1,Première Session,Passable,10.81,PASSE,1,2018,M,S2,LYCEE KHAR KANE,O,Académie de Fatick,GOSSAS,LYCEE KHAR KANE,1,Pass,ADM,1,2009,13.43,14.28,12.53,12.61,8,14,10,9,10,9,0.0,0.0,0.0,274,10.54,10.54,10.47,19,166.0,245,110.81,69,0,1,0,1,0,1,1,2,1,0,10.480731707317073,10.54,30,223,122,2,2
 Dakar,6,1,Deuxième Session,NULL,6.25,NON ADMIS,1,2018,M,S2,LYCEE SEYDINA LIMAMOULAYE,O,Académie de Pikine - Guédiawaye,GUEDIAWAYE,CEM OGO DIOP,2,Pass,ADM,1,1996,11.88,10.56,10.7,10.66,5,11,10,13,5,14,0.0,0.0,0.0,267,10.27,10.27,10.29,22,151.04999999999998,490,6.25,658,0,1,0,1,0,1,1,0,0,4,10.725974025974025,10.639425287356321,32,248,12,9,0
 Dakar,60,1,Première Session,Passable,11.0,PASSE,1,2018,F,S2,LYCEE ABDOULAYE SADJI,O,Académie de Rufisque,RUFISQUE,LYCEE MODERNE DE RUFISQUE,1,Pass,ADM,1,2000,10.79,11.87,10.21,9.82,11,12,7,10,4,11,0.0,0.0,0.0,260,10.0,10.0,11.35,19,180.0,64,111.0,56,0,1,0,0,1,1,0,2,1,0,10.467735849056604,10.449444444444445,93,88,134,10,0
 Thiès,60,1,Deuxième Session,Passable,10.39,PASSE,1,2018,M,S2,LYCEE MALICK SALL,O,Académie de Louga,LOUGA,LYCEE MALICK SALL,2,Pass,ADM,1,2004,13.12,11.56,10.86,11.45,13,11,10,4,7,10,0.0,0.0,0.0,261,10.04,10.04,11.24,20,158.65,353,10.39,276,0,1,0,1,0,1,1,2,0,0,10.643953488372093,10.577333333333334,55,232,130,7,9
 Dakar,60,1,Deuxième Session,Passable,10.26,PASSE,1,2018,F,S2,LYCEE SEYDINA ISSA ROHOU LAHI,O,Académie de Pikine - Guédiawaye,GUEDIAWAYE,LYCEE BANQUE ISLAMIQUE,1,Pass,ADM,1,1998,11.7,11.39,10.8,11.35,12,10,14,10,7,10,0.0,0.0,0.0,281,10.81,10.81,10.59,20,158.0,367,10.26,302,0,1,0,0,1,1,0,2,0,0,10.725974025974025,10.639425287356321,32,247,29,9,0
 Saint-Louis,60,1,Première Session,Passable,10.42,PASSE,1,2018,M,S2,LYCEE DE CAS CAS,O,Académie de Saint - Louis,CAS CAS,LYCEE DE CAS CAS,2,Pass,ADM,1,2004,14.78,12.29,11.82,13.12,10,9,13,10,12,11,0.0,0.0,0.0,279,10.73,10.73,10.0,20,143.45,602,110.42,112,0,1,0,1,0,1,1,2,1,0,10.538157894736841,10.73,8,118,41,11,7
 Dakar,43,1,Deuxième Session,NULL,8.2,AUTORISE,1,2018,M,S2,LYCEE SEYDINA LIMAMOULAYE,O,Académie de Pikine - Guédiawaye,GUEDIAWAYE,CEM JOSEPH CORREA B,1,Pass,ADM,1,2014,11.22,12.32,10.93,12.0,8,12,14,10,4,12,0.0,0.0,0.0,291,11.19,11.19,10.82,19,174.0,120,8.2,577,0,1,0,1,0,1,1,1,0,4,10.725974025974025,10.639425287356321,32,248,8,9,0
 Kaolack,60,1,Deuxième Session,Passable,10.0,PASSE,1,2018,M,S2,LYCEE DE SALY,O,Académie de Thiès,SALY,LYCEE DE SALY,2,Pass,ADM,2,2007,10.74,10.97,11.02,9.81,5,12,8,6,7,7,0.0,0.0,0.0,209,8.04,10.04,10.76,22,115.89999999999999,765,10.0,367,0,1,0,1,0,1,1,2,0,0,10.606013513513513,10.416,96,183,96,14,3
 Dakar,22,1,Deuxième Session,NULL,6.8,NON ADMIS,1,2018,F,S2,LYCEE DE SANGALCAM,O,Académie de Rufisque,SANGALCAM,LYCEE DE SANGALCAM,2,Pass,ADM,1,1998,13.09,11.55,10.77,10.42,7,10,12,11,11,14,0.0,0.0,0.0,283,10.88,10.88,10.53,20,153.9,450,6.8,635,0,1,0,0,1,1,0,0,0,4,10.467735849056604,11.01,99,186,99,10,0
 Dakar,43,1,Deuxième Session,NULL,8.68,AUTORISE,1,2018,F,S2,COLLEGE SAINT GABRIEL,O,Académie de Thiès,THIES,COLLEGE SAINT GABRIEL,1,Pass,ADM,1,1999,12.74,10.45,10.05,11.31,7,9,10,10,14,14,0.0,0.0,0.0,267,10.27,10.27,10.18,19,167.0,220,8.68,540,0,1,0,0,1,1,0,1,0,4,10.606013513513513,10.645483870967741,114,17,18,14,0
 Ziguinchor,60,1,Deuxième Session,Passable,10.06,PASSE,1,2018,F,S2,LYCEE DJIGNABO,O,Académie de Ziguinchor,ZIGUINCHOR,COLLEGE SAINT CHARLES LWANGA,2,Pass,ADM,1,1998,11.39,10.2,10.06,10.51,5,12,9,10,5,15,0.0,0.0,0.0,260,10.0,10.0,11.0,20,161.5,312,10.06,353,0,1,0,0,1,1,0,2,0,0,10.608695652173912,10.711428571428572,122,209,17,15,10
 Dakar,36,1,Deuxième Session,NULL,8.21,NON ADMIS,1,2018,F,S2,ECOLE PRIVEE SEYDINA MANDIONE LAYE,O,Académie de Dakar,PARCELLES ASSAINIES,CEM UNITE 19,2,Pass,ADM,1,1998,11.75,10.81,10.37,10.66,8,10,8,10,14,14,0.0,0.0,0.0,283,10.88,10.88,10.82,20,157.7,374,8.21,576,0,1,0,0,1,1,0,0,0,4,10.54820754716981,10.64857142857143,82,71,14,0,0
 Saint-Louis,60,1,Première Session,Passable,11.08,PASSE,1,2018,F,S2,LYCEE EL HADJ OMAR FOUTIYOU TALL,O,Académie de Saint - Louis,SAINT LOUIS,LYCEE TECHNIQUE ANDRE PEYTAVIN,2,Pass,ADM,1,1997,12.95,10.4,12.84,13.42,9,11,11,13,9,11,0.0,0.0,0.0,264,10.15,10.15,10.41,21,149.15,518,111.08,51,0,1,0,0,1,1,0,2,1,0,10.538157894736841,10.502380952380953,95,210,143,11,7
 Saint-Louis,60,1,Deuxième Session,Passable,10.0,PASSE,1,2018,F,S2,LYCEE AMETH FALL,O,Académie de Saint - Louis,SAINT LOUIS,LYCEE TECHNIQUE ANDRE PEYTAVIN,1,Pass,ADM,1,1999,12.19,12.49,10.63,12.51,10,11,9,8,7,12,0.0,0.0,0.0,260,10.0,10.0,11.06,19,177.0,93,10.0,367,0,1,0,0,1,1,0,2,0,0,10.538157894736841,10.502380952380953,95,93,143,11,7
 Dakar,50,1,Deuxième Session,NULL,8.78,AUTORISE,1,2018,F,S2,LYCEE JOHN F KENNEDY,O,Académie de Dakar,DAKAR,LYCEE LAMINE GUEYE,1,Pass,ADM,1,1998,12.91,12.41,9.91,10.3,7,10,11,9,8,14,0.0,0.0,0.0,270,10.38,10.38,10.53,20,162.0,304,8.78,530,0,1,0,0,1,1,0,1,0,4,10.54820754716981,10.512179487179488,11,221,123,0,0
 Louga,60,1,Deuxième Session,Passable,10.53,PASSE,1,2018,M,S2,LYCEE DE GUEOUL,O,Académie de Louga,GUEOUL,LYCEE DE GUEOUL,1,Pass,ADM,1,1999,13.29,11.93,11.56,12.16,12,8,9,10,12,10,0.0,0.0,0.0,265,10.19,10.19,9.88,19,158.0,367,10.53,260,0,1,0,1,0,1,1,2,0,0,10.643953488372093,10.52,33,134,56,7,5
 Kaolack,42,1,Deuxième Session,NULL,8.83,AUTORISE,1,2018,F,S2,LYCEE ABDOULAYE SADJI,O,Académie de Rufisque,RUFISQUE,LYCEE MODERNE DE RUFISQUE,1,Pass,ADM,1,1998,9.86,13.66,10.09,11.23,7,9,8,11,8,14,0.0,0.0,0.0,260,10.0,10.0,10.18,20,157.0,389,8.83,522,0,1,0,0,1,1,0,1,0,4,10.467735849056604,10.449444444444445,93,88,134,10,3
 Fatick,12,1,Deuxième Session,NULL,4.63,NON ADMIS,1,2018,F,S2,LYCEE CHEIKH AMADOU LAMINE DABO,O,Académie de Thiès,MBOUR,COMPLEXE SCOLAIRE INTERN-KEUR MADIOR,2,Pass,ADM,1,2010,10.1,9.68,9.02,9.81,11,11,12,8,6,14,0.0,0.0,0.0,289,11.12,11.12,12.06,20,173.85,129,4.63,697,0,1,0,0,1,1,0,0,0,4,10.606013513513513,10.566285714285714,63,102,19,14,2
 Kaolack,60,1,Deuxième Session,Passable,10.0,PASSE,1,2018,F,S2,LYCEE MABA DIAKHOU BA,O,Académie de Kaolack,NIORO,LYCEE MABA DIAKHOU BA,1,Pass,ADM,1,1998,11.73,11.92,11.09,10.24,11,10,9,10,10,10,0.0,0.0,0.0,260,10.0,10.0,10.29,20,154.0,445,10.0,367,0,1,0,0,1,1,0,2,0,0,10.433076923076923,10.553999999999998,78,227,126,4,3
 Dakar,30,1,Deuxième Session,NULL,6.2,NON ADMIS,1,2018,M,S2,LYCEE BLAISE DIAGNE,O,Académie de Dakar,DAKAR,LYCEE LAMINE GUEYE,2,Pass,ADM,1,1998,10.18,9.8,11.27,11.94,11,11,10,5,8,13,0.0,0.0,0.0,282,10.85,10.85,11.71,20,168.15,205,6.2,661,0,1,0,1,0,1,1,0,0,4,10.54820754716981,10.512179487179488,11,96,123,0,0
 Dakar,60,1,Deuxième Session,Passable,10.91,PASSE,1,2018,M,S2,LYCEE DE BAMBILOR,O,Académie de Rufisque,SANGALCAM,LYCEE DE SANGALCAM,2,Pass,ADM,2,2002,0.0,0.0,0.0,0.0,7,9,8,13,8,5,0.0,0.0,0.0,215,8.27,10.77,10.65,23,97.85,782,10.91,212,0,1,0,1,0,1,1,2,0,0,10.467735849056604,11.01,99,114,99,10,0
 Diourbel,37,1,Deuxième Session,NULL,8.59,NON ADMIS,1,2018,F,S2,ECOLE PRIVEE FALLOU GALASS,O,Académie de Diourbel,MBACKE,LYCEE DE MBACKE,2,Pass,ADM,1,2008,11.53,11.75,10.42,12.2,10,10,9,4,6,13,0.0,0.0,0.0,260,10.0,10.0,11.06,21,159.6,338,8.59,548,0,1,0,0,1,1,0,0,0,4,10.351333333333335,10.188333333333334,59,49,68,1,1
 Thiès,60,1,Première Session,Passable,10.66,PASSE,1,2018,F,S2,LYCEE DE MBORO,O,Académie de Thiès,MBORO,LYCEE DE MBORO,1,Pass,ADM,1,1998,13.55,11.86,11.46,11.87,10,11,9,10,7,13,0.0,0.0,0.0,272,10.46,10.46,11.41,20,173.0,132,110.66,89,0,1,0,0,1,1,0,2,1,0,10.606013513513513,10.333333333333334,61,151,70,14,9
 Thiès,60,1,Deuxième Session,Passable,10.61,PASSE,1,2018,F,S2,LYCEE DEMBA DIOP,O,Académie de Thiès,MBOUR,LYCEE DEMBA DIOP,2,Pass,ADM,1,1997,13.03,10.76,11.81,11.95,5,9,10,8,11,17,0.0,0.0,0.0,267,10.27,10.27,10.65,21,158.65,353,10.61,248,0,1,0,0,1,1,0,2,0,0,10.606013513513513,10.566285714285714,63,206,116,14,9
 Thiès,60,1,Deuxième Session,Passable,10.0,PASSE,1,2018,F,S2,GROUPE SCOLAIRE LES PEDAGOGUES,O,Académie de Dakar,DAKAR,UNIVERSITE AMADOU HAMPATE BA,1,Pass,ADM,1,1999,13.9,12.77,11.21,11.95,8,12,13,14,7,12,0.0,0.0,0.0,295,11.35,11.35,10.82,19,174.0,120,10.0,367,0,1,0,0,1,1,0,2,0,0,10.54820754716981,10.512179487179488,11,79,147,0,9
 Tambacounda,60,1,Première Session,Passable,10.46,PASSE,1,2018,M,S2,LYCEE COMMUNAL DE TAMBACOUNDA,O,Académie de Tambacounda,TAMBACOUNDA,LYCEE MAME CHEIKH MBAYE,2,Pass,ADM,1,2009,9.56,10.24,12.08,13.56,15,9,9,13,11,12,0.0,0.0,0.0,302,11.62,11.62,11.82,19,177.65,88,110.46000000000001,107,0,1,0,1,0,1,1,2,1,0,10.65846153846154,10.819999999999999,109,105,131,13,8
 Thiès,60,1,Deuxième Session,Passable,10.58,PASSE,1,2018,M,S2,LYCEE DEMBA DIOP,O,Académie de Thiès,MBOUR,LYCEE DEMBA DIOP,2,Pass,ADM,1,1998,10.37,9.73,12.39,10.45,6,11,10,6,10,16,0.0,0.0,0.0,289,11.12,11.12,11.29,21,166.25,237,10.58,252,0,1,0,1,0,1,1,2,0,0,10.606013513513513,10.566285714285714,63,206,116,14,9
 Dakar,60,1,Première Session,Passable,10.54,PASSE,1,2018,M,S2,LYCEE AHMADOU NDACK SECK THIES,O,Académie de Thiès,THIES,CEM MAMADOU DIAW THIES,2,Pass,ADM,1,1996,11.01,10.77,12.25,13.13,7,14,8,6,7,16,0.0,0.0,0.0,289,11.12,11.12,12.65,22,184.29999999999998,43,110.53999999999999,100,0,1,0,1,0,1,1,2,1,0,10.606013513513513,10.645483870967741,114,89,9,14,0
 Dakar,60,1,Deuxième Session,Passable,10.71,PASSE,1,2018,M,S2,LYCEE CHEIKH MOUHAMADOU MOUSTAPHA MBACKE,O,Académie de Diourbel,DIOURBEL,LYCEE D'ENSEIGNEMENT GENERAL DE DIOURBEL,1,Pass,ADM,2,1999,9.58,10.13,8.16,9.38,10,9,5,6,4,13,0.0,0.0,0.0,224,8.62,10.92,13.18,19,173.0,132,10.71,235,0,1,0,1,0,1,1,2,0,0,10.351333333333335,10.38225806451613,20,103,32,1,0
 Saint-Louis,11,1,Deuxième Session,NULL,5.33,NON ADMIS,1,2018,M,S2,LYCEE EL HADJ OMAR FOUTIYOU TALL,O,Académie de Saint - Louis,SAINT LOUIS,LYCEE TECHNIQUE ANDRE PEYTAVIN,2,Pass,ADM,1,1998,11.86,9.62,10.94,11.32,7,11,13,10,7,12,0.0,0.0,0.0,276,10.62,10.62,10.18,20,147.25,546,5.33,683,0,1,0,1,0,1,1,0,0,4,10.538157894736841,10.502380952380953,95,210,143,11,7
 Kaolack,60,1,Deuxième Session,Passable,10.0,PASSE,1,2018,F,S2,LYCEE DE KANEL,O,Académie de Matam,KANEL,LYCEE DE KANEL,1,Pass,ADM,1,1997,14.54,11.77,9.79,10.27,11,10,15,14,12,10,0.0,0.0,0.0,300,11.54,11.54,10.29,21,154.0,445,10.0,367,0,1,0,0,1,1,0,2,0,0,10.756875,11.54,40,138,59,8,3
 Thiès,36,1,Deuxième Session,NULL,8.1,NON ADMIS,1,2018,M,S2,LYCEE ABABACAR SY,O,Académie de Thiès,TIVAOUANE,LYCEE ABABACAR SY,4,Pass,ADM,1,2008,12.36,9.49,10.49,9.87,8,10,10,5,7,14,0.0,0.0,0.0,260,10.0,10.0,10.82,21,141.1,629,8.1,583,0,1,0,1,0,1,1,0,0,4,10.606013513513513,10.896666666666667,117,87,25,14,9
 Diourbel,32,1,Deuxième Session,NULL,7.93,NON ADMIS,1,2018,M,S2,LYCEE DE THIAROYE,O,Académie de Pikine - Guédiawaye,PIKINE,CEM THIAROYE 44,2,Pass,ADM,2,1998,0.0,0.0,0.0,0.0,10,9,7,10,6,7,0.0,0.0,0.0,238,9.15,10.77,10.35,20,120.64999999999999,744,7.93,594,0,1,0,1,0,1,1,0,0,4,10.725974025974025,10.896896551724138,86,196,13,9,1
 Dakar,60,1,Deuxième Session,Passable,10.11,PASSE,1,2018,M,S2,LYCEE LAMINE GUEYE,O,Académie de Dakar,DAKAR,UNIVERSITE AMADOU HAMPATE BA,2,Pass,ADM,2,1997,10.96,9.81,11.13,11.76,8,7,7,10,10,7,0.0,0.0,0.0,213,8.19,10.15,9.06,21,103.55,777,10.11,344,0,1,0,1,0,1,1,2,0,0,10.54820754716981,10.512179487179488,11,224,147,0,0
 Dakar,60,1,Deuxième Session,Passable,10.93,PASSE,1,2018,M,S2,LYCEE SEYDINA LIMAMOULAYE,O,Académie de Pikine - Guédiawaye,GUEDIAWAYE,LYCEE BANQUE ISLAMIQUE,1,Pass,ADM,1,2015,11.95,14.04,11.52,11.83,12,8,8,8,10,12,0.0,0.0,0.0,264,10.15,10.15,10.59,20,160.0,330,10.93,211,0,1,0,1,0,1,1,2,0,0,10.725974025974025,10.639425287356321,32,248,29,9,0
 Saint-Louis,60,1,Deuxième Session,Passable,10.39,PASSE,1,2018,M,S2,LYCEE DE FANAYE,O,Académie de Saint - Louis,FANAYE,LYCEE DE FANAYE,2,Pass,ADM,1,2017,11.54,9.41,13.13,11.83,8,11,11,7,14,13,0.0,0.0,0.0,281,10.81,10.81,10.82,19,166.25,237,10.39,276,0,1,0,1,0,1,1,2,0,0,10.538157894736841,10.81,23,129,52,11,7
 Saint-Louis,3,1,Deuxième Session,NULL,4.04,NON ADMIS,1,2018,F,S2,LYCEE EL HADJ OMAR FOUTIYOU TALL,O,Académie de Saint - Louis,SAINT LOUIS,LYCEE TECHNIQUE ANDRE PEYTAVIN,2,Pass,ADM,1,1998,11.63,9.67,11.31,12.29,6,9,9,9,7,14,0.0,0.0,0.0,260,10.0,10.0,9.88,20,145.35,575,4.04,715,0,1,0,0,1,1,0,0,0,4,10.538157894736841,10.502380952380953,95,210,143,11,7
 Saint-Louis,56,1,Deuxième Session,NULL,9.5,AUTORISE,1,2018,F,S2,ECOLE PRIVEE SERIGNE SOHIBOU MBACKE,O,Académie de Diourbel,DIOURBEL,LYCEE TECHNIQUE AMADOU BAMBA,2,Pass,ADM,1,1999,11.36,9.47,12.4,12.1,11,10,14,12,7,9,0.0,0.0,0.0,268,10.31,10.31,9.94,20,140.6,632,9.5,456,0,1,0,0,1,1,0,1,0,4,10.351333333333335,10.38225806451613,20,69,142,1,7
 Dakar,60,1,Deuxième Session,Passable,10.69,PASSE,1,2018,M,S2,CANDIDAT INDIVIDUEL DE PIKINE (CAOSP),I,Académie de Pikine - Guédiawaye,GUEDIAWAYE,LYCEE SERGENT MALAMINE CAMARA,4,Pass,ADM,1,2015,0.0,0.0,0.0,0.0,12,12,6,7,4,11,0.0,0.0,0.0,260,10.0,10.0,11.65,23,147.9,543,10.69,238,0,1,0,1,0,1,1,2,0,0,10.725974025974025,10.639425287356321,32,3,137,9,0
 Thiès,60,1,Deuxième Session,Passable,10.31,PASSE,1,2018,F,S2,LYCEE MIXTE MAURICE DELAFOSSE,O,Académie de Dakar,DAKAR,UNIVERSITE AMADOU HAMPATE BA,3,Pass,ADM,1,1996,10.27,11.16,10.02,10.14,13,11,10,9,5,13,0.0,0.0,0.0,289,11.12,11.12,12.29,22,166.5,236,10.31,292,0,1,0,0,1,1,0,2,0,0,10.54820754716981,10.512179487179488,11,237,147,0,9
 Louga,60,1,Deuxième Session,Passable,10.75,PASSE,1,2018,F,S2,NOUVEAU LYCEE DE LOUGA,O,Académie de Louga,LOUGA,LYCEE MALICK SALL,3,Pass,ADM,1,2002,11.14,10.5,9.61,12.9,11,10,10,5,8,11,0.0,0.0,0.0,260,10.0,10.0,10.65,22,144.0,597,10.75,231,0,1,0,0,1,1,0,2,0,0,10.643953488372093,10.577333333333334,55,256,130,7,5
 Dakar,60,1,Première Session,Passable,10.14,PASSE,1,2018,M,S2,LYCEE SEYDINA LIMAMOULAYE,O,Académie de Pikine - Guédiawaye,GUEDIAWAYE,CEM OGO DIOP,1,Pass,ADM,1,2000,11.96,13.22,11.45,12.25,6,12,13,10,10,11,0.0,0.0,0.0,282,10.85,10.85,9.88,18,160.0,330,110.14,149,0,1,0,1,0,1,1,2,1,0,10.725974025974025,10.639425287356321,32,248,12,9,0
 Diourbel,60,1,Deuxième Session,Passable,10.31,PASSE,1,2018,F,S2,ECOLE PRIVEE MANDELA MADIBA,O,Académie de Diourbel,DIOURBEL,LYCEE D'ENSEIGNEMENT GENERAL DE DIOURBEL,2,Pass,ADM,1,1997,10.64,9.43,12.06,11.97,13,15,10,13,6,3,0.0,0.0,0.0,262,10.08,10.08,10.18,21,137.75,664,10.31,292,0,1,0,0,1,1,0,2,0,0,10.351333333333335,10.38225806451613,20,64,32,1,1
 Dakar,40,1,Deuxième Session,NULL,9.2,NON ADMIS,1,2018,F,S2,LYCEE DE PIKINE EST,O,Académie de Pikine - Guédiawaye,GUEDIAWAYE,ECOLE NANSEN,2,Pass,ADM,1,1996,11.28,10.87,10.54,10.21,7,11,11,3,6,14,0.0,0.0,0.0,260,10.0,10.0,10.88,23,158.65,353,9.2,482,0,1,0,0,1,1,0,0,0,4,10.725974025974025,10.639425287356321,32,175,23,9,0
 Dakar,60,1,Deuxième Session,Passable,10.84,PASSE,1,2018,F,S2,LYCEE SEYDINA LIMAMOULAYE,O,Académie de Pikine - Guédiawaye,GUEDIAWAYE,LYCEE BANQUE ISLAMIQUE,1,Pass,ADM,1,1998,12.47,12.16,12.31,12.83,10,13,10,6,14,12,0.0,0.0,0.0,283,10.88,10.88,11.76,20,177.0,93,10.84,224,0,1,0,0,1,1,0,2,0,0,10.725974025974025,10.639425287356321,32,248,29,9,0
 Saint-Louis,60,1,Première Session,Passable,10.37,PASSE,1,2018,F,S2,LYCEE EL HADJ OMAR FOUTIYOU TALL,O,Académie de Saint - Louis,SAINT LOUIS,LYCEE TECHNIQUE ANDRE PEYTAVIN,2,Pass,ADM,1,2003,12.0,10.53,12.34,13.1,6,10,10,8,7,13,0.0,0.0,0.0,260,10.0,10.0,9.88,20,144.4,585,110.37,117,0,1,0,0,1,1,0,2,1,0,10.538157894736841,10.502380952380953,95,210,143,11,7
 Dakar,10,1,Deuxième Session,NULL,0.7,NON ADMIS,1,2018,F,S2,LYCEE DE OUAKAM,O,Académie de Dakar,DAKAR,UNIVERSITE AMADOU HAMPATE BA,3,Pass,ADM,1,1998,11.02,11.14,11.65,11.2,9,11,8,8,15,11,0.0,0.0,0.0,264,10.15,10.15,10.41,20,141.3,627,0.7,769,0,1,0,0,1,1,0,0,0,4,10.54820754716981,10.512179487179488,11,168,147,0,0
 Kaolack,0,1,Deuxième Session,NULL,0.52,NON ADMIS,1,2018,F,S2,LYCEE VALDIODIO NDIAYE,O,Académie de Kaolack,KAOLACK,COLLEGE PRIVE MBOUTOU SOW,2,Pass,ADM,1,1996,11.39,11.56,10.99,11.08,13,8,6,6,9,13,0.0,0.0,0.0,260,10.0,10.0,11.24,22,161.5,312,0.52,777,0,1,0,0,1,1,0,0,0,4,10.433076923076923,10.3396,41,252,16,4,3
 Saint-Louis,60,1,Deuxième Session,Passable,10.16,PASSE,1,2018,M,S2,CANDIDAT INDIVIDUEL RICHARD TOLL (ACAPES),I,Académie de Saint - Louis,RICHARD TOLL,CEM II DE RICHARD-TOLL,2,Pass,ADM,1,1996,0.0,0.0,0.0,0.0,12,11,10,3,8,10,0.0,0.0,0.0,264,10.15,10.15,10.94,22,154.85,432,10.16,329,0,1,0,1,0,1,1,2,0,0,10.538157894736841,10.446000000000002,91,9,6,11,7
 Saint-Louis,60,1,Deuxième Session,Passable,10.81,PASSE,1,2018,F,S2,LYCEE SERGENT MALAMINE CAMARA,O,Académie de Dakar,PARCELLES ASSAINIES,CEM UNITE 19,2,Pass,ADM,1,1996,12.36,10.15,13.05,12.51,11,12,11,10,7,8,0.0,0.0,0.0,266,10.23,10.23,10.29,22,144.4,585,10.81,227,0,1,0,0,1,1,0,2,0,0,10.54820754716981,10.64857142857143,82,242,14,0,7
Sédhiou,60,1,Première Session,Passable,10.25,PASSE,1,2018,M,S2,LYCEE DE SAMINE,O,Académie de Sédhiou,SAMINE,LYCEE DE SAMINE,1,Pass,ADM,1,2003,14.27,13.04,12.38,13.36,9,6,12,9,8,16,0.0,0.0,0.0,264,10.15,10.15,10.41,19,172.0,151,110.25,133,0,1,0,1,0,1,1,2,1,0,10.63,10.075,97,184,97,12,14
 Dakar,60,1,Deuxième Session,Passable,11.42,PASSE,1,2018,F,S2,LYCEE BLAISE DIAGNE,O,Académie de Dakar,DAKAR,LYCEE LAMINE GUEYE,2,Pass,ADM,1,1999,12.29,11.66,10.17,11.42,6,11,8,9,12,11,0.0,0.0,0.0,260,10.0,10.0,9.53,20,137.75,664,11.42,182,0,1,0,0,1,1,0,2,0,0,10.54820754716981,10.512179487179488,11,96,123,0,0
 Dakar,60,1,Deuxième Session,Passable,10.0,PASSE,1,2018,F,S2,LYCEE BLAISE DIAGNE,O,Académie de Dakar,DAKAR,LYCEE LAMINE GUEYE,3,Pass,ADM,2,1994,10.91,10.92,8.56,9.27,8,9,9,7,4,8,0.0,0.0,0.0,213,8.19,10.15,10.47,24,112.5,772,10.0,367,0,1,0,0,1,1,0,2,0,0,10.54820754716981,10.512179487179488,11,96,123,0,0
 Dakar,43,1,Deuxième Session,NULL,9.21,AUTORISE,1,2018,F,S2,GROUPE SCOLAIRE ANGELA DAVIS,O,Académie de Pikine - Guédiawaye,PIKINE,LYCEE DE THIAROYE,2,Pass,ADM,1,1997,13.21,10.46,12.27,12.02,12,8,7,7,8,13,0.0,0.0,0.0,260,10.0,10.0,10.94,21,157.7,374,9.21,481,0,1,0,0,1,1,0,1,0,4,10.725974025974025,10.896896551724138,86,74,108,9,0
 Dakar,49,1,Deuxième Session,NULL,8.38,AUTORISE,1,2018,M,S2,LYCEE ABDOULAYE SADJI,O,Académie de Rufisque,RUFISQUE,LYCEE MODERNE DE RUFISQUE,2,Pass,ADM,1,2010,10.23,11.31,11.62,12.43,8,12,7,6,10,15,0.0,0.0,0.0,275,10.58,10.58,11.88,21,172.9,146,8.38,564,0,1,0,1,0,1,1,1,0,4,10.467735849056604,10.449444444444445,93,88,134,10,0
 Dakar,40,1,Deuxième Session,NULL,9.29,NON ADMIS,1,2018,F,S2,LYCEE SEYDINA LIMAMOULAYE,O,Académie de Pikine - Guédiawaye,GUEDIAWAYE,LYCEE BANQUE ISLAMIQUE,3,Pass,ADM,2,1996,10.73,10.53,9.58,11.38,8,11,7,10,5,10,0.0,0.0,0.0,243,9.35,10.62,11.18,22,132.3,696,9.29,471,0,1,0,0,1,1,0,0,0,4,10.725974025974025,10.639425287356321,32,248,29,9,0
 Dakar,6,1,Deuxième Session,NULL,0.41,NON ADMIS,1,2018,F,S2,LYCEE JOHN F KENNEDY,O,Académie de Dakar,DAKAR,LYCEE TECHNIQUE INDUSTRIEL DELAFOSSE,1,Pass,ADM,1,2000,14.2,9.7,12.35,9.89,8,11,10,10,10,10,0.0,0.0,0.0,260,10.0,10.0,9.76,18,157.0,389,0.41,781,0,1,0,0,1,1,0,0,0,4,10.54820754716981,10.512179487179488,11,221,145,0,0
 Kaolack,60,1,Deuxième Session,Passable,10.05,PASSE,1,2018,M,S2,"ECOLE PRIVEE LAIQUE ""EUREKA  ACADEMIA""",O,Académie de Kaolack,KAOLACK,COLLEGE PRIVE MBOUTOU SOW,3,Pass,ADM,2,2002,10.57,10.35,10.04,10.98,6,12,11,8,8,8,0.0,0.0,0.0,230,8.85,10.0,9.53,22,118.8,754,10.05,359,0,1,0,1,0,1,1,2,0,0,10.433076923076923,10.3396,41,58,16,4,3
 Diourbel,43,1,Deuxième Session,NULL,7.93,AUTORISE,1,2018,M,S2,CANDIDAT INDIVIDUEL DIOURBEL (CAOSP),I,Académie de Diourbel,DIOURBEL,LYCEE TECHNIQUE AMADOU BAMBA,3,Pass,ADM,2,2010,0.0,0.0,0.0,0.0,8,8,6,10,3,14,0.0,0.0,0.0,226,8.69,10.65,12.06,23,140.4,639,7.93,594,0,1,0,1,0,1,1,1,0,4,10.351333333333335,10.38225806451613,20,5,142,1,1
 Dakar,25,1,Deuxième Session,NULL,6.66,NON ADMIS,1,2018,F,S2,LYCEE DE THIAROYE,O,Académie de Pikine - Guédiawaye,PIKINE,CEM THIAROYE 44,2,Pass,ADM,1,1996,10.39,9.98,9.49,8.79,8,10,7,12,6,14,0.0,0.0,0.0,269,10.35,10.35,10.82,22,157.7,374,6.66,640,0,1,0,0,1,1,0,0,0,4,10.725974025974025,10.896896551724138,86,196,13,9,0
 Saint-Louis,60,1,Deuxième Session,Passable,10.16,PASSE,1,2018,M,S2,LYCEE EL HADJ OMAR FOUTIYOU TALL,O,Académie de Saint - Louis,SAINT LOUIS,LYCEE TECHNIQUE ANDRE PEYTAVIN,1,Pass,ADM,1,2007,11.9,12.24,9.85,10.0,9,11,11,7,3,12,0.0,0.0,0.0,263,10.12,10.12,10.76,19,173.0,132,10.16,329,0,1,0,1,0,1,1,2,0,0,10.538157894736841,10.502380952380953,95,210,143,11,7
 Dakar,12,1,Deuxième Session,NULL,3.25,NON ADMIS,1,2018,F,S2,LYCEE SEYDINA LIMAMOULAYE,O,Académie de Pikine - Guédiawaye,GUEDIAWAYE,LYCEE SEYDINA LIMAMOULAYE,2,Pass,ADM,1,2014,13.2,10.81,10.06,11.24,10,9,16,10,14,12,0.0,0.0,0.0,298,11.46,11.46,10.35,19,158.65,353,3.25,731,0,1,0,0,1,1,0,0,0,4,10.725974025974025,10.639425287356321,32,248,141,9,0
 Louga,6,1,Deuxième Session,NULL,3.86,NON ADMIS,1,2018,M,S2,LYCEE DE LEONA,O,Académie de Louga,LEONA,LYCEE DE LEONA,1,Pass,ADM,2,2011,12.4,10.36,11.02,11.19,8,9,7,7,5,13,0.0,0.0,0.0,236,9.08,10.35,11.82,18,165.0,258,3.86,720,0,1,0,1,0,1,1,0,0,4,10.643953488372093,10.485,53,145,65,7,5
 Dakar,46,1,Deuxième Session,NULL,9.24,AUTORISE,1,2018,F,S2,LYCEE DE SEBIKOTANE,O,Académie de Rufisque,SEBIKOTANE,LYCEE DE SEBIKOTANE,1,Pass,ADM,1,1998,11.58,11.14,10.05,10.54,12,9,10,6,7,15,0.0,0.0,0.0,280,10.77,10.77,12.0,20,183.0,47,9.24,476,0,1,0,0,1,1,0,1,0,4,10.467735849056604,10.309999999999999,101,188,101,10,0
 Ziguinchor,60,1,Première Session,Passable,10.03,PASSE,1,2018,M,S2,LYCEE AHOUNE SANE,O,Académie de Ziguinchor,BIGNONA,CEM ARFANG BESIRE SONKO,1,Pass,ADM,1,1998,12.83,10.75,10.57,12.75,7,10,10,5,11,13,0.0,0.0,0.0,260,10.0,10.0,10.18,20,156.0,408,110.03,158,0,1,0,1,0,1,1,2,1,0,10.608695652173912,10.0,5,90,1,15,10
 Dakar,60,1,Deuxième Session,Passable,10.0,PASSE,1,2018,F,S2,LYCEE MODERNE DE RUFISQUE,O,Académie de Rufisque,RUFISQUE,LYCEE MODERNE DE RUFISQUE,1,Pass,ADM,1,1999,12.43,11.52,11.66,12.34,10,10,7,8,16,11,0.0,0.0,0.0,272,10.46,10.46,10.35,19,166.0,245,10.0,367,0,1,0,0,1,1,0,2,0,0,10.467735849056604,10.449444444444445,93,239,134,10,0
Sédhiou,60,1,Deuxième Session,Passable,10.0,PASSE,1,2018,M,S2,NOUVEAU LYCEE DE SEDHIOU,O,Académie de Sédhiou,SEDHIOU,LYCEE IBOU DIALLO,3,Pass,ADM,1,1995,10.57,11.47,11.16,11.86,10,8,11,13,11,13,0.0,0.0,0.0,279,10.73,10.73,10.35,23,142.20000000000002,616,10.0,367,0,1,0,1,0,1,1,2,0,0,10.63,10.396666666666667,102,257,121,12,14
 Dakar,4,1,Deuxième Session,NULL,0.27,NON ADMIS,1,2018,M,S2,LYCEE DE TIVAOUANE PEULH,O,Académie de Rufisque,TIVAOUANE PEULH,LYCEE DE TIVAOUANE PEULH,1,Pass,ADM,1,1999,12.23,12.86,12.0,11.91,12,10,12,12,6,12,0.0,0.0,0.0,284,10.92,10.92,11.29,19,180.0,64,0.27,783,0,1,0,1,0,1,1,0,0,4,10.467735849056604,10.333333333333334,118,200,112,10,0
 Ziguinchor,36,1,Deuxième Session,NULL,8.68,NON ADMIS,1,2018,F,S2,LYCEE DJIGNABO,O,Académie de Ziguinchor,ZIGUINCHOR,COLLEGE SAINT CHARLES LWANGA,2,Pass,ADM,1,2010,11.02,9.75,10.12,10.54,3,12,7,11,6,15,0.0,0.0,0.0,263,10.12,10.12,10.41,19,163.4,278,8.68,540,0,1,0,0,1,1,0,0,0,4,10.608695652173912,10.711428571428572,122,209,17,15,10
 Dakar,60,1,Deuxième Session,Passable,10.61,PASSE,1,2018,F,S2,GROUPE SCOLAIRE DABAKH MALICK,O,Académie de Pikine - Guédiawaye,GUEDIAWAYE,CEM OGO DIOP,3,Pass,ADM,2,1995,12.08,10.33,11.28,12.01,6,12,9,13,4,5,0.0,0.0,0.0,217,8.35,10.42,10.24,23,102.60000000000001,778,10.61,248,0,1,0,0,1,1,0,2,0,0,10.725974025974025,10.639425287356321,32,75,12,9,0
 Dakar,30,1,Deuxième Session,NULL,8.95,NON ADMIS,1,2018,M,S2,COURS SECONDAIRES GAINDE,O,Académie de Pikine - Guédiawaye,PIKINE,LYCEE DE THIAROYE,2,Pass,ADM,1,2005,13.18,12.12,12.6,13.33,11,11,11,11,6,12,0.0,0.0,0.0,278,10.69,10.69,11.35,21,162.45,289,8.95,505,0,1,0,1,0,1,1,0,0,4,10.725974025974025,10.896896551724138,86,33,108,9,0
 Ziguinchor,60,1,Deuxième Session,Passable,10.46,PASSE,1,2018,F,S2,LYCEE AHOUNE SANE,O,Académie de Ziguinchor,BIGNONA,CEM ARFANG BESIRE SONKO,2,Pass,ADM,1,2009,13.08,11.13,11.82,11.08,8,9,14,4,8,13,0.0,0.0,0.0,260,10.0,10.0,10.12,20,147.25,546,10.46,268,0,1,0,0,1,1,0,2,0,0,10.608695652173912,10.0,5,90,1,15,10
 Thiès,43,1,Deuxième Session,NULL,9.76,AUTORISE,1,2018,M,S2,LYCEE DE NGOUNDIANE,O,Académie de Thiès,NGOUNDIANE,LYCEE DE NGOUNDIANE,1,Pass,ADM,1,2008,13.92,12.06,11.12,10.82,8,8,12,5,9,14,0.0,0.0,0.0,260,10.0,10.0,10.12,19,166.0,245,9.76,454,0,1,0,1,0,1,1,1,0,4,10.606013513513513,10.0,72,161,78,14,9
 Dakar,60,1,Deuxième Session,Passable,10.68,PASSE,1,2018,F,S2,LYCEE DE THIAROYE,O,Académie de Pikine - Guédiawaye,PIKINE,CEM THIAROYE 44,1,Pass,ADM,2,2006,12.45,11.54,10.62,10.2,12,6,4,10,11,5,0.0,0.0,0.0,210,8.08,11.77,12.0,21,108.0,776,10.68,240,0,1,0,0,1,1,0,2,0,0,10.725974025974025,10.896896551724138,86,196,13,9,0
Kaffrine,36,1,Deuxième Session,NULL,8.3,NON ADMIS,1,2018,M,S2,LYCEE CHARLES DEGAULLE,O,Académie de Saint - Louis,SAINT LOUIS,LYCEE TECHNIQUE ANDRE PEYTAVIN,2,Pass,ADM,2,2003,11.85,10.66,8.76,11.39,6,9,8,6,6,15,0.0,0.0,0.0,236,9.08,10.0,11.29,20,151.04999999999998,490,8.3,571,0,1,0,1,0,1,1,0,0,4,10.538157894736841,10.502380952380953,95,101,143,11,12
 Kaolack,36,1,Deuxième Session,NULL,9.36,NON ADMIS,1,2018,F,S2,LYCEE DE PASSY,O,Académie de Fatick,PASSY,LYCEE DE PASSY,1,Pass,ADM,2,2011,12.15,12.31,7.71,9.2,8,7,5,5,9,13,0.0,0.0,0.0,217,8.35,10.0,10.35,20,145.0,578,9.36,467,0,1,0,0,1,1,0,0,0,4,10.480731707317073,10.165714285714285,83,171,87,2,3
 Dakar,36,1,Deuxième Session,NULL,9.0,NON ADMIS,1,2018,F,S2,LYCEE JOHN F KENNEDY,O,Académie de Dakar,DAKAR,LYCEE LAMINE GUEYE,1,Pass,ADM,2,2000,9.71,9.31,8.1,6.98,9,10,8,8,5,12,0.0,0.0,0.0,247,9.5,11.15,12.35,18,168.0,208,9.0,502,0,1,0,0,1,1,0,0,0,4,10.54820754716981,10.512179487179488,11,221,123,0,0
0,36,1,Deuxième Session,NULL,9.04,NON ADMIS,1,2018,M,S2,LYCEE MIXTE MAURICE DELAFOSSE,O,Académie de Dakar,DAKAR,UNIVERSITE AMADOU HAMPATE BA,1,Pass,ADM,1,1999,13.31,12.56,12.21,12.12,8,13,11,7,5,10,0.0,0.0,0.0,260,10.0,10.0,10.47,19,167.0,220,9.04,497,0,1,0,1,0,1,1,0,0,4,10.54820754716981,10.512179487179488,11,237,147,0,11
 Louga,15,1,Deuxième Session,NULL,4.2,NON ADMIS,1,2018,F,S2,"ECOLE PRIVEE LAIQUE ""COURS PRIVES SOKHNA DABA""",O,Académie de Diourbel,DIOURBEL,LYCEE D'ENSEIGNEMENT GENERAL DE DIOURBEL,3,Pass,ADM,2,2008,10.1,9.66,9.44,10.34,9,10,10,6,7,11,0.0,0.0,0.0,246,9.46,10.0,10.41,21,136.8,668,4.2,710,0,1,0,0,1,1,0,0,0,4,10.351333333333335,10.38225806451613,20,57,32,1,5
 Thiès,60,1,Deuxième Session,Passable,10.16,PASSE,1,2018,M,S2,LYCEE DE PEKESSE,O,Académie de Thiès,PEKESSE,LYCEE DE PEKESSE,2,Pass,ADM,2,1998,10.08,10.67,8.27,9.63,10,11,10,9,8,7,0.0,0.0,0.0,237,9.12,11.46,12.29,20,130.15,703,10.16,329,0,1,0,1,0,1,1,2,0,0,10.606013513513513,11.46,84,172,88,14,9
 Dakar,60,1,Première Session,Assez-Bien,12.0,PASSE,1,2018,F,S2,LYCEE SEYDINA LIMAMOULAYE,O,Académie de Pikine - Guédiawaye,GUEDIAWAYE,CEM OGO DIOP,1,Pass,ADM,1,1997,12.75,14.3,11.0,11.68,9,15,9,6,4,12,0.0,0.0,0.0,277,10.65,10.65,12.18,21,183.0,47,112.0,15,0,1,0,0,1,1,0,2,1,1,10.725974025974025,10.639425287356321,32,248,12,9,0
Sédhiou,36,1,Deuxième Session,NULL,9.01,NON ADMIS,1,2018,M,S2,LYCEE DE ADEANE,O,Académie de Ziguinchor,ADEANE,LYCEE DE ADEANE,3,Pass,ADM,1,2008,13.34,10.65,9.25,10.79,6,12,13,5,9,12,0.0,0.0,0.0,265,10.19,10.19,10.24,21,140.4,639,9.01,499,0,1,0,1,0,1,1,0,0,4,10.608695652173912,10.19,0,110,34,15,14
 Thiès,6,1,Deuxième Session,NULL,2.78,NON ADMIS,1,2018,M,S2,ECOLE PRIVEE SAHAD,O,Académie de Thiès,NGOUNDIANE,LYCEE DE NGOUNDIANE,4,Pass,ADM,1,2006,11.34,11.37,12.0,12.47,5,9,9,9,10,15,0.0,0.0,0.0,260,10.0,10.0,9.94,25,131.75,701,2.78,739,0,1,0,1,0,1,1,0,0,4,10.606013513513513,10.0,72,68,78,14,9
 Dakar,60,1,Première Session,Passable,10.0,PASSE,1,2018,F,S2,LYCEE BLAISE DIAGNE,O,Académie de Dakar,DAKAR,LYCEE LAMINE GUEYE,2,Pass,ADM,1,1997,12.36,10.34,10.27,9.64,5,8,10,8,11,15,0.0,0.0,0.0,266,10.23,10.23,9.59,21,142.5,611,110.0,159,0,1,0,0,1,1,0,2,1,0,10.54820754716981,10.512179487179488,11,96,123,0,0
 Saint-Louis,60,1,Première Session,Passable,10.73,PASSE,1,2018,M,S2,LYCEE CHARLES DEGAULLE,O,Académie de Saint - Louis,SAINT LOUIS,LYCEE TECHNIQUE ANDRE PEYTAVIN,2,Pass,ADM,1,2007,11.15,10.48,12.21,12.66,8,15,7,5,2,15,0.0,0.0,0.0,275,10.58,10.58,12.94,20,187.14999999999998,36,110.73,79,0,1,0,1,0,1,1,2,1,0,10.538157894736841,10.502380952380953,95,101,143,11,7
 Dakar,60,1,Première Session,Passable,11.24,PASSE,1,2018,M,S2,LYCEE DE PIKINE EST,O,Académie de Pikine - Guédiawaye,GUEDIAWAYE,CEM OGO DIOP,2,Pass,ADM,1,1996,10.73,10.46,11.33,12.71,13,13,10,10,6,8,0.0,0.0,0.0,286,11.0,11.0,11.24,22,156.75,399,111.24,44,0,1,0,1,0,1,1,2,1,0,10.725974025974025,10.639425287356321,32,175,12,9,0
 Dakar,36,1,Deuxième Session,NULL,8.45,NON ADMIS,1,2018,M,S2,"ECOLE PRIVEE ""COURS PRIVES DE LA ZAC MBAO""",O,Académie de Pikine - Guédiawaye,MBAO,ECOLE ELEMENTAIRE LGI MBAO,1,Pass,ADM,2,1996,9.84,9.98,10.63,11.44,7,12,11,10,9,6,0.0,0.0,0.0,228,8.77,11.15,11.24,22,124.0,733,8.45,556,0,1,0,1,0,1,1,0,0,4,10.725974025974025,10.975,60,40,22,9,0
 Dakar,60,1,Deuxième Session,Passable,10.12,PASSE,1,2018,M,S2,ECOLE PRIVEE ANNE MARIE JAVOUHEY,O,Académie de Dakar,DAKAR,UNIVERSITE AMADOU HAMPATE BA,1,Pass,ADM,1,1999,14.42,13.15,11.54,11.22,11,9,10,7,14,9,0.0,0.0,0.0,260,10.0,10.0,9.59,19,153.0,458,10.12,340,0,1,0,1,0,1,1,2,0,0,10.54820754716981,10.512179487179488,11,44,147,0,0
 Dakar,60,1,Première Session,Assez-Bien,12.85,PASSE,1,2018,M,S2,LYCEE DEMBA DIOP,O,Académie de Thiès,MBOUR,COMPLEXE SCOLAIRE INTERN-KEUR MADIOR,1,Pass,ADM,1,1999,12.29,10.4,12.64,12.71,10,14,12,12,7,7,0.0,0.0,0.0,270,10.38,10.38,10.35,19,162.0,304,112.85,5,0,1,0,1,0,1,1,2,1,1,10.606013513513513,10.566285714285714,63,206,19,14,0
 Dakar,60,1,Deuxième Session,Passable,10.0,PASSE,1,2018,F,S2,LYCEE DE PASSY,O,Académie de Fatick,PASSY,LYCEE DE PASSY,2,Pass,ADM,1,2016,10.16,9.77,11.09,10.71,9,12,9,8,10,9,0.0,0.0,0.0,260,10.0,10.0,10.06,19,152.0,474,10.0,367,0,1,0,0,1,1,0,2,0,0,10.480731707317073,10.165714285714285,83,171,87,2,0
 Louga,60,1,Première Session,Passable,10.0,PASSE,1,2018,F,S2,LYCEE DE NGUIDILE,O,Académie de Louga,NGUIDILE,LYCEE DE NGUIDILE,1,Pass,ADM,1,2010,13.82,11.48,9.13,10.63,16,12,11,5,7,5,0.0,0.0,0.0,260,10.0,10.0,10.71,19,164.0,270,110.0,159,0,1,0,0,1,1,0,2,1,0,10.643953488372093,10.844999999999999,76,165,82,7,5
 Dakar,60,1,Première Session,Passable,10.37,PASSE,1,2018,M,S2,LYCEE ABDOULAYE SADJI,O,Académie de Rufisque,RUFISQUE,LYCEE MODERNE DE RUFISQUE,1,Pass,ADM,2,2000,10.88,10.92,11.31,11.76,8,9,7,4,6,13,0.0,0.0,0.0,236,9.08,11.38,12.59,19,165.0,258,110.37,117,0,1,0,1,0,1,1,2,1,0,10.467735849056604,10.449444444444445,93,88,134,10,0
 Dakar,60,1,Deuxième Session,Passable,10.41,PASSE,1,2018,M,S2,LYCEE DE SALY,O,Académie de Thiès,SALY,LYCEE DE SALY,1,Pass,ADM,1,1998,8.92,10.5,10.91,9.78,5,14,10,8,13,9,0.0,0.0,0.0,260,10.0,10.0,9.59,20,144.0,597,10.41,273,0,1,0,1,0,1,1,2,0,0,10.606013513513513,10.416,96,183,96,14,0
 Fatick,21,1,Deuxième Session,NULL,7.99,NON ADMIS,1,2018,M,S2,LYCEE DE TOUBACOUTA,O,Académie de Fatick,TOUBACOUTA,LYCEE DE TOUBACOUTA,2,Pass,ADM,1,2001,12.72,10.29,10.76,10.74,7,12,15,10,10,10,0.0,0.0,0.0,284,10.92,10.92,9.82,20,140.6,632,7.99,591,0,1,0,1,0,1,1,0,0,4,10.480731707317073,11.135,120,202,114,2,2
 Fatick,60,1,Deuxième Session,Passable,10.0,PASSE,1,2018,M,S2,LYCEE DE SOUM,O,Académie de Fatick,SOUM,LYCEE DE SOUM,1,Pass,ADM,1,2011,12.6,12.4,11.52,11.37,11,10,7,10,9,13,0.0,0.0,0.0,268,10.31,10.31,11.35,19,182.0,53,10.0,367,0,1,0,1,0,1,1,2,0,0,10.480731707317073,10.423333333333334,105,190,103,2,2
 Dakar,39,1,Deuxième Session,NULL,8.65,NON ADMIS,1,2018,F,S2,LYCEE DEMBA DIOP,O,Académie de Thiès,MBOUR,COMPLEXE SCOLAIRE INTERN-KEUR MADIOR,2,Pass,ADM,1,1996,13.18,11.04,11.78,10.89,5,9,10,7,15,14,0.0,0.0,0.0,260,10.0,10.0,9.59,22,141.54999999999998,622,8.65,544,0,1,0,0,1,1,0,0,0,4,10.606013513513513,10.566285714285714,63,206,19,14,0
 Dakar,60,1,Deuxième Session,Passable,11.46,PASSE,1,2018,M,S2,LYCEE SEYDINA LIMAMOULAYE,O,Académie de Pikine - Guédiawaye,GUEDIAWAYE,CEM JOSEPH CORREA B,1,Pass,ADM,1,1997,13.59,11.56,11.11,11.39,11,5,14,8,7,15,0.0,0.0,0.0,278,10.69,10.69,10.29,21,159.0,346,11.46,181,0,1,0,1,0,1,1,2,0,0,10.725974025974025,10.639425287356321,32,248,8,9,0
 Dakar,36,1,Deuxième Session,NULL,9.16,NON ADMIS,1,2018,F,S2,LYCEE D'ENSEIGNEMENT GENERAL DE DIOURBEL,O,Académie de Diourbel,DIOURBEL,LYCEE TECHNIQUE AMADOU BAMBA,2,Pass,ADM,1,1997,10.86,9.43,7.86,9.37,9,5,13,9,6,16,0.0,0.0,0.0,269,10.35,10.35,10.06,21,149.15,518,9.16,487,0,1,0,0,1,1,0,0,0,4,10.351333333333335,10.38225806451613,20,108,142,1,0
 Matam,60,1,Deuxième Session,Passable,10.16,PASSE,1,2018,M,S2,LYCEE DE ODOBERE,O,Académie de Matam,ODOBERE,LYCEE DE ODOBERE,2,Pass,ADM,1,1996,10.66,10.4,10.32,9.4,11,13,11,10,5,13,0.0,0.0,0.0,301,11.58,11.58,12.41,22,177.65,88,10.16,329,0,1,0,1,0,1,1,2,0,0,10.756875,11.79,79,167,84,8,6
 Dakar,6,1,Deuxième Session,NULL,4.65,NON ADMIS,1,2018,F,S2,LYCEE DE OUROSSOGUI,O,Académie de Matam,OUROSSOGUI,LYCEE DE OUROSSOGUI,2,Pass,ADM,2,2004,0.0,0.0,0.0,0.0,5,12,12,5,7,8,0.0,0.0,0.0,237,9.12,10.92,10.82,22,121.6,741,4.65,696,0,1,0,0,1,1,0,0,0,4,10.756875,10.46,80,169,85,8,0
 Fatick,36,1,Deuxième Session,NULL,9.34,NON ADMIS,1,2018,F,S2,LYCEE COUMBA NDOFFENE DIOUF,O,Académie de Fatick,FATICK,LYCEE COUMBA NDOFFENE DIOUF,1,Pass,ADM,1,1998,12.51,13.66,11.1,11.46,5,11,10,8,9,12,0.0,0.0,0.0,262,10.08,10.08,9.59,20,147.0,555,9.34,468,0,1,0,0,1,1,0,0,0,4,10.480731707317073,10.505555555555555,24,107,30,2,2
 Thiès,60,1,Première Session,Passable,10.52,PASSE,1,2018,F,S2,LYCEE CHEIKH AMADOU LAMINE DABO,O,Académie de Thiès,MBOUR,LYCEE DEMBA DIOP,1,Pass,ADM,2,2005,14.92,12.61,12.51,13.16,7,10,8,13,10,6,0.0,0.0,0.0,231,8.88,10.62,9.12,20,114.0,767,110.52,101,0,1,0,0,1,1,0,2,1,0,10.606013513513513,10.566285714285714,63,102,116,14,9
 Louga,60,1,Première Session,Passable,10.22,PASSE,1,2018,F,S2,LYCEE PATTE D'OIE BUILDERS,O,Académie de Dakar,PARCELLES ASSAINIES,CEM UNITE 19,1,Pass,ADM,1,2004,15.29,14.18,11.84,12.59,10,11,14,4,7,10,0.0,0.0,0.0,260,10.0,10.0,10.35,20,155.0,427,110.22,141,0,1,0,0,1,1,0,2,1,0,10.54820754716981,10.64857142857143,82,240,14,0,5
 Dakar,40,1,Deuxième Session,NULL,9.48,NON ADMIS,1,2018,F,S2,LYCEE SEYDINA LIMAMOULAYE,O,Académie de Pikine - Guédiawaye,GUEDIAWAYE,CEM OGO DIOP,1,Pass,ADM,1,2010,11.24,11.69,10.35,10.29,8,10,7,6,9,14,0.0,0.0,0.0,266,10.23,10.23,10.82,19,176.0,105,9.48,458,0,1,0,0,1,1,0,0,0,4,10.725974025974025,10.639425287356321,32,248,12,9,0
 Thiès,50,1,Deuxième Session,NULL,10.98,AUTORISE,1,2018,M,S2,LYCEE DE TAIBA  NDIAYE,O,Académie de Thiès,TAIBA NDIAYE,LYCEE DE TAIBA  NDIAYE,1,Pass,ADM,1,2009,13.52,10.08,8.0,7.94,14,9,12,8,11,12,0.0,0.0,0.0,286,11.0,11.0,11.53,20,173.0,132,10.98,206,0,1,0,1,0,1,1,1,0,4,10.606013513513513,11.344999999999999,106,191,104,14,9
 Dakar,6,1,Deuxième Session,NULL,0.71,NON ADMIS,1,2018,M,S2,GROUPE SCOLAIRE ANGELA DAVIS,O,Académie de Pikine - Guédiawaye,PIKINE,CEM THIAROYE 44,1,Pass,ADM,1,2011,0.0,0.0,0.0,0.0,8,9,10,13,16,13,0.0,0.0,0.0,278,10.69,10.69,10.12,18,165.0,258,0.71,768,0,1,0,1,0,1,1,0,0,4,10.725974025974025,10.896896551724138,86,74,13,9,0
 Dakar,0,1,Deuxième Session,NULL,5.95,NON ADMIS,1,2018,F,S2,ACADEMIA LIMAMOULAYE,O,Académie de Pikine - Guédiawaye,GUEDIAWAYE,ECOLE NANSEN,3,Pass,ADM,1,1997,11.27,10.37,9.48,10.17,11,8,9,9,9,13,0.0,0.0,0.0,260,10.0,10.0,10.65,22,145.8,570,5.95,666,0,1,0,0,1,1,0,0,0,4,10.725974025974025,10.639425287356321,32,0,23,9,0
 Diourbel,39,1,Deuxième Session,NULL,8.93,NON ADMIS,1,2018,F,S2,LYCEE EX CEM MBACKE 2,O,Académie de Diourbel,MBACKE,LYCEE DE MBACKE,2,Pass,ADM,1,1996,10.89,10.88,10.72,10.96,7,11,11,8,7,14,0.0,0.0,0.0,268,10.31,10.31,10.88,22,158.65,353,8.93,506,0,1,0,0,1,1,0,0,0,4,10.351333333333335,10.188333333333334,59,216,68,1,1
 Thiès,60,1,Deuxième Session,Passable,10.85,PASSE,1,2018,M,S2,LYCEE DEMBA DIOP,O,Académie de Thiès,MBOUR,COMPLEXE SCOLAIRE INTERN-KEUR MADIOR,2,Pass,ADM,1,1999,10.17,11.31,12.47,11.45,8,11,10,7,12,11,0.0,0.0,0.0,260,10.0,10.0,10.12,20,145.35,575,10.85,220,0,1,0,1,0,1,1,2,0,0,10.606013513513513,10.566285714285714,63,206,19,14,9
 Fatick,60,1,Première Session,Passable,10.66,PASSE,1,2018,F,S2,LYCEE DE DIOHINE,O,Académie de Fatick,DIOHINE,LYCEE DE DIOHINE,2,Pass,ADM,1,2008,11.52,11.34,10.06,9.98,6,11,6,13,9,13,0.0,0.0,0.0,260,10.0,10.0,10.24,22,149.15,518,110.66,89,0,1,0,0,1,1,0,2,1,0,10.480731707317073,10.392,18,124,48,2,2
 Ziguinchor,60,1,Deuxième Session,Passable,10.44,PASSE,1,2018,M,S2,LYCEE DE POPENGUINE,O,Académie de Thiès,POPENGUINE,LYCEE DE POPENGUINE,1,Pass,ADM,1,1999,11.87,10.67,13.04,11.44,10,13,11,6,11,11,0.0,0.0,0.0,285,10.96,10.96,11.41,19,181.0,55,10.44,271,0,1,0,1,0,1,1,2,0,0,10.606013513513513,11.0,88,176,90,14,10
Kédougou,30,1,Deuxième Session,NULL,5.43,NON ADMIS,1,2018,F,S2,LYCEE DE FONGOLIMBI,O,Académie de Kédougou,KEDOUGOU,LYCEE TECHNIQUE INDUSTRIEL DE KEDOUGOU,3,Pass,ADM,2,1996,11.05,11.53,9.34,10.48,8,9,5,5,6,14,0.0,0.0,0.0,236,9.08,12.31,15.18,22,144.9,580,5.43,680,0,1,0,0,1,1,0,0,0,4,10.892,11.346666666666666,43,131,144,6,13
 Dakar,60,1,Première Session,Passable,10.36,PASSE,1,2018,M,S2,LYCEE ZONE DE RECASEMENT DE KEUR MASSAR ,O,Académie de Pikine - Guédiawaye,KEUR MASSAR,LYCEE ZONE DE RECASEMENT DE KEUR MASSAR ,2,Pass,ADM,1,1997,10.88,10.14,12.23,14.67,6,13,14,11,8,11,0.0,0.0,0.0,279,10.73,10.73,10.24,21,147.25,546,110.36,120,0,1,0,1,0,1,1,2,1,0,10.725974025974025,10.592222222222222,45,253,146,9,0
 Diourbel,16,1,Deuxième Session,NULL,5.32,NON ADMIS,1,2018,M,S2,LYCEE D'ENSEIGNEMENT GENERAL DE DIOURBEL,O,Académie de Diourbel,DIOURBEL,LYCEE TECHNIQUE AMADOU BAMBA,2,Pass,ADM,1,2013,9.74,9.72,9.84,9.83,10,9,6,10,5,17,0.0,0.0,0.0,278,10.69,10.69,12.12,19,187.14999999999998,36,5.32,684,0,1,0,1,0,1,1,0,0,4,10.351333333333335,10.38225806451613,20,108,142,1,1
 Diourbel,12,1,Deuxième Session,NULL,4.21,NON ADMIS,1,2018,M,S2,ECOLE PRIVEE MAME MOR MBACKE MOURTADA,O,Académie de Diourbel,BAMBEY,LYCEE DE BAMBEY,2,Pass,ADM,2,2008,10.28,10.01,10.5,8.37,5,13,10,5,6,8,0.0,0.0,0.0,239,9.19,10.04,9.47,21,126.35,720,4.21,709,0,1,0,1,0,1,1,0,0,4,10.351333333333335,10.434285714285712,2,63,36,1,1
 Dakar,37,1,Deuxième Session,NULL,8.59,NON ADMIS,1,2018,M,S2,LYCEE MABA DIAKHOU BA,O,Académie de Kaolack,NIORO,LYCEE MABA DIAKHOU BA,1,Pass,ADM,1,2000,11.42,13.32,11.53,11.85,16,8,10,4,14,10,0.0,0.0,0.0,266,10.23,10.23,11.06,19,174.0,120,8.59,548,0,1,0,1,0,1,1,0,0,4,10.433076923076923,10.553999999999998,78,227,126,4,0
 Dakar,0,1,Deuxième Session,NULL,0.76,NON ADMIS,1,2018,F,S2,ECOLE PRIVEE LA MAIEUTIQUE,O,Académie de Dakar,PARCELLES ASSAINIES,CEM UNITE 19,3,Pass,ADM,1,2010,12.18,11.13,10.5,11.1,10,8,13,3,7,14,0.0,0.0,0.0,263,10.12,10.12,10.71,20,147.6,544,0.76,760,0,1,0,0,1,1,0,0,0,4,10.54820754716981,10.64857142857143,82,55,14,0,0
 Dakar,60,1,Deuxième Session,Passable,10.23,PASSE,1,2018,M,S2,LYCEE DE DIASS,O,Académie de Thiès,DIASS,LYCEE DE DIASS,2,Pass,ADM,1,1996,9.75,11.93,11.93,12.25,12,14,9,9,6,8,0.0,0.0,0.0,276,10.62,10.62,11.29,22,157.7,374,10.23,310,0,1,0,1,0,1,1,2,0,0,10.606013513513513,10.309999999999999,16,122,46,14,0
 Dakar,60,1,Deuxième Session,Passable,10.0,PASSE,1,2018,M,S2,LYCEE MIXTE MAURICE DELAFOSSE,O,Académie de Dakar,DAKAR,UNIVERSITE AMADOU HAMPATE BA,1,Pass,ADM,2,1999,12.17,14.21,11.68,9.61,5,6,12,8,10,9,0.0,0.0,0.0,209,8.04,10.42,9.94,19,114.0,767,10.0,367,0,1,0,1,0,1,1,2,0,0,10.54820754716981,10.512179487179488,11,237,147,0,0
 Dakar,9,1,Deuxième Session,NULL,0.72,NON ADMIS,1,2018,F,S2,LYCEE MAME YELLI BADIANE,O,Académie de Pikine - Guédiawaye,GUEDIAWAYE,CEM JOSEPH CORREA A,2,Pass,ADM,1,2000,11.39,10.92,12.49,12.74,5,11,8,11,11,16,0.0,0.0,0.0,285,10.96,10.96,11.0,21,162.45,289,0.72,766,0,1,0,0,1,1,0,0,0,4,10.725974025974025,10.639425287356321,32,235,7,9,0
 Thiès,9,1,Deuxième Session,NULL,2.36,NON ADMIS,1,2018,M,S2,LYCEE SERIGNE AMADOU CISSE DE PIRE,O,Académie de Thiès,PIRE,LYCEE SERIGNE AMADOU CISSE DE PIRE,1,Pass,ADM,1,2011,12.89,12.81,10.19,10.82,15,12,10,8,11,8,0.0,0.0,0.0,283,10.88,10.88,11.47,19,178.0,83,2.36,744,0,1,0,1,0,1,1,0,0,4,10.606013513513513,10.88,87,243,138,14,9
 Kolda,60,1,Première Session,Passable,11.39,PASSE,1,2018,M,S2,LYCEE BOUNA KANE DE KOLDA,O,Académie de Kolda,KOLDA,LYCEE ALPHA MOLO BALDE,2,Pass,ADM,1,2010,14.21,12.72,11.17,11.89,8,13,8,11,8,13,0.0,0.0,0.0,282,10.85,10.85,11.53,20,166.25,237,111.39,35,0,1,0,1,0,1,1,2,1,0,10.466363636363637,10.57375,48,97,27,5,4
 Thiès,60,1,Première Session,Passable,10.25,PASSE,1,2018,M,S2,LYCEE DE KEUR MASSAR ,O,Académie de Pikine - Guédiawaye,KEUR MASSAR,LYCEE ZONE DE RECASEMENT DE KEUR MASSAR ,2,Pass,ADM,1,2007,10.25,8.02,12.42,12.93,12,11,8,7,6,14,0.0,0.0,0.0,287,11.04,11.04,12.35,22,177.65,88,110.25,133,0,1,0,1,0,1,1,2,1,0,10.725974025974025,10.592222222222222,45,140,146,9,9
 Thiès,60,1,Première Session,Passable,10.08,PASSE,1,2018,F,S2,LYCEE DE NGUEKOKH,O,Académie de Thiès,NGUEKOKH,LYCEE DE NGUEKOKH,1,Pass,ADM,2,1998,13.49,12.65,11.61,11.64,8,11,10,11,12,7,0.0,0.0,0.0,239,9.19,10.23,9.71,20,129.0,707,110.08,153,0,1,0,0,1,1,0,2,1,0,10.606013513513513,10.23,74,163,80,14,9
 Thiès,60,1,Deuxième Session,Passable,10.0,PASSE,1,2018,M,S2,ECOLE CATHOLIQUE SAINT JEAN,O,Académie de Thiès,MBOUR,COMPLEXE SCOLAIRE INTERN-KEUR MADIOR,2,Pass,ADM,1,1998,11.66,7.53,8.2,8.8,8,9,15,10,13,14,0.0,0.0,0.0,295,11.35,11.35,10.47,20,152.95,467,10.0,367,0,1,0,1,0,1,1,2,0,0,10.606013513513513,10.566285714285714,63,37,19,14,9
 Kolda,60,1,Deuxième Session,Passable,10.96,PASSE,1,2018,F,S2,LYCEE DE MBAO,O,Académie de Pikine - Guédiawaye,MBAO,ECOLE ELEMENTAIRE LGI MBAO,1,Pass,ADM,1,2000,11.65,12.13,12.36,11.76,13,14,7,6,8,7,0.0,0.0,0.0,260,10.0,10.0,11.24,18,174.0,120,10.96,210,0,1,0,0,1,1,0,2,0,0,10.725974025974025,10.975,60,150,22,9,4
 Thiès,60,1,Première Session,Passable,11.07,PASSE,1,2018,F,S2,LYCEE DE MBORO,O,Académie de Thiès,MBORO,LYCEE DE MBORO,1,Pass,ADM,1,1998,12.0,10.24,8.99,9.81,7,13,8,4,11,12,0.0,0.0,0.0,260,10.0,10.0,10.88,20,165.0,258,111.07,52,0,1,0,0,1,1,0,2,1,0,10.606013513513513,10.333333333333334,61,151,70,14,9
 Dakar,60,1,Deuxième Session,Passable,10.25,PASSE,1,2018,M,S2,LYCEE DE THIAROYE,O,Académie de Pikine - Guédiawaye,PIKINE,LYCEE DE THIAROYE,1,Pass,ADM,1,2014,11.95,10.28,10.57,10.34,10,8,11,11,7,15,0.0,0.0,0.0,277,10.65,10.65,11.06,20,170.0,180,10.25,305,0,1,0,1,0,1,1,2,0,0,10.725974025974025,10.896896551724138,86,196,108,9,0
 Thiès,60,1,Première Session,Passable,10.69,PASSE,1,2018,F,S2,LYCEE DE SANDIARA,O,Académie de Thiès,SANDIARA,LYCEE DE SANDIARA,1,Pass,ADM,1,2003,11.72,12.71,11.72,10.75,12,11,10,4,8,10,0.0,0.0,0.0,260,10.0,10.0,10.94,19,173.0,132,110.69,85,0,1,0,0,1,1,0,2,1,0,10.606013513513513,10.545,98,185,98,14,9
 Dakar,60,1,Deuxième Session,Passable,10.49,PASSE,1,2018,F,S2,COURS PRIVES SAVOIR PLUS,O,Académie de Pikine - Guédiawaye,KEUR MASSAR,LYCEE ZONE DE RECASEMENT DE KEUR MASSAR ,2,Pass,ADM,1,1999,10.88,10.75,10.53,12.29,10,10,12,8,14,12,0.0,0.0,0.0,274,10.54,10.54,10.71,19,163.4,278,10.49,264,0,1,0,0,1,1,0,2,0,0,10.725974025974025,10.592222222222222,45,29,146,9,0
Kaffrine,37,1,Deuxième Session,NULL,8.36,NON ADMIS,1,2018,M,S2,LYCEE BABACAR COBAR NDAW,O,Académie de Kaffrine,KAFFRINE,LYCEE BABACAR COBAR NDAW,1,Pass,ADM,2,1999,12.11,12.57,10.62,10.82,2,8,6,11,10,14,0.0,0.0,0.0,222,8.54,10.73,10.47,19,142.0,619,8.36,566,0,1,0,1,0,1,1,0,0,4,10.516153846153847,10.283333333333333,38,94,28,3,12
 Diourbel,60,1,Première Session,Passable,10.25,PASSE,1,2018,M,S2,LYCEE MACODOU KANGUE SALL,O,Académie de Louga,KEBEMER,LYCEE MACODOU KANGUE SALL,1,Pass,ADM,1,1998,12.51,10.42,10.08,11.77,9,11,8,11,8,11,0.0,0.0,0.0,260,10.0,10.0,10.41,20,157.0,389,110.25,133,0,1,0,1,0,1,1,2,1,0,10.643953488372093,10.56,42,229,127,7,1
 Diourbel,40,1,Deuxième Session,NULL,8.81,NON ADMIS,1,2018,M,S2,LYCEE SEYDINA LIMAMOULAYE,O,Académie de Pikine - Guédiawaye,GUEDIAWAYE,CEM JOSEPH CORREA A,2,Pass,ADM,1,2010,10.55,10.1,11.28,10.83,10,14,8,8,5,9,0.0,0.0,0.0,260,10.0,10.0,11.06,20,155.79999999999998,414,8.81,524,0,1,0,1,0,1,1,0,0,4,10.725974025974025,10.639425287356321,32,248,7,9,1
 Thiès,60,1,Deuxième Session,Assez-Bien,12.45,PASSE,1,2018,M,S2,LYCEE DAROU KHOUDOSS ,O,Académie de Thiès,DAROU KHOUDOSS,LYCEE DAROU KHOUDOSS ,1,Pass,ADM,2,1998,12.57,10.18,10.58,11.22,2,11,9,13,4,11,0.0,0.0,0.0,227,8.73,11.12,11.88,20,129.0,707,12.45,171,0,1,0,1,0,1,1,2,0,1,10.606013513513513,10.678,12,109,33,14,9
 Kaolack,60,1,Première Session,Passable,10.49,PASSE,1,2018,F,S2,LYCEE VALDIODIO NDIAYE,O,Académie de Kaolack,KAOLACK,COLLEGE PIE XII,2,Pass,ADM,1,1997,11.18,9.97,11.65,12.35,7,14,10,11,9,14,0.0,0.0,0.0,301,11.58,11.58,11.94,21,172.9,146,110.49,103,0,1,0,0,1,1,0,2,1,0,10.433076923076923,10.3396,41,252,15,4,3
 Dakar,23,1,Deuxième Session,NULL,7.26,NON ADMIS,1,2018,M,S2,LYCEE DE MBACKE,O,Académie de Diourbel,MBACKE,LYCEE DE MBACKE,2,Pass,ADM,1,1996,10.32,10.45,11.55,12.49,6,12,8,10,10,11,0.0,0.0,0.0,265,10.19,10.19,9.88,22,142.5,611,7.26,618,0,1,0,1,0,1,1,0,0,4,10.351333333333335,10.188333333333334,59,149,68,1,0
 Thiès,60,1,Deuxième Session,Passable,11.08,PASSE,1,2018,F,S2,LYCEE LEOPOLD SEDAR SENGHOR,O,Académie de Thiès,JOAL,LYCEE LEOPOLD SEDAR SENGHOR,2,Pass,ADM,1,1997,12.09,9.71,11.04,10.58,11,11,13,8,12,12,0.0,0.0,0.0,302,11.62,11.62,11.35,21,162.45,289,11.08,200,0,1,0,0,1,1,0,2,0,0,10.606013513513513,10.719999999999999,37,225,124,14,9
 Thiès,60,1,Deuxième Session,Passable,10.01,PASSE,1,2018,M,S2,LYCEE ABABACAR SY,O,Académie de Thiès,TIVAOUANE,LYCEE ABABACAR SY,1,Pass,ADM,1,2018,12.76,10.94,10.19,12.07,13,12,10,11,10,11,0.0,0.0,0.0,303,11.65,11.65,11.94,21,178.0,83,10.01,364,0,1,0,1,0,1,1,2,0,0,10.606013513513513,10.896666666666667,117,87,25,14,9
 Louga,60,1,Deuxième Session,Passable,10.0,PASSE,1,2018,M,S2,NOUVEAU LYCEE DE LOUGA,O,Académie de Louga,LOUGA,LYCEE MALICK SALL,1,Pass,ADM,2,2008,11.91,10.97,11.18,10.83,5,9,8,7,8,9,0.0,0.0,0.0,214,8.23,10.08,10.12,19,129.0,707,10.0,367,0,1,0,1,0,1,1,2,0,0,10.643953488372093,10.577333333333334,55,256,130,7,5
 Thiès,60,1,Deuxième Session,Passable,10.0,PASSE,1,2018,F,S2,LYCEE DEMBA DIOP,O,Académie de Thiès,MBOUR,COMPLEXE SCOLAIRE INTERN-KEUR MADIOR,2,Pass,ADM,1,1994,11.1,9.65,11.38,10.19,6,12,8,10,8,15,0.0,0.0,0.0,286,11.0,11.0,11.29,24,165.29999999999998,254,10.0,367,0,1,0,0,1,1,0,2,0,0,10.606013513513513,10.566285714285714,63,206,19,14,9
 Dakar,27,1,Deuxième Session,NULL,5.43,NON ADMIS,1,2018,F,S2,ECOLE PRIVEE SEYDINA MANDIONE LAYE,O,Académie de Dakar,PARCELLES ASSAINIES,CEM UNITE 19,1,Pass,ADM,1,1999,14.83,11.84,10.52,10.73,11,7,13,5,12,13,0.0,0.0,0.0,270,10.38,10.38,10.29,19,167.0,220,5.43,680,0,1,0,0,1,1,0,0,0,4,10.54820754716981,10.64857142857143,82,71,14,0,0
 Dakar,60,1,Deuxième Session,Passable,10.98,PASSE,1,2018,F,S2,LYCEE DE THIAROYE,O,Académie de Pikine - Guédiawaye,PIKINE,LYCEE DE THIAROYE,1,ABien,ADM,1,2005,11.39,12.68,13.18,13.33,14,12,9,8,8,12,0.0,0.0,0.0,305,11.73,12.0,12.59,20,208.0,12,10.98,206,0,1,0,0,1,1,0,2,0,0,10.725974025974025,10.896896551724138,86,196,108,9,0
 Dakar,0,1,Deuxième Session,NULL,0.54,NON ADMIS,1,2018,F,S2,COURS PRIVES SERIGNE MODOU BOUSSO DIENG MBACKE ,O,Académie de Dakar,PARCELLES ASSAINIES,LYCEE SERGENT MALAMINE CAMARA,3,Pass,ADM,1,1998,13.42,13.15,13.17,11.89,11,10,11,9,13,11,0.0,0.0,0.0,282,10.85,10.85,10.65,20,144.0,597,0.54,775,0,1,0,0,1,1,0,0,0,4,10.54820754716981,10.64857142857143,82,30,137,0,0
 Dakar,60,1,Première Session,Passable,10.8,PASSE,1,2018,F,S2,NOUVEAU LYCEE DE KAOLACK,O,Académie de Kaolack,KAOLACK,COLLEGE PIE XII,1,Pass,ADM,1,1999,11.37,11.35,8.13,10.0,6,9,13,7,9,16,0.0,0.0,0.0,264,10.15,10.15,10.59,19,175.0,112,110.8,70,0,1,0,0,1,1,0,2,1,0,10.433076923076923,10.3396,41,255,15,4,0
 Kaolack,60,1,Deuxième Session,Passable,10.39,PASSE,1,2018,F,S2,LYCEE VALDIODIO NDIAYE,O,Académie de Kaolack,KAOLACK,COLLEGE PRIVE MBOUTOU SOW,1,Pass,ADM,1,1999,14.68,11.34,12.79,11.83,16,9,9,9,9,11,0.0,0.0,0.0,278,10.69,10.69,11.76,19,185.0,40,10.39,276,0,1,0,0,1,1,0,2,0,0,10.433076923076923,10.3396,41,252,16,4,3
 Dakar,10,1,Deuxième Session,NULL,6.52,NON ADMIS,1,2018,M,S2,LYCEE ZONE DE RECASEMENT DE KEUR MASSAR ,O,Académie de Pikine - Guédiawaye,KEUR MASSAR,LYCEE ZONE DE RECASEMENT DE KEUR MASSAR ,2,Pass,ADM,1,2014,10.45,11.37,11.44,12.62,12,9,10,7,6,11,0.0,0.0,0.0,260,10.0,10.0,10.59,22,151.04999999999998,490,6.52,648,0,1,0,1,0,1,1,0,0,4,10.725974025974025,10.592222222222222,45,253,146,9,0
 Dakar,18,1,Deuxième Session,NULL,7.13,NON ADMIS,1,2018,M,S2,ECOLE PRIVEE NATANGUE,O,Académie de Pikine - Guédiawaye,KEUR MASSAR,LYCEE ZONE DE RECASEMENT DE KEUR MASSAR ,4,Pass,ADM,1,1995,10.77,8.0,11.53,11.38,8,11,13,8,10,10,0.0,0.0,0.0,268,10.31,10.31,9.76,23,124.95,730,7.13,623,0,1,0,1,0,1,1,0,0,4,10.725974025974025,10.592222222222222,45,66,146,9,0
 Kaolack,41,1,Deuxième Session,NULL,9.46,NON ADMIS,1,2018,M,S2,LYCEE VALDIODIO NDIAYE,O,Académie de Kaolack,KAOLACK,COLLEGE PIE XII,3,Pass,ADM,1,2004,9.91,7.85,12.4,11.85,9,11,7,7,8,13,0.0,0.0,0.0,265,10.19,10.19,11.12,22,152.1,473,9.46,459,0,1,0,1,0,1,1,0,0,4,10.433076923076923,10.3396,41,252,15,4,3
 Dakar,60,1,Deuxième Session,Passable,10.06,PASSE,1,2018,F,S2,LYCEE DE THIAROYE,O,Académie de Pikine - Guédiawaye,PIKINE,LYCEE DE THIAROYE,2,Pass,ADM,1,1997,10.25,11.2,10.7,10.4,8,9,12,5,9,13,0.0,0.0,0.0,263,10.12,10.12,10.12,21,147.25,546,10.06,353,0,1,0,0,1,1,0,2,0,0,10.725974025974025,10.896896551724138,86,196,108,9,0
 Dakar,30,1,Deuxième Session,NULL,7.85,NON ADMIS,1,2018,M,S2,LYCEE DE NDIEDIENG,O,Académie de Kaolack,NDIEDIENG,LYCEE DE NDIEDIENG,2,Pass,ADM,1,1996,13.38,9.25,12.49,12.01,12,10,15,6,7,10,0.0,0.0,0.0,277,10.65,10.65,10.59,22,150.1,502,7.85,598,0,1,0,1,0,1,1,0,0,4,10.433076923076923,10.65,67,156,74,4,0
 Thiès,60,1,Première Session,Passable,10.0,PASSE,1,2018,F,S2,LYCEE ABABACAR SY,O,Académie de Thiès,TIVAOUANE,LYCEE ABABACAR SY,2,Pass,ADM,1,1998,11.04,9.89,12.69,13.41,10,13,7,4,9,11,0.0,0.0,0.0,268,10.31,10.31,11.41,20,162.45,289,110.0,159,0,1,0,0,1,1,0,2,1,0,10.606013513513513,10.896666666666667,117,87,25,14,9
 Kaolack,36,1,Deuxième Session,NULL,7.09,NON ADMIS,1,2018,M,S2,LYCEE SEYDINA LIMAMOULAYE,O,Académie de Pikine - Guédiawaye,GUEDIAWAYE,LYCEE BANQUE ISLAMIQUE,2,Pass,ADM,1,1998,11.73,11.01,13.87,10.74,10,12,14,10,5,12,0.0,0.0,0.0,292,11.23,11.23,11.41,20,163.4,278,7.09,627,0,1,0,1,0,1,1,0,0,4,10.725974025974025,10.639425287356321,32,248,29,9,3
 Thiès,3,1,Deuxième Session,NULL,6.06,NON ADMIS,1,2018,M,S2,LYCEE DEMBA DIOP,O,Académie de Thiès,MBOUR,COMPLEXE SCOLAIRE INTERN-KEUR MADIOR,1,Pass,ADM,1,2000,11.4,11.8,10.11,11.62,8,10,11,10,14,13,0.0,0.0,0.0,289,11.12,11.12,10.47,18,170.0,180,6.06,663,0,1,0,1,0,1,1,0,0,4,10.606013513513513,10.566285714285714,63,206,19,14,9
 Dakar,60,1,Première Session,Passable,10.68,PASSE,1,2018,F,S2,LYCEE BANQUE ISLAMIQUE,O,Académie de Pikine - Guédiawaye,GUEDIAWAYE,CEM JOSEPH CORREA A,2,Pass,ADM,1,1998,11.25,11.06,12.8,13.0,6,11,13,6,6,14,0.0,0.0,0.0,264,10.15,10.15,10.59,20,154.85,432,110.68,87,0,1,0,0,1,1,0,2,1,0,10.725974025974025,10.639425287356321,32,95,7,9,0
 Diourbel,60,1,Première Session,Passable,10.08,PASSE,1,2018,M,S2,LYCEE DE BAMBEY,O,Académie de Diourbel,BAMBEY,LYCEE DE BAMBEY,1,Pass,ADM,1,2011,13.0,11.34,11.09,11.38,9,10,10,11,9,12,0.0,0.0,0.0,265,10.19,10.19,10.41,19,168.0,208,110.08,153,0,1,0,1,0,1,1,2,1,0,10.351333333333335,10.434285714285712,2,112,36,1,1
Sédhiou,0,1,Deuxième Session,NULL,0.48,NON ADMIS,1,2018,M,S2,LYCEE IBOU DIALLO,O,Académie de Sédhiou,SEDHIOU,LYCEE IBOU DIALLO,4,Pass,ADM,1,2007,11.53,10.28,11.08,10.83,12,10,12,10,9,10,0.0,0.0,0.0,272,10.46,10.46,10.59,22,134.29999999999998,684,0.48,779,0,1,0,1,0,1,1,0,0,4,10.63,10.396666666666667,102,219,121,12,14
 Diourbel,15,1,Deuxième Session,NULL,6.67,NON ADMIS,1,2018,M,S2,ECOLE PRIVEE SERIGNE SOHIBOU MBACKE,O,Académie de Diourbel,DIOURBEL,LYCEE TECHNIQUE AMADOU BAMBA,3,Pass,ADM,1,2006,10.12,10.17,9.94,10.22,7,13,8,8,8,12,0.0,0.0,0.0,260,10.0,10.0,10.88,23,148.5,533,6.67,639,0,1,0,1,0,1,1,0,0,4,10.351333333333335,10.38225806451613,20,69,142,1,1
 Dakar,60,1,Deuxième Session,Passable,10.0,PASSE,1,2018,F,S2,LYCEE DE THIAROYE,O,Académie de Pikine - Guédiawaye,PIKINE,LYCEE DE THIAROYE,2,Pass,ADM,2,1996,9.8,8.2,10.6,10.8,12,9,9,7,4,13,0.0,0.0,0.0,259,9.96,11.42,13.06,22,162.45,289,10.0,367,0,1,0,0,1,1,0,2,0,0,10.725974025974025,10.896896551724138,86,196,108,9,0
 Thiès,60,1,Deuxième Session,Passable,10.57,PASSE,1,2018,F,S2,LYCEE DE SANDIARA,O,Académie de Thiès,SANDIARA,LYCEE DE SANDIARA,2,Pass,ADM,1,2006,10.61,11.15,11.0,11.82,13,11,8,6,6,10,0.0,0.0,0.0,260,10.0,10.0,11.24,24,158.65,353,10.57,253,0,1,0,0,1,1,0,2,0,0,10.606013513513513,10.545,98,185,98,14,9
 Louga,18,1,Deuxième Session,NULL,4.51,NON ADMIS,1,2018,F,S2,LYCEE DE DAHRA,O,Académie de Louga,DAHRA,LYCEE DE DAHRA,1,Pass,ADM,2,2010,10.93,10.69,10.23,9.99,11,7,9,7,11,6,0.0,0.0,0.0,208,8.0,12.04,13.12,18,125.0,729,4.51,700,0,1,0,0,1,1,0,0,0,4,10.643953488372093,10.976,10,119,42,7,5
 Saint-Louis,43,1,Deuxième Session,NULL,7.47,AUTORISE,1,2018,F,S2,LYCEE DE MBORO,O,Académie de Thiès,MBORO,LYCEE DE MBORO,2,Pass,ADM,1,1999,10.41,9.91,10.77,11.03,7,12,12,5,12,13,0.0,0.0,0.0,274,10.54,10.54,10.88,19,167.2,218,7.47,610,0,1,0,0,1,1,0,1,0,4,10.606013513513513,10.333333333333334,61,151,70,14,7
 Thiès,60,1,Première Session,Passable,10.35,PASSE,1,2018,M,S2,LYCEE DE SALY,O,Académie de Thiès,SALY,LYCEE DE SALY,2,Pass,ADM,1,1995,12.09,9.84,11.58,11.39,12,12,10,10,7,8,0.0,0.0,0.0,260,10.0,10.0,10.59,23,148.2,535,110.35,122,0,1,0,1,0,1,1,2,1,0,10.606013513513513,10.416,96,183,96,14,9
 Dakar,36,1,Deuxième Session,NULL,8.92,NON ADMIS,1,2018,F,S2,SALDIA,O,Académie de Dakar,DAKAR,INSTITUTION NOTRE DAME,1,Pass,ADM,1,2000,11.91,13.7,10.52,9.23,9,11,12,7,7,10,0.0,0.0,0.0,268,10.31,10.31,10.06,18,161.0,319,8.92,510,0,1,0,0,1,1,0,0,0,4,10.54820754716981,10.512179487179488,11,258,24,0,0
 Dakar,16,1,Deuxième Session,NULL,6.86,NON ADMIS,1,2018,M,S2,CANDIDAT INDIVIDUEL DE RUFISQUE (CAOSP),I,Académie de Rufisque,RUFISQUE,LYCEE SERGENT MALAMINE CAMARA,4,Pass,ADM,1,1993,0.0,0.0,0.0,0.0,5,13,9,9,13,10,0.0,0.0,0.0,260,10.0,10.0,9.59,25,123.25,736,6.86,634,0,1,0,1,0,1,1,0,0,4,10.467735849056604,10.449444444444445,93,4,137,10,0
 Dakar,60,1,Deuxième Session,Passable,11.32,PASSE,1,2018,F,S2,LYCEE DE OUAKAM,O,Académie de Dakar,DAKAR,UNIVERSITE AMADOU HAMPATE BA,2,Pass,ADM,2,1998,13.32,11.29,13.16,12.73,8,13,10,5,10,9,0.0,0.0,0.0,252,9.69,11.88,12.41,20,143.45,602,11.32,187,0,1,0,0,1,1,0,2,0,0,10.54820754716981,10.512179487179488,11,168,147,0,0
 Thiès,6,1,Deuxième Session,NULL,2.11,NON ADMIS,1,2018,M,S2,LYCEE SEYDINA LIMAMOULAYE,O,Académie de Pikine - Guédiawaye,GUEDIAWAYE,LYCEE BANQUE ISLAMIQUE,1,Pass,ADM,2,2010,11.75,11.9,10.02,10.24,9,11,6,5,6,6,0.0,0.0,0.0,213,8.19,10.62,11.47,20,127.0,717,2.11,748,0,1,0,1,0,1,1,0,0,4,10.725974025974025,10.639425287356321,32,248,29,9,9
 Thiès,6,1,Deuxième Session,NULL,4.5,NON ADMIS,1,2018,F,S2,LYCEE ABABACAR SY,O,Académie de Thiès,TIVAOUANE,LYCEE ABABACAR SY,3,Pass,ADM,1,2003,11.01,10.39,10.6,11.04,9,8,10,5,11,16,0.0,0.0,0.0,270,10.38,10.38,11.12,21,154.8,443,4.5,702,0,1,0,0,1,1,0,0,0,4,10.606013513513513,10.896666666666667,117,87,25,14,9
 Dakar,60,1,Première Session,Passable,10.0,PASSE,1,2018,M,S2,GROUPE SCOLAIRE LE BAOBAB,O,Académie de Pikine - Guédiawaye,GUEDIAWAYE,CEM JOSEPH CORREA A,2,Pass,ADM,2,1998,11.16,10.22,11.51,12.24,7,13,10,7,9,8,0.0,0.0,0.0,243,9.35,10.27,10.88,20,133.95,689,110.0,159,0,1,0,1,0,1,1,2,1,0,10.725974025974025,10.639425287356321,32,78,7,9,0
 Dakar,60,1,Deuxième Session,Passable,10.19,PASSE,1,2018,F,S2,ACADEMIA LIMAMOULAYE,O,Académie de Pikine - Guédiawaye,GUEDIAWAYE,CEM JOSEPH CORREA B,3,Pass,ADM,2,1995,10.79,10.57,10.31,10.09,8,10,8,6,6,12,0.0,0.0,0.0,243,9.35,11.54,12.59,23,138.6,653,10.19,321,0,1,0,0,1,1,0,2,0,0,10.725974025974025,10.639425287356321,32,0,8,9,0
Kaffrine,60,1,Première Session,Passable,10.29,PASSE,1,2018,M,S2,LYCEE BOUNA SEMOU NIANG DE KOUMPENTOUM,O,Académie de Tambacounda,KOUMPENTOUM,LYCEE DE KOUMPENTOUM,2,Pass,ADM,1,2008,12.08,9.38,10.44,11.75,9,13,9,6,15,7,0.0,0.0,0.0,261,10.04,10.04,9.71,21,135.85,675,110.28999999999999,128,0,1,0,1,0,1,1,2,1,0,10.65846153846154,10.29,49,98,62,13,12
 Ziguinchor,60,1,Deuxième Session,Passable,11.75,PASSE,1,2018,M,S2,LYCEE DJIGNABO,O,Académie de Ziguinchor,ZIGUINCHOR,COLLEGE SAINT CHARLES LWANGA,1,ABien,ADM,1,1999,14.09,12.55,12.72,13.61,8,16,8,8,18,11,0.0,0.0,0.0,312,12.0,12.0,11.88,19,208.0,12,11.75,176,0,1,0,1,0,1,1,2,0,0,10.608695652173912,10.711428571428572,122,209,17,15,10
 Dakar,60,1,Deuxième Session,Passable,10.01,PASSE,1,2018,M,S2,LYCEE DES PARCELLES ASSAINIES U13,O,Académie de Dakar,PARCELLES ASSAINIES,CEM UNITE 19,1,Pass,ADM,2,1998,9.4,9.95,9.91,7.63,11,8,7,6,6,8,0.0,0.0,0.0,214,8.23,11.46,12.76,20,132.0,700,10.01,364,0,1,0,1,0,1,1,2,0,0,10.54820754716981,10.64857142857143,82,207,14,0,0
 Thiès,60,1,Deuxième Session,Passable,10.82,PASSE,1,2018,F,S2,LYCEE MALICK SY,O,Académie de Thiès,THIES,COLLEGE SAINT GABRIEL,1,Pass,ADM,1,1999,13.6,10.08,10.88,10.42,14,11,4,8,10,10,0.0,0.0,0.0,271,10.42,10.42,11.53,19,181.0,55,10.82,226,0,1,0,0,1,1,0,2,0,0,10.606013513513513,10.645483870967741,114,233,18,14,9
 Dakar,60,1,Première Session,Passable,11.49,PASSE,1,2018,F,S2,LYCEE SEYDINA ISSA ROHOU LAHI,O,Académie de Pikine - Guédiawaye,GUEDIAWAYE,CEM JOSEPH CORREA A,1,Pass,ADM,1,1998,12.46,12.91,11.95,10.64,7,11,10,10,10,11,0.0,0.0,0.0,260,10.0,10.0,9.82,20,149.0,528,111.49,28,0,1,0,0,1,1,0,2,1,0,10.725974025974025,10.639425287356321,32,247,7,9,0
 Dakar,60,1,Première Session,Passable,11.64,PASSE,1,2018,F,S2,LYCEE SERGENT MALAMINE CAMARA,O,Académie de Dakar,PARCELLES ASSAINIES,LYCEE SERGENT MALAMINE CAMARA,1,Pass,ADM,2,1998,14.09,11.96,13.74,12.58,12,11,5,5,12,5,0.0,0.0,0.0,230,8.85,11.54,11.53,20,133.0,693,111.64,21,0,1,0,0,1,1,0,2,1,0,10.54820754716981,10.64857142857143,82,242,137,0,0
 Kaolack,30,1,Deuxième Session,NULL,8.24,NON ADMIS,1,2018,M,S2,LYCEE DE NDOFFANE,O,Académie de Kaolack,NDOFFANE,LYCEE DE NDOFFANE,3,Pass,ADM,1,2007,10.58,10.86,11.26,9.0,13,10,10,7,11,10,0.0,0.0,0.0,279,10.73,10.73,10.88,21,145.8,570,8.24,573,0,1,0,1,0,1,1,0,0,4,10.433076923076923,10.46,68,157,75,4,3
 Kolda,60,1,Deuxième Session,Passable,10.84,PASSE,1,2018,F,S2,LYCEE BOUNA KANE DE KOLDA,O,Académie de Kolda,KOLDA,LYCEE ALPHA MOLO BALDE,2,Pass,ADM,1,1998,12.19,12.54,12.43,12.07,10,12,7,8,10,10,0.0,0.0,0.0,266,10.23,10.23,10.71,20,152.0,474,10.84,224,0,1,0,0,1,1,0,2,0,0,10.466363636363637,10.57375,48,97,27,5,4
 Tambacounda,60,1,Première Session,Passable,11.41,PASSE,1,2018,M,S2,COURS PRIVES LAMINE GUEYE,O,Académie de Tambacounda,TAMBACOUNDA,LYCEE MAME CHEIKH MBAYE,3,Pass,ADM,2,2004,10.52,9.39,8.25,9.14,12,10,4,14,12,7,0.0,0.0,0.0,254,9.77,13.12,13.41,22,126.0,724,111.41,31,0,1,0,1,0,1,1,2,1,0,10.65846153846154,10.819999999999999,109,25,131,13,8
 Dakar,20,1,Deuxième Session,NULL,7.4,NON ADMIS,1,2018,F,S2,LYCEE DE KEUR MASSAR ,O,Académie de Pikine - Guédiawaye,KEUR MASSAR,LYCEE ZONE DE RECASEMENT DE KEUR MASSAR ,2,Pass,ADM,1,1996,12.22,9.47,12.86,12.58,7,11,12,11,12,14,0.0,0.0,0.0,285,10.96,10.96,10.88,22,158.65,353,7.4,614,0,1,0,0,1,1,0,0,0,4,10.725974025974025,10.592222222222222,45,140,146,9,0
 Thiès,60,1,Première Session,Passable,10.0,PASSE,1,2018,F,S2,LYCEE DEMBA DIOP,O,Académie de Thiès,MBOUR,COMPLEXE SCOLAIRE INTERN-KEUR MADIOR,1,Pass,ADM,2,1995,9.39,11.57,11.07,10.55,8,11,9,5,2,13,0.0,0.0,0.0,245,9.42,10.23,11.88,23,165.0,258,110.0,159,0,1,0,0,1,1,0,2,1,0,10.606013513513513,10.566285714285714,63,206,19,14,9
 Thiès,26,1,Deuxième Session,NULL,7.57,NON ADMIS,1,2018,F,S2,COLLEGE SAINT GABRIEL,O,Académie de Thiès,THIES,LYCEE D' ENSEIGNEMENT TECHNIQUE ET DE FORMATION PR,2,Pass,ADM,1,1998,11.77,9.77,9.97,10.1,8,8,13,11,8,15,0.0,0.0,0.0,279,10.73,10.73,10.47,20,153.9,450,7.57,606,0,1,0,0,1,1,0,0,0,4,10.606013513513513,10.645483870967741,114,17,31,14,9
 Dakar,60,1,Deuxième Session,Passable,10.0,PASSE,1,2018,F,S2,LYCEE MALICK SY,O,Académie de Thiès,THIES,LYCEE D' ENSEIGNEMENT TECHNIQUE ET DE FORMATION PR,1,Pass,ADM,1,1999,10.81,10.61,10.51,11.21,10,10,9,7,9,13,0.0,0.0,0.0,266,10.23,10.23,11.06,19,178.0,83,10.0,367,0,1,0,0,1,1,0,2,0,0,10.606013513513513,10.645483870967741,114,233,31,14,0
 Thiès,60,1,Première Session,Passable,10.43,PASSE,1,2018,M,S2,LYCEE CHEIKH MOURATH NDAO,O,Académie de Thiès,MEKHE,CEM  CHEIKH MOURATH NDAO DE MEKHE,2,Pass,ADM,1,1996,11.19,10.38,11.47,11.87,15,10,10,4,5,9,0.0,0.0,0.0,261,10.04,10.04,11.12,22,155.79999999999998,414,110.43,111,0,1,0,1,0,1,1,2,1,0,10.606013513513513,10.532,65,104,0,14,9
 Fatick,15,1,Deuxième Session,NULL,6.6,NON ADMIS,1,2018,F,S2,LYCEE DE DIOHINE,O,Académie de Fatick,DIOHINE,LYCEE DE DIOHINE,4,Pass,ADM,1,2007,11.54,9.65,11.44,10.35,9,12,10,14,5,15,0.0,0.0,0.0,291,11.19,11.19,12.18,23,158.1,366,6.6,645,0,1,0,0,1,1,0,0,0,4,10.480731707317073,10.392,18,124,48,2,2
 Dakar,60,1,Deuxième Session,Passable,11.79,PASSE,1,2018,F,S2,ECOLE PRIVEE LA SOURCE DU SAVOIR,O,Académie de Rufisque,JAXAAY,LYCEE PLAN JAXAAY,3,Pass,ADM,1,1996,10.09,9.76,9.24,8.09,12,13,8,7,9,8,0.0,0.0,0.0,265,10.19,10.19,10.94,23,144.9,580,11.79,173,0,1,0,0,1,1,0,2,0,0,10.467735849056604,10.19,36,56,135,10,0
 Dakar,37,1,Deuxième Session,NULL,6.72,NON ADMIS,1,2018,F,S2,INDIVIDUEL LA MAISON DE LA SAGESSE,I,Académie de Dakar,DAKAR,UNIVERSITE AMADOU HAMPATE BA,2,Pass,ADM,2,1998,0.0,0.0,0.0,0.0,7,13,14,12,10,5,0.0,0.0,0.0,251,9.65,13.5,13.24,20,116.85,763,6.72,638,0,1,0,0,1,1,0,0,0,4,10.54820754716981,10.512179487179488,11,85,147,0,0
 Fatick,60,1,Deuxième Session,Passable,10.23,PASSE,1,2018,M,S2,CANDIDAT INDIVIDUEL SAINT - LOUIS (CAOSP),I,Académie de Saint - Louis,SAINT LOUIS,LYCEE DE DEMETTE,4,Pass,ADM,1,2001,0.0,0.0,0.0,0.0,13,9,14,8,11,11,0.0,0.0,0.0,292,11.23,11.23,10.88,24,138.54999999999998,660,10.23,310,0,1,0,1,0,1,1,2,0,0,10.538157894736841,10.502380952380953,95,10,43,11,2
 Kolda,60,1,Deuxième Session,Passable,10.0,PASSE,1,2018,M,S2,LYCEE DE BIRKILANE,O,Académie de Kaffrine,BIRKILANE,LYCEE DE BIRKILANE,4,ABien,ADM,1,1993,10.21,7.73,13.43,13.81,16,11,13,13,4,15,0.0,0.0,0.0,341,13.12,13.12,13.88,25,194.65,27,10.0,367,0,1,0,1,0,1,1,2,0,0,10.516153846153847,10.678,6,116,39,3,4
Kédougou,60,1,Deuxième Session,Passable,10.23,PASSE,1,2018,M,S2,LYCEE DE SARAYA,O,Académie de Kédougou,SARAYA,LYCEE DE SARAYA,1,Pass,ADM,1,2010,11.45,12.57,13.22,12.92,12,9,7,5,7,13,0.0,0.0,0.0,260,10.0,10.0,11.29,18,181.0,55,10.23,310,0,1,0,1,0,1,1,2,0,0,10.892,10.21,100,187,100,6,13
 Kaolack,60,1,Première Session,Passable,11.49,PASSE,1,2018,M,S2,LYCEE MABA DIAKHOU BA,O,Académie de Kaolack,NIORO,LYCEE MABA DIAKHOU BA,1,Pass,ADM,1,2011,16.08,15.07,13.12,13.17,12,12,9,7,7,10,0.0,0.0,0.0,273,10.5,10.5,11.29,20,168.0,208,111.49,28,0,1,0,1,0,1,1,2,1,0,10.433076923076923,10.553999999999998,78,227,126,4,3
 Thiès,22,1,Deuxième Session,NULL,8.23,NON ADMIS,1,2018,M,S2,LYCEE ABABACAR SY,O,Académie de Thiès,TIVAOUANE,LYCEE ABABACAR SY,1,Pass,ADM,1,2018,12.31,10.34,9.6,10.34,14,11,6,13,5,12,0.0,0.0,0.0,292,11.23,11.23,12.24,19,193.0,31,8.23,574,0,1,0,1,0,1,1,0,0,4,10.606013513513513,10.896666666666667,117,87,25,14,9
 Fatick,41,1,Deuxième Session,NULL,9.28,NON ADMIS,1,2018,M,S2,LYCEE COUMBA NDOFFENE DIOUF,O,Académie de Fatick,FATICK,LYCEE COUMBA NDOFFENE DIOUF,1,Pass,ADM,1,2007,10.65,11.13,9.2,10.5,7,10,10,12,12,13,0.0,0.0,0.0,263,10.12,10.12,10.18,19,166.0,245,9.28,472,0,1,0,1,0,1,1,0,0,4,10.480731707317073,10.505555555555555,24,107,30,2,2
 Louga,43,1,Deuxième Session,NULL,9.17,AUTORISE,1,2018,M,S2,LYCEE DEMBA DIOP,O,Académie de Thiès,MBOUR,LYCEE DEMBA DIOP,1,Pass,ADM,1,1998,12.7,12.47,12.36,12.17,10,9,10,11,13,12,0.0,0.0,0.0,277,10.65,10.65,10.35,20,157.0,389,9.17,486,0,1,0,1,0,1,1,1,0,4,10.606013513513513,10.566285714285714,63,206,116,14,5
 Dakar,60,1,Première Session,Passable,10.75,PASSE,1,2018,M,S2,ECOLE PRIVEE IMAM MOUHAMED BOUNE SAOUD,O,Académie de Dakar,DAKAR,UNIVERSITE AMADOU HAMPATE BA,1,Pass,ADM,1,1998,0.0,0.0,0.0,0.0,8,14,14,12,10,9,0.0,0.0,0.0,288,11.08,11.08,10.47,20,156.0,408,110.75,75,0,1,0,1,0,1,1,2,1,0,10.54820754716981,10.512179487179488,11,53,147,0,0
 Kolda,60,1,Première Session,Passable,10.99,PASSE,1,2018,M,S2,LYCEE DE KOUNKANE,O,Académie de Kolda,KOUNKANE,LYCEE DE KOUNKANE,2,Pass,ADM,1,2005,10.52,10.46,9.93,8.9,11,13,13,11,10,6,0.0,0.0,0.0,274,10.54,10.54,9.94,20,137.75,664,110.99,58,0,1,0,1,0,1,1,2,1,0,10.466363636363637,10.18,51,143,63,5,4
 Thiès,12,1,Deuxième Session,NULL,4.75,NON ADMIS,1,2018,F,S2,LYCEE DE SALY,O,Académie de Thiès,SALY,LYCEE DE SALY,2,Pass,ADM,1,1998,10.0,10.76,13.0,12.99,10,11,12,11,14,11,0.0,0.0,0.0,299,11.5,11.5,10.71,20,152.95,467,4.75,692,0,1,0,0,1,1,0,0,0,4,10.606013513513513,10.416,96,183,96,14,9
 Thiès,60,1,Première Session,Passable,11.4,PASSE,1,2018,M,S2,LYCEE DEMBA DIOP,O,Académie de Thiès,MBOUR,COMPLEXE SCOLAIRE INTERN-KEUR MADIOR,2,Pass,ADM,1,2012,11.81,11.47,13.83,14.12,10,12,10,5,6,12,0.0,0.0,0.0,277,10.65,10.65,11.41,20,163.4,278,111.4,34,0,1,0,1,0,1,1,2,1,0,10.606013513513513,10.566285714285714,63,206,19,14,9
Kaffrine,60,1,Deuxième Session,Passable,10.25,PASSE,1,2018,F,S2,LYCEE BABACAR COBAR NDAW,O,Académie de Kaffrine,KAFFRINE,LYCEE BABACAR COBAR NDAW,3,Pass,ADM,1,2006,10.33,10.2,12.51,13.39,9,14,8,6,7,9,0.0,0.0,0.0,260,10.0,10.0,10.76,19,153.0,458,10.25,305,0,1,0,0,1,1,0,2,0,0,10.516153846153847,10.283333333333333,38,94,28,3,12
 Diourbel,30,1,Deuxième Session,NULL,6.29,NON ADMIS,1,2018,F,S2,LYCEE DE MBACKE,O,Académie de Diourbel,MBACKE,LYCEE DE MBACKE,1,Pass,ADM,2,1998,11.66,11.82,12.22,12.44,10,12,6,3,2,11,0.0,0.0,0.0,231,8.88,10.96,13.18,20,166.0,245,6.29,655,0,1,0,0,1,1,0,0,0,4,10.351333333333335,10.188333333333334,59,149,68,1,1
 Dakar,60,1,Deuxième Session,Passable,10.88,PASSE,1,2018,F,S2,LYCEE SEYDINA LIMAMOULAYE,O,Académie de Pikine - Guédiawaye,GUEDIAWAYE,ECOLE NANSEN,2,Pass,ADM,1,1998,12.48,9.98,11.52,11.2,12,9,11,5,7,12,0.0,0.0,0.0,263,10.12,10.12,10.94,20,156.75,399,10.88,217,0,1,0,0,1,1,0,2,0,0,10.725974025974025,10.639425287356321,32,248,23,9,0
 Dakar,36,1,Deuxième Session,NULL,8.07,NON ADMIS,1,2018,M,S2,LYCEE BLAISE DIAGNE,O,Académie de Dakar,DAKAR,LYCEE LAMINE GUEYE,1,Pass,ADM,2,1998,9.76,8.59,7.28,9.6,5,7,7,8,5,18,0.0,0.0,0.0,241,9.27,11.15,13.0,20,163.0,286,8.07,586,0,1,0,1,0,1,1,0,0,4,10.54820754716981,10.512179487179488,11,96,123,0,0
 Dakar,6,1,Deuxième Session,NULL,2.05,NON ADMIS,1,2018,F,S2,COURS SECONDAIRES GAINDE,O,Académie de Pikine - Guédiawaye,PIKINE,LYCEE DE THIAROYE,2,Pass,ADM,1,1998,13.15,13.26,13.62,13.28,11,11,11,10,12,12,0.0,0.0,0.0,290,11.15,11.15,11.35,20,162.45,289,2.05,749,0,1,0,0,1,1,0,0,0,4,10.725974025974025,10.896896551724138,86,33,108,9,0
 Kaolack,19,1,Deuxième Session,NULL,5.81,NON ADMIS,1,2018,F,S2,LYCEE DE TAIBA NIASSENE,O,Académie de Kaolack,TAIBA NIASSENE,LYCEE DE TAIBA NIASSENE,2,Pass,ADM,1,2010,12.56,11.34,8.84,9.52,9,10,9,8,9,13,0.0,0.0,0.0,260,10.0,10.0,10.76,20,155.79999999999998,414,5.81,671,0,1,0,0,1,1,0,0,0,4,10.433076923076923,10.615,107,192,105,4,3
0,6,1,Deuxième Session,NULL,0.76,NON ADMIS,1,2018,F,S2,GROUPE SCOLAIRE XAADIMUL RASSUL DIOURBEL,O,Académie de Diourbel,DIOURBEL,LYCEE TECHNIQUE AMADOU BAMBA,1,Pass,ADM,1,2003,14.42,13.96,11.45,11.49,6,12,11,8,14,12,0.0,0.0,0.0,273,10.5,10.5,10.24,19,166.0,245,0.76,760,0,1,0,0,1,1,0,0,0,4,10.351333333333335,10.38225806451613,20,83,142,1,11
 Louga,60,1,Première Session,Passable,10.6,PASSE,1,2018,M,S2,LYCEE DE GUEOUL,O,Académie de Louga,GUEOUL,LYCEE DE GUEOUL,2,Pass,ADM,1,2010,11.79,10.56,12.03,12.03,11,13,11,11,11,9,0.0,0.0,0.0,293,11.27,11.27,11.0,20,154.85,432,110.6,95,0,1,0,1,0,1,1,2,1,0,10.643953488372093,10.52,33,134,56,7,5
 Dakar,36,1,Deuxième Session,NULL,8.13,NON ADMIS,1,2018,M,S2,LYCEE GALANDOU DIOUF,O,Académie de Dakar,DAKAR,LYCEE LAMINE GUEYE,1,Pass,ADM,1,1998,13.01,10.07,9.7,9.37,15,7,7,6,10,12,0.0,0.0,0.0,260,10.0,10.0,11.12,20,167.0,220,8.13,582,0,1,0,1,0,1,1,0,0,4,10.54820754716981,10.512179487179488,11,218,123,0,0
 Kaolack,60,1,Première Session,Passable,10.0,PASSE,1,2018,M,S2,LYCEE EL HADJI ABDOU HAMID KANE,O,Académie de Kaolack,KAOLACK,COLLEGE PIE XII,2,Pass,ADM,1,2010,10.11,11.02,12.0,11.31,6,12,11,8,10,12,0.0,0.0,0.0,260,10.0,10.0,10.24,20,148.2,535,110.0,159,0,1,0,1,0,1,1,2,1,0,10.433076923076923,10.3396,41,211,15,4,3
 Dakar,60,1,Deuxième Session,Passable,10.28,PASSE,1,2018,F,S2,LYCEE SEYDINA LIMAMOULAYE,O,Académie de Pikine - Guédiawaye,GUEDIAWAYE,CEM JOSEPH CORREA A,3,Pass,ADM,1,1994,11.33,11.46,11.09,11.48,12,12,5,13,6,10,0.0,0.0,0.0,260,10.0,10.0,11.29,24,151.20000000000002,486,10.28,299,0,1,0,0,1,1,0,2,0,0,10.725974025974025,10.639425287356321,32,248,7,9,0
 Kaolack,37,1,Deuxième Session,NULL,8.51,NON ADMIS,1,2018,F,S2,LYCEE DE NDOFFANE,O,Académie de Kaolack,NDOFFANE,LYCEE DE NDOFFANE,3,Pass,ADM,1,1996,12.72,10.83,10.98,11.32,10,10,15,10,9,7,0.0,0.0,0.0,265,10.19,10.19,8.94,22,118.8,754,8.51,550,0,1,0,0,1,1,0,0,0,4,10.433076923076923,10.46,68,157,75,4,3
 Thiès,60,1,Première Session,Passable,11.26,PASSE,1,2018,M,S2,LYCEE DEMBA DIOP,O,Académie de Thiès,MBOUR,COMPLEXE SCOLAIRE INTERN-KEUR MADIOR,2,Pass,ADM,1,2005,11.03,9.54,12.58,11.98,4,8,11,10,8,15,0.0,0.0,0.0,260,10.0,10.0,9.29,21,138.7,649,111.26,43,0,1,0,1,0,1,1,2,1,0,10.606013513513513,10.566285714285714,63,206,19,14,9
 Diourbel,60,1,Deuxième Session,Passable,11.01,PASSE,1,2018,M,S2,ECOLE PRIVEE SERIGNE SOHIBOU MBACKE,O,Académie de Diourbel,DIOURBEL,LYCEE D'ENSEIGNEMENT GENERAL DE DIOURBEL,2,Pass,ADM,1,2007,10.04,10.65,10.86,12.6,14,10,9,7,7,10,0.0,0.0,0.0,266,10.23,10.23,11.18,22,157.7,374,11.01,203,0,1,0,1,0,1,1,2,0,0,10.351333333333335,10.38225806451613,20,69,32,1,1
 Dakar,45,1,Deuxième Session,NULL,8.48,AUTORISE,1,2018,M,S2,ECOLE CATHOLIQUE CARDINAL HYACINTHE THIANDOUM,O,Académie de Dakar,PARCELLES ASSAINIES,CEM UNITE 19,1,Pass,ADM,1,1998,12.07,10.83,11.03,11.25,9,9,10,6,6,15,0.0,0.0,0.0,273,10.5,10.5,11.12,21,171.0,165,8.48,553,0,1,0,1,0,1,1,1,0,4,10.54820754716981,10.64857142857143,82,34,14,0,0
 Dakar,60,1,Deuxième Session,Passable,11.0,PASSE,1,2018,F,S2,LYCEE DE PIKINE,O,Académie de Pikine - Guédiawaye,GUEDIAWAYE,LYCEE BANQUE ISLAMIQUE,1,Pass,ADM,1,1999,12.33,12.09,11.27,12.84,12,8,8,7,14,13,0.0,0.0,0.0,271,10.42,10.42,10.94,19,176.0,105,11.0,204,0,1,0,0,1,1,0,2,0,0,10.725974025974025,10.639425287356321,32,174,29,9,0
Sédhiou,60,1,Deuxième Session,Passable,10.69,PASSE,1,2018,F,S2,LYCEE SEYDINA LIMAMOULAYE,O,Académie de Pikine - Guédiawaye,GUEDIAWAYE,LYCEE BANQUE ISLAMIQUE,1,Pass,ADM,1,2008,11.92,11.73,12.23,11.57,11,10,9,7,9,15,0.0,0.0,0.0,294,11.31,11.31,12.06,19,194.0,29,10.69,238,0,1,0,0,1,1,0,2,0,0,10.725974025974025,10.639425287356321,32,248,29,9,14
 Dakar,60,1,Deuxième Session,Passable,10.25,PASSE,1,2018,M,S2,LYCEE DE SANDIARA,O,Académie de Thiès,SANDIARA,LYCEE DE SANDIARA,2,Pass,ADM,1,1999,9.88,10.36,11.95,12.42,13,11,8,6,9,15,0.0,0.0,0.0,301,11.58,11.58,13.0,19,196.64999999999998,24,10.25,305,0,1,0,1,0,1,1,2,0,0,10.606013513513513,10.545,98,185,98,14,0
 Dakar,60,1,Deuxième Session,Passable,10.28,PASSE,1,2018,F,S2,ECOLE CATHOLIQUE NOTRE DAME DU LIBAN,O,Académie de Dakar,PARCELLES ASSAINIES,CEM UNITE 19,1,Pass,ADM,1,1999,12.16,10.87,10.12,11.91,8,9,16,14,11,12,0.0,0.0,0.0,289,11.12,11.12,9.76,19,159.0,346,10.28,299,0,1,0,0,1,1,0,2,0,0,10.54820754716981,10.64857142857143,82,36,14,0,0
 Dakar,41,1,Deuxième Session,NULL,9.07,NON ADMIS,1,2018,M,S2,ECOLE PRIVEE SEYDI MOUHAMADOU MOUSTAPHA SY JAMIL,O,Académie de Pikine - Guédiawaye,PIKINE,LYCEE DE THIAROYE,1,Pass,ADM,1,1995,13.4,13.31,9.83,9.88,14,9,8,7,6,12,0.0,0.0,0.0,260,10.0,10.0,11.53,23,173.0,132,9.07,496,0,1,0,1,0,1,1,0,0,4,10.725974025974025,10.896896551724138,86,70,108,9,0
 Kaolack,30,1,Deuxième Session,NULL,8.41,NON ADMIS,1,2018,M,S2,LYCEE JULES SAGNA,O,Académie de Thiès,THIES,COLLEGE SAINT GABRIEL,1,Pass,ADM,1,1998,13.73,14.09,11.45,10.96,16,12,7,6,4,8,0.0,0.0,0.0,260,10.0,10.0,11.76,20,172.0,151,8.41,560,0,1,0,1,0,1,1,0,0,4,10.606013513513513,10.645483870967741,114,222,18,14,3
 Dakar,47,1,Deuxième Session,NULL,8.76,AUTORISE,1,2018,M,S2,LYCEE SEYDINA LIMAMOULAYE,O,Académie de Pikine - Guédiawaye,GUEDIAWAYE,CEM OGO DIOP,1,Pass,ADM,1,1997,10.39,10.77,8.82,7.92,7,7,11,8,10,16,0.0,0.0,0.0,266,10.23,10.23,10.18,21,159.0,346,8.76,532,0,1,0,1,0,1,1,1,0,4,10.725974025974025,10.639425287356321,32,248,12,9,0
 Dakar,60,1,Deuxième Session,Passable,10.31,PASSE,1,2018,F,S2,ECOLE CATHOLIQUE NOTRE DAME DU LIBAN,O,Académie de Dakar,PARCELLES ASSAINIES,CEM UNITE 19,1,Pass,ADM,1,2000,12.38,10.17,11.64,11.46,7,9,14,13,9,12,0.0,0.0,0.0,274,10.54,10.54,9.47,18,155.0,427,10.31,292,0,1,0,0,1,1,0,2,0,0,10.54820754716981,10.64857142857143,82,36,14,0,0
 Diourbel,15,1,Deuxième Session,NULL,4.43,NON ADMIS,1,2018,M,S2,LYCEE BLAISE DIAGNE,O,Académie de Dakar,DAKAR,INSTITUTION NOTRE DAME,1,Pass,ADM,1,2017,11.26,10.09,11.32,12.08,9,13,9,5,4,11,0.0,0.0,0.0,260,10.0,10.0,11.12,20,167.0,220,4.43,705,0,1,0,1,0,1,1,0,0,4,10.54820754716981,10.512179487179488,11,96,24,0,1
 Dakar,60,1,Première Session,Passable,10.89,PASSE,1,2018,F,S2,COLLEGE MODERNE TROISIEME MILLENAIRE,O,Académie de Dakar,DAKAR,UNIVERSITE AMADOU HAMPATE BA,1,Pass,ADM,1,1999,12.91,13.91,11.4,11.39,9,8,13,8,13,12,0.0,0.0,0.0,277,10.65,10.65,9.71,19,158.0,367,110.89,62,0,1,0,0,1,1,0,2,1,0,10.54820754716981,10.512179487179488,11,13,147,0,0
 Kaolack,60,1,Deuxième Session,Passable,10.14,PASSE,1,2018,F,S2,LYCEE MIXTE NGANE SAER ,O,Académie de Kaolack,NGANE SAER,LYCEE MIXTE NGANE SAER ,2,Pass,ADM,1,2007,11.16,10.71,11.05,12.02,13,10,10,8,5,9,0.0,0.0,0.0,260,10.0,10.0,10.53,22,148.2,535,10.14,339,0,1,0,0,1,1,0,2,0,0,10.433076923076923,11.0275,71,238,133,4,3
 Kolda,9,1,Deuxième Session,NULL,3.99,NON ADMIS,1,2018,F,S2,GROUPE SCOLAIRE YALLA SUUR EN,O,Académie de Dakar,DAKAR,LYCEE LAMINE GUEYE,2,Pass,ADM,1,2003,10.68,9.69,13.38,12.03,10,11,16,12,8,6,0.0,0.0,0.0,260,10.0,10.0,8.94,21,124.44999999999999,731,3.99,717,0,1,0,0,1,1,0,0,0,4,10.54820754716981,10.512179487179488,11,84,123,0,4
 Louga,60,1,Première Session,Passable,10.86,PASSE,1,2018,M,S2,LYCEE DE SAGATA GUETT,O,Académie de Louga,SAGATTA GUET,LYCEE DE SAGATA GUETT,2,Pass,ADM,1,2004,10.39,10.64,10.82,11.21,15,9,8,7,8,12,0.0,0.0,0.0,271,10.42,10.42,11.82,19,177.65,88,110.86,65,0,1,0,1,0,1,1,2,1,0,10.643953488372093,10.71,94,180,94,7,5
0,10,1,Deuxième Session,NULL,2.8,NON ADMIS,1,2018,M,S2,LYCEE TALIBOU DABO,O,Académie de Dakar,PARCELLES ASSAINIES,ECOLE CATHOLIQUE CARDINAL HYACINTHE THIANDOUM,2,Pass,ADM,1,1996,13.44,9.55,11.84,11.46,14,11,9,7,4,10,0.0,0.0,0.0,260,10.0,10.0,11.53,22,162.45,289,2.8,738,0,1,0,1,0,1,1,0,0,4,10.54820754716981,10.64857142857143,82,249,20,0,11
 Kaolack,60,1,Deuxième Session,Passable,10.53,PASSE,1,2018,F,S2,NOUVEAU LYCEE DE SEDHIOU,O,Académie de Sédhiou,SEDHIOU,LYCEE IBOU DIALLO,3,Pass,ADM,1,2000,14.61,12.01,12.37,11.24,11,10,10,10,6,12,0.0,0.0,0.0,260,10.0,10.0,11.0,21,149.4,516,10.53,260,0,1,0,0,1,1,0,2,0,0,10.63,10.396666666666667,102,257,121,12,3
 Dakar,30,1,Deuxième Session,NULL,6.5,NON ADMIS,1,2018,M,S2,LYCEE BANQUE ISLAMIQUE,O,Académie de Pikine - Guédiawaye,GUEDIAWAYE,LYCEE SEYDINA LIMAMOULAYE,1,Pass,ADM,1,2015,15.96,11.75,14.07,13.15,7,9,13,12,6,14,0.0,0.0,0.0,266,10.23,10.23,10.18,19,167.0,220,6.5,649,0,1,0,1,0,1,1,0,0,4,10.725974025974025,10.639425287356321,32,95,141,9,0
 Dakar,60,1,Deuxième Session,Passable,10.87,PASSE,1,2018,M,S2,LYCEE SEYDINA ISSA ROHOU LAHI,O,Académie de Pikine - Guédiawaye,GUEDIAWAYE,LYCEE BANQUE ISLAMIQUE,1,Pass,ADM,1,1999,11.79,10.57,10.07,9.93,6,11,9,6,12,13,0.0,0.0,0.0,260,10.0,10.0,10.24,19,167.0,220,10.87,219,0,1,0,1,0,1,1,2,0,0,10.725974025974025,10.639425287356321,32,247,29,9,0
 Dakar,60,1,Deuxième Session,Passable,10.85,PASSE,1,2018,M,S2,LYCEE CHARLES DEGAULLE,O,Académie de Saint - Louis,SAINT LOUIS,LYCEE TECHNIQUE ANDRE PEYTAVIN,2,ABien,ADM,1,1998,12.27,11.41,12.61,12.0,8,10,17,12,9,14,0.0,0.0,0.0,312,12.0,12.0,10.82,20,176.7,102,10.85,220,0,1,0,1,0,1,1,2,0,0,10.538157894736841,10.502380952380953,95,101,143,11,0
 Dakar,45,1,Deuxième Session,NULL,8.49,AUTORISE,1,2018,F,S2,LYCEE ABDOULAYE SADJI,O,Académie de Rufisque,RUFISQUE,LYCEE MODERNE DE RUFISQUE,2,Pass,ADM,1,1998,9.82,10.05,11.41,11.91,9,14,8,8,9,12,0.0,0.0,0.0,295,11.35,11.35,11.82,20,169.1,187,8.49,552,0,1,0,0,1,1,0,1,0,4,10.467735849056604,10.449444444444445,93,88,134,10,0
 Thiès,25,1,Deuxième Session,NULL,7.96,NON ADMIS,1,2018,M,S2,LYCEE DAROU KHOUDOSS ,O,Académie de Thiès,DAROU KHOUDOSS,LYCEE DAROU KHOUDOSS ,2,Pass,ADM,1,2004,10.25,9.11,11.18,10.34,6,12,7,10,4,12,0.0,0.0,0.0,260,10.0,10.0,10.24,23,148.2,535,7.96,593,0,1,0,1,0,1,1,0,0,4,10.606013513513513,10.678,12,109,33,14,9
 Fatick,60,1,Première Session,Assez-Bien,12.81,PASSE,1,2018,F,S2,LYCEE COUMBA NDOFFENE DIOUF,O,Académie de Fatick,FATICK,LYCEE COUMBA NDOFFENE DIOUF,1,Pass,ADM,1,2006,12.83,12.1,13.29,13.73,11,12,7,15,8,11,0.0,0.0,0.0,283,10.88,10.88,11.35,18,180.0,64,112.81,6,0,1,0,0,1,1,0,2,1,1,10.480731707317073,10.505555555555555,24,107,30,2,2
 Kaolack,60,1,Deuxième Session,Passable,10.0,PASSE,1,2018,M,S2,LYCEE DE TAIBA NIASSENE,O,Académie de Kaolack,TAIBA NIASSENE,LYCEE DE TAIBA NIASSENE,2,Pass,ADM,2,2007,10.69,10.66,9.42,9.44,7,13,7,6,6,11,0.0,0.0,0.0,244,9.38,10.88,11.94,21,151.04999999999998,490,10.0,367,0,1,0,1,0,1,1,2,0,0,10.433076923076923,10.615,107,192,105,4,3
 Thiès,43,1,Deuxième Session,NULL,9.24,AUTORISE,1,2018,M,S2,LYCEE JULES SAGNA,O,Académie de Thiès,THIES,COLLEGE SAINT GABRIEL,1,Pass,ADM,1,2006,9.94,11.46,10.18,10.84,14,9,9,9,5,10,0.0,0.0,0.0,267,10.27,10.27,10.82,19,171.0,165,9.24,476,0,1,0,1,0,1,1,1,0,4,10.606013513513513,10.645483870967741,114,222,18,14,9
 Dakar,60,1,Deuxième Session,Passable,10.0,PASSE,1,2018,F,S2,LYCEE JOHN F KENNEDY,O,Académie de Dakar,DAKAR,LYCEE LAMINE GUEYE,2,Pass,ADM,1,2000,10.27,10.35,12.61,11.77,15,9,10,8,10,13,0.0,0.0,0.0,298,11.46,11.46,12.18,19,183.35,46,10.0,367,0,1,0,0,1,1,0,2,0,0,10.54820754716981,10.512179487179488,11,221,123,0,0
 Dakar,60,1,Première Session,Assez-Bien,12.32,PASSE,1,2018,M,S2,EUREKA - FC,O,Académie de Dakar,DAKAR,UNIVERSITE AMADOU HAMPATE BA,1,Pass,ADM,1,1999,11.58,11.27,10.63,11.54,11,12,9,7,7,11,0.0,0.0,0.0,261,10.04,10.04,11.35,19,180.0,64,112.32,10,0,1,0,1,0,1,1,2,1,1,10.54820754716981,10.512179487179488,11,73,147,0,0
 Diourbel,60,1,Deuxième Session,Passable,10.32,PASSE,1,2018,M,S2,CANDIDAT INDIVIDUEL DIOURBEL (CAOSP),I,Académie de Diourbel,DIOURBEL,LYCEE DE MBACKE,3,Pass,ADM,2,1997,0.0,0.0,0.0,0.0,11,8,7,3,5,13,0.0,0.0,0.0,231,8.88,10.04,12.41,23,145.8,570,10.32,290,0,1,0,1,0,1,1,2,0,0,10.351333333333335,10.38225806451613,20,5,68,1,1
 Kaolack,6,1,Deuxième Session,NULL,1.98,NON ADMIS,1,2018,M,S2,LYCEE DE LATMINGUE,O,Académie de Kaolack,KOUTAL,LYCEE DE KOUTAL,1,Pass,ADM,1,2011,12.87,11.7,10.2,10.38,11,12,8,4,13,10,0.0,0.0,0.0,260,10.0,10.0,11.0,19,174.0,120,1.98,752,0,1,0,1,0,1,1,0,0,4,10.433076923076923,10.283333333333333,52,144,64,4,3
 Dakar,60,1,Deuxième Session,Passable,10.0,PASSE,1,2018,F,S2,LYCEE SEYDINA LIMAMOULAYE,O,Académie de Pikine - Guédiawaye,GUEDIAWAYE,LYCEE BANQUE ISLAMIQUE,2,Pass,ADM,1,1999,11.5,9.68,11.69,12.09,12,12,11,6,8,10,0.0,0.0,0.0,280,10.77,10.77,11.29,19,169.1,187,10.0,367,0,1,0,0,1,1,0,2,0,0,10.725974025974025,10.639425287356321,32,248,29,9,0
 Dakar,30,1,Deuxième Session,NULL,5.62,NON ADMIS,1,2018,M,S2,ECOLE PRIVEE ANNE MARIE JAVOUHEY,O,Académie de Dakar,DAKAR,UNIVERSITE AMADOU HAMPATE BA,1,Pass,ADM,1,2000,13.64,14.05,11.38,11.6,8,11,11,12,14,12,0.0,0.0,0.0,283,10.88,10.88,10.47,18,169.0,193,5.62,674,0,1,0,1,0,1,1,0,0,4,10.54820754716981,10.512179487179488,11,44,147,0,0
 Kaolack,60,1,Deuxième Session,Passable,10.45,PASSE,1,2018,M,S2,LYCEE VALDIODIO NDIAYE,O,Académie de Kaolack,KAOLACK,COLLEGE PIE XII,2,Pass,ADM,1,2003,9.6,10.46,10.17,11.53,11,10,9,10,7,11,0.0,0.0,0.0,280,10.77,10.77,10.65,21,152.0,474,10.45,269,0,1,0,1,0,1,1,2,0,0,10.433076923076923,10.3396,41,252,15,4,3
 Thiès,60,1,Première Session,Passable,10.82,PASSE,1,2018,M,S2,LYCEE LEOPOLD SEDAR SENGHOR,O,Académie de Thiès,JOAL,LYCEE LEOPOLD SEDAR SENGHOR,1,Pass,ADM,1,2010,13.08,9.78,9.62,10.36,11,12,7,7,8,11,0.0,0.0,0.0,260,10.0,10.0,11.35,18,180.0,64,110.82,67,0,1,0,1,0,1,1,2,1,0,10.606013513513513,10.719999999999999,37,225,124,14,9
 Dakar,60,1,Première Session,Passable,10.19,PASSE,1,2018,F,S2,LYCEE SEYDINA LIMAMOULAYE,O,Académie de Pikine - Guédiawaye,GUEDIAWAYE,CEM JOSEPH CORREA A,1,Pass,ADM,1,2000,13.0,13.4,11.13,12.95,6,12,14,10,6,16,0.0,0.0,0.0,297,11.42,11.42,11.65,19,190.0,33,110.19,143,0,1,0,0,1,1,0,2,1,0,10.725974025974025,10.639425287356321,32,248,7,9,0
 Thiès,45,1,Deuxième Session,NULL,8.81,AUTORISE,1,2018,M,S2,LYCEE DE THIADIAYE,O,Académie de Thiès,THIADIAYE,CEM I DE THIADIAYE,2,Pass,ADM,2,1996,12.17,10.85,8.68,7.13,9,12,8,4,5,12,0.0,0.0,0.0,246,9.46,11.5,13.41,22,159.6,338,8.81,524,0,1,0,1,0,1,1,1,0,4,10.606013513513513,11.32,111,194,5,14,9
 Matam,60,1,Première Session,Passable,11.24,PASSE,1,2018,F,S2,LYCEE DE HAMADY OUNARE,O,Académie de Matam,HAMADY OUNARE,LYCEE DE HAMADY OUNARE,1,Pass,ADM,1,2010,14.55,13.32,12.99,13.3,11,11,11,10,7,12,0.0,0.0,0.0,283,10.88,10.88,11.35,19,181.0,55,111.24,44,0,1,0,0,1,1,0,2,1,0,10.756875,11.440000000000001,35,136,57,8,6
 Thiès,60,1,Première Session,Passable,11.03,PASSE,1,2018,M,S2,LYCEE DE FISSEL,O,Académie de Thiès,FISSEL,LYCEE DE FISSEL,1,Pass,ADM,1,2004,13.05,10.62,10.66,11.24,14,7,9,6,7,13,0.0,0.0,0.0,264,10.15,10.15,11.18,21,169.0,193,111.03,54,0,1,0,1,0,1,1,2,1,0,10.606013513513513,10.754,26,130,53,14,9
 Thiès,60,1,Première Session,Passable,11.23,PASSE,1,2018,F,S2,LYCEE DEMBA DIOP,O,Académie de Thiès,MBOUR,COMPLEXE SCOLAIRE INTERN-KEUR MADIOR,1,Pass,ADM,1,2003,12.09,11.95,11.47,11.16,9,11,8,10,9,11,0.0,0.0,0.0,261,10.04,10.04,10.41,20,157.0,389,111.23,46,0,1,0,0,1,1,0,2,1,0,10.606013513513513,10.566285714285714,63,206,19,14,9
 Fatick,9,1,Deuxième Session,NULL,5.82,NON ADMIS,1,2018,F,S2,LYCEE DIOGOYE BASILE SENGHOR FIMELA,O,Académie de Fatick,FIMELA,LYCEE DIOGOYE BASILE SENGHOR FIMELA,3,Pass,ADM,1,1997,10.65,10.81,12.72,12.57,10,11,10,8,17,7,0.0,0.0,0.0,269,10.35,10.35,9.29,21,123.3,734,5.82,670,0,1,0,0,1,1,0,0,0,4,10.480731707317073,10.635,25,208,117,2,2
 Thiès,60,1,Première Session,Assez-Bien,13.73,PASSE,1,2018,M,S2,LYCEE ABABACAR SY,O,Académie de Thiès,TIVAOUANE,LYCEE ABABACAR SY,1,ABien,ADM,1,2006,9.8,12.5,11.07,13.0,13,11,12,13,11,15,0.0,0.0,0.0,339,13.04,13.04,13.0,21,217.0,3,113.73,2,0,1,0,1,0,1,1,2,1,1,10.606013513513513,10.896666666666667,117,87,25,14,9
 Dakar,0,1,Deuxième Session,NULL,4.39,NON ADMIS,1,2018,F,S2,LYCEE CAMP MARCHAND DE RUFISQUE,O,Académie de Rufisque,RUFISQUE,LYCEE MODERNE DE RUFISQUE,1,Pass,ADM,1,1999,10.47,10.66,9.99,10.56,7,10,10,5,13,13,0.0,0.0,0.0,260,10.0,10.0,10.18,19,166.0,245,4.39,708,0,1,0,0,1,1,0,0,0,4,10.467735849056604,10.449444444444445,93,99,134,10,0
 Saint-Louis,60,1,Première Session,Passable,10.18,PASSE,1,2018,M,S2,LYCEE CHARLES DEGAULLE,O,Académie de Saint - Louis,SAINT LOUIS,LYCEE TECHNIQUE ANDRE PEYTAVIN,1,Pass,ADM,1,1998,13.7,11.71,10.68,9.86,8,10,7,8,9,15,0.0,0.0,0.0,260,10.0,10.0,11.18,20,172.0,151,110.18,145,0,1,0,1,0,1,1,2,1,0,10.538157894736841,10.502380952380953,95,101,143,11,7
 Dakar,60,1,Deuxième Session,Passable,10.68,PASSE,1,2018,F,S2,COLLEGE SAINT GABRIEL,O,Académie de Thiès,THIES,COLLEGE SAINT GABRIEL,1,Pass,ADM,1,2000,12.0,11.98,11.26,11.7,7,9,15,13,14,14,0.0,0.0,0.0,293,11.27,11.27,10.18,18,167.0,220,10.68,240,0,1,0,0,1,1,0,2,0,0,10.606013513513513,10.645483870967741,114,17,18,14,0
 Dakar,60,1,Deuxième Session,Passable,10.31,PASSE,1,2018,M,S2,COURS PRIVES SYNERGIES,O,Académie de Rufisque,RUFISQUE,LYCEE MODERNE DE RUFISQUE,1,Pass,ADM,1,2000,11.62,9.95,11.17,10.22,6,12,6,10,14,13,0.0,0.0,0.0,272,10.46,10.46,10.59,18,172.0,151,10.31,292,0,1,0,1,0,1,1,2,0,0,10.467735849056604,10.449444444444445,93,31,134,10,0
 Dakar,60,1,Deuxième Session,Passable,10.07,PASSE,1,2018,M,S2,LYCEE DE DIAMNIADIO,O,Académie de Rufisque,DIAMNIADIO,LYCEE DE DIAMNIADIO,1,Pass,ADM,1,2000,14.4,11.72,11.78,11.21,4,12,12,11,14,11,0.0,0.0,0.0,272,10.46,10.46,9.29,18,152.0,474,10.07,350,0,1,0,1,0,1,1,2,0,0,10.467735849056604,10.805,14,120,44,10,0
 Louga,60,1,Deuxième Session,Passable,10.0,PASSE,1,2018,M,S2,LYCEE DE SAGATA GUETT,O,Académie de Louga,SAGATTA GUET,LYCEE DE SAGATA GUETT,2,Pass,ADM,1,2004,11.03,10.38,10.51,11.91,9,10,11,9,6,11,0.0,0.0,0.0,260,10.0,10.0,10.06,20,144.4,585,10.0,367,0,1,0,1,0,1,1,2,0,0,10.643953488372093,10.71,94,180,94,7,5
 Kaolack,36,1,Deuxième Session,NULL,8.91,NON ADMIS,1,2018,M,S2,LYCEE DE TAIBA NIASSENE,O,Académie de Kaolack,TAIBA NIASSENE,LYCEE DE TAIBA NIASSENE,3,Pass,ADM,1,2004,11.25,10.21,10.76,10.23,6,11,10,8,11,14,0.0,0.0,0.0,274,10.54,10.54,10.59,20,146.70000000000002,559,8.91,511,0,1,0,1,0,1,1,0,0,4,10.433076923076923,10.615,107,192,105,4,3
 Dakar,45,1,Deuxième Session,NULL,9.23,AUTORISE,1,2018,M,S2,LYCEE BLAISE DIAGNE,O,Académie de Dakar,DAKAR,LYCEE LAMINE GUEYE,2,Pass,ADM,1,1998,10.31,9.56,10.52,10.5,12,10,13,5,6,10,0.0,0.0,0.0,264,10.15,10.15,10.59,20,150.1,502,9.23,478,0,1,0,1,0,1,1,1,0,4,10.54820754716981,10.512179487179488,11,96,123,0,0
 Dakar,60,1,Deuxième Session,Passable,10.34,PASSE,1,2018,M,S2,LYCEE DAROU KHOUDOSS ,O,Académie de Thiès,DAROU KHOUDOSS,LYCEE DAROU KHOUDOSS ,1,Pass,ADM,1,1998,13.23,11.17,10.87,10.27,6,11,10,11,4,15,0.0,0.0,0.0,267,10.27,10.27,10.94,21,169.0,193,10.34,289,0,1,0,1,0,1,1,2,0,0,10.606013513513513,10.678,12,109,33,14,0
 Thiès,12,1,Deuxième Session,NULL,6.97,NON ADMIS,1,2018,F,S2,LYCEE DE POUT,O,Académie de Thiès,POUT,LYCEE DE POUT,1,Pass,ADM,1,1998,12.88,13.26,12.28,11.16,7,10,14,5,11,13,0.0,0.0,0.0,272,10.46,10.46,10.18,20,156.0,408,6.97,630,0,1,0,0,1,1,0,0,0,4,10.606013513513513,10.37,90,177,92,14,9
 Saint-Louis,60,1,Première Session,Passable,10.57,PASSE,1,2018,M,S2,LYCEE DE DODEL,O,Académie de Saint - Louis,DODEL,LYCEE DE DODEL,3,Pass,ADM,1,1996,10.32,12.74,11.32,11.8,13,12,14,11,6,10,0.0,0.0,0.0,289,11.12,11.12,11.59,22,154.8,443,110.57,99,0,1,0,1,0,1,1,2,1,0,10.538157894736841,11.12,22,128,51,11,7
 Dakar,60,1,Première Session,Passable,10.26,PASSE,1,2018,M,S2,COMPLEXE SCOLAIRE INTERN-KEUR MADIOR,O,Académie de Thiès,MBOUR,COMPLEXE SCOLAIRE INTERN-KEUR MADIOR,1,Pass,ADM,1,1999,11.2,12.31,0.0,0.0,8,13,10,9,9,12,0.0,0.0,0.0,286,11.0,11.0,11.18,19,179.0,74,110.26,131,0,1,0,1,0,1,1,2,1,0,10.606013513513513,10.566285714285714,63,19,19,14,0
 Dakar,60,1,Deuxième Session,Passable,10.0,PASSE,1,2018,F,S2,GROUPE SCOLAIRE DABAKH MALICK,O,Académie de Pikine - Guédiawaye,GUEDIAWAYE,LYCEE SEYDINA LIMAMOULAYE,3,Pass,ADM,2,1996,10.84,13.05,11.14,12.62,12,9,12,11,9,3,0.0,0.0,0.0,232,8.92,10.92,10.59,23,99.9,780,10.0,367,0,1,0,0,1,1,0,2,0,0,10.725974025974025,10.639425287356321,32,75,141,9,0
 Diourbel,60,1,Deuxième Session,Passable,11.74,PASSE,1,2018,M,S2,LYCEE DE BAMBEY,O,Académie de Diourbel,BAMBEY,LYCEE DE BAMBEY,2,Pass,ADM,2,1995,11.19,9.04,9.74,9.63,10,11,9,7,6,9,0.0,0.0,0.0,243,9.35,10.5,11.41,23,141.54999999999998,622,11.74,177,0,1,0,1,0,1,1,2,0,0,10.351333333333335,10.434285714285712,2,112,36,1,1
 Dakar,60,1,Première Session,Passable,10.33,PASSE,1,2018,M,S2,LYCEE PATTE D'OIE BUILDERS,O,Académie de Dakar,PARCELLES ASSAINIES,CEM UNITE 19,3,Pass,ADM,1,2012,0.0,0.0,0.0,0.0,9,12,10,13,8,12,0.0,0.0,0.0,275,10.58,10.58,11.12,23,151.20000000000002,486,110.33,123,0,1,0,1,0,1,1,2,1,0,10.54820754716981,10.64857142857143,82,240,14,0,0
 Ziguinchor,60,1,Deuxième Session,Passable,10.57,PASSE,1,2018,M,S2,LYCEE DJIGNABO,O,Académie de Ziguinchor,ZIGUINCHOR,LYCEE DJIGNABO,2,Pass,ADM,1,1997,10.13,9.63,11.16,12.02,4,12,14,8,9,12,0.0,0.0,0.0,271,10.42,10.42,9.65,21,140.6,632,10.57,253,0,1,0,1,0,1,1,2,0,0,10.608695652173912,10.711428571428572,122,209,118,15,10
 Diourbel,40,1,Deuxième Session,NULL,8.8,NON ADMIS,1,2018,F,S2,LYCEE DE NDANGALMA,O,Académie de Diourbel,NDANGALMA,LYCEE DE NDANGALMA,2,Pass,ADM,2,2017,11.16,10.71,10.6,9.95,5,8,8,5,6,12,0.0,0.0,0.0,211,8.12,10.0,11.24,20,125.39999999999999,726,8.8,527,0,1,0,0,1,1,0,0,0,4,10.351333333333335,10.344999999999999,66,155,73,1,1
 Saint-Louis,60,1,Première Session,Assez-Bien,12.42,PASSE,1,2018,F,S2,LYCEE AMETH FALL,O,Académie de Saint - Louis,SAINT LOUIS,LYCEE TECHNIQUE ANDRE PEYTAVIN,2,Pass,ADM,1,2005,11.95,11.13,12.28,13.98,8,10,13,8,6,12,0.0,0.0,0.0,260,10.0,10.0,10.12,19,155.79999999999998,414,112.42,8,0,1,0,0,1,1,0,2,1,1,10.538157894736841,10.502380952380953,95,93,143,11,7
 Dakar,60,1,Première Session,Passable,10.39,PASSE,1,2018,M,S2,LYCEE SEYDINA LIMAMOULAYE,O,Académie de Pikine - Guédiawaye,GUEDIAWAYE,CEM JOSEPH CORREA A,1,Pass,ADM,1,2000,13.75,14.04,13.37,12.9,6,15,8,10,7,12,0.0,0.0,0.0,267,10.27,10.27,11.29,18,181.0,55,110.39,116,0,1,0,1,0,1,1,2,1,0,10.725974025974025,10.639425287356321,32,248,7,9,0
 Ziguinchor,60,1,Première Session,Passable,11.0,PASSE,1,2018,M,S2,LYCEE CHEIKH AMADOU LAMINE DABO,O,Académie de Thiès,MBOUR,COMPLEXE SCOLAIRE INTERN-KEUR MADIOR,2,Pass,ADM,1,1995,9.1,11.52,10.93,13.11,11,11,15,11,9,11,0.0,0.0,0.0,296,11.38,11.38,11.0,23,156.75,399,111.0,56,0,1,0,1,0,1,1,2,1,0,10.606013513513513,10.566285714285714,63,102,19,14,10
 Louga,60,1,Deuxième Session,Passable,10.09,PASSE,1,2018,M,S2,LYCEE DE SAGATA GUETT,O,Académie de Louga,SAGATTA GUET,LYCEE DE SAGATA GUETT,1,Pass,ADM,1,2010,14.97,15.2,12.54,13.59,11,10,9,9,12,14,0.0,0.0,0.0,298,11.46,11.46,11.71,19,188.0,35,10.09,347,0,1,0,1,0,1,1,2,0,0,10.643953488372093,10.71,94,180,94,7,5
 Saint-Louis,39,1,Deuxième Session,NULL,8.41,NON ADMIS,1,2018,M,S2,ECOLE KHADIM RASSOUL,O,Académie de Dakar,DAKAR,UNIVERSITE AMADOU HAMPATE BA,3,Pass,ADM,1,1996,11.08,9.3,10.74,11.33,7,12,6,10,8,15,0.0,0.0,0.0,281,10.81,10.81,11.59,22,160.20000000000002,328,8.41,560,0,1,0,1,0,1,1,0,0,4,10.54820754716981,10.512179487179488,11,38,147,0,7
 Dakar,60,1,Deuxième Session,Passable,10.16,PASSE,1,2018,F,S2,LYCEE SEYDINA LIMAMOULAYE,O,Académie de Pikine - Guédiawaye,GUEDIAWAYE,CEM OGO DIOP,3,Pass,ADM,1,1995,11.43,9.97,7.43,9.61,4,10,12,10,8,14,0.0,0.0,0.0,260,10.0,10.0,9.65,23,135.0,680,10.16,329,0,1,0,0,1,1,0,2,0,0,10.725974025974025,10.639425287356321,32,248,12,9,0
 Dakar,60,1,Deuxième Session,Passable,10.0,PASSE,1,2018,F,S2,LYCEE SEYDINA LIMAMOULAYE,O,Académie de Pikine - Guédiawaye,GUEDIAWAYE,CEM JOSEPH CORREA A,1,Pass,ADM,1,1999,11.0,11.52,9.85,9.87,6,9,8,10,8,16,0.0,0.0,0.0,260,10.0,10.0,10.59,19,175.0,112,10.0,367,0,1,0,0,1,1,0,2,0,0,10.725974025974025,10.639425287356321,32,248,7,9,0
 Louga,60,1,Deuxième Session,Passable,10.0,PASSE,1,2018,F,S2,LYCEE MALICK SALL,O,Académie de Louga,LOUGA,LYCEE MALICK SALL,3,Pass,ADM,2,1997,10.22,9.43,8.93,9.96,7,11,8,5,8,11,0.0,0.0,0.0,239,9.19,10.46,11.41,21,134.1,685,10.0,367,0,1,0,0,1,1,0,2,0,0,10.643953488372093,10.577333333333334,55,232,130,7,5
 Diourbel,60,1,Deuxième Session,Passable,11.36,PASSE,1,2018,F,S2,LYCEE EX CEM MBACKE 2,O,Académie de Diourbel,MBACKE,LYCEE DE MBACKE,1,Pass,ADM,1,1999,0.0,0.0,0.0,0.0,4,10,13,12,14,14,0.0,0.0,0.0,277,10.65,10.65,9.65,19,160.0,330,11.36,184,0,1,0,0,1,1,0,2,0,0,10.351333333333335,10.188333333333334,59,216,68,1,1
Kaffrine,60,1,Deuxième Session,Passable,10.9,PASSE,1,2018,M,S2,LYCEE DE BIRKILANE,O,Académie de Kaffrine,BIRKILANE,LYCEE DE BIRKILANE,2,Pass,ADM,1,2009,11.58,10.08,10.58,11.64,10,9,9,8,12,12,0.0,0.0,0.0,264,10.15,10.15,10.35,21,149.15,518,10.9,214,0,1,0,1,0,1,1,2,0,0,10.516153846153847,10.678,6,116,39,3,12
 Saint-Louis,60,1,Deuxième Session,Passable,10.0,PASSE,1,2018,M,S2,CANDIDAT INDIVIDUEL SAINT - LOUIS (CAOSP),I,Académie de Saint - Louis,SAINT LOUIS,LYCEE TECHNIQUE ANDRE PEYTAVIN,2,Pass,ADM,1,2001,0.0,0.0,0.0,0.0,8,6,12,12,10,17,0.0,0.0,0.0,274,10.54,10.54,10.47,19,165.29999999999998,254,10.0,367,0,1,0,1,0,1,1,2,0,0,10.538157894736841,10.502380952380953,95,10,143,11,7
